# s_m,x_m,y_m,psi_rad,kappa_radpm,vx_mps,ax_mps2,d_left_m,d_right_m
0.000000,-0.678532,-0.380566,0.585886,-3.232148,1.852583,0.000000,1.185018,1.185018
0.089033,-0.599286,-0.339984,0.435651,-0.897952,2.116500,0.000000,1.186580,1.186580
0.177791,-0.517462,-0.305591,0.426238,-0.133467,2.420277,0.000000,1.185915,1.185915
0.266722,-0.437560,-0.266548,0.411935,-0.268190,2.580909,0.000000,1.180926,1.180926
0.356697,-0.353669,-0.234025,0.378258,-0.642519,2.615662,0.000000,1.167666,1.167666
0.447551,-0.269520,-0.199770,0.295749,-0.472162,2.665723,0.000000,1.143927,1.143927
0.537906,-0.181046,-0.181429,0.292697,0.349173,2.780856,0.000000,1.112104,1.112104
0.626668,-0.098700,-0.148293,0.358292,-0.048288,2.874097,0.000000,1.077392,1.077392
0.715579,-0.014705,-0.119142,0.284118,-0.074239,2.846403,0.000000,1.043889,1.043889
0.805456,0.072708,-0.098239,0.345019,0.278212,2.687046,0.000000,1.012341,1.012341
0.894395,0.152540,-0.059035,0.333867,-0.708605,2.481134,0.000000,0.981578,0.981578
0.984605,0.240712,-0.039967,0.218073,-0.568178,2.341005,0.000000,0.951064,0.951064
1.074654,0.328528,-0.020037,0.231447,-0.574478,2.318433,0.000000,0.921227,0.921228
1.164460,0.415765,0.001288,0.114751,-0.701495,2.366731,0.000000,0.892514,0.892517
1.260609,0.511914,0.001100,0.101001,-0.067391,2.378328,0.000000,0.866293,0.866318
1.350857,0.600166,0.019976,0.102189,-0.543542,2.298963,0.000000,0.845332,0.845459
1.446918,0.696227,0.020000,-0.000266,-1.086397,2.204487,0.000000,0.830679,0.831062
1.542958,0.792266,0.019925,-0.106509,-0.578411,2.207991,0.000000,0.820766,0.821385
1.633068,0.880220,0.000329,-0.107937,0.563278,2.332339,0.000000,0.813655,0.813883
1.729003,0.976154,-0.000000,-0.001714,0.562170,2.511979,0.000000,0.807561,0.806587
1.825074,1.072225,0.000000,0.000002,0.008931,2.640839,0.000000,0.801462,0.799542
1.921144,1.168296,-0.000000,0.000002,-0.009184,2.616845,0.000000,0.795987,0.794298
2.017215,1.264367,0.000000,-0.001762,-0.562698,2.418150,0.000000,0.791723,0.790772
2.113146,1.360297,-0.000338,-0.108037,-0.597302,2.127338,0.000000,0.787928,0.787103
2.203254,1.448247,-0.019943,-0.112883,1.157201,1.864750,0.000000,0.784230,0.782587
2.299831,1.544814,-0.021256,0.107995,1.241556,1.733672,0.000000,0.781339,0.778356
2.389652,1.632087,-0.000012,0.118539,-1.161238,1.807766,0.000000,0.779230,0.775248
2.485971,1.728404,0.000609,-0.108158,-1.236738,2.085287,0.000000,0.776744,0.772780
2.575903,1.815948,-0.019976,-0.111804,0.196810,2.436573,0.000000,0.773116,0.769836
2.671961,1.912007,-0.020005,-0.071553,-0.080612,2.681692,0.000000,0.768663,0.765640
2.763482,2.002549,-0.033350,-0.126925,-0.415461,2.745834,0.000000,0.764453,0.760940
2.855971,2.094502,-0.043293,-0.148001,-0.425077,2.678199,0.000000,0.761632,0.757502
2.946600,2.183515,-0.060331,-0.204764,0.229623,2.562747,0.000000,0.760398,0.755947
3.036690,2.271424,-0.080035,-0.106504,1.137020,2.482032,0.000000,0.760062,0.755513
3.132775,2.367509,-0.080001,0.006920,-0.009301,2.498168,0.000000,0.760006,0.755400
3.229393,2.464118,-0.078702,-0.108297,-0.657401,2.612005,0.000000,0.760000,0.755245
3.319205,2.551370,-0.099991,-0.115639,0.312458,2.767876,0.000000,0.760000,0.754926
3.415273,2.647439,-0.099996,-0.050217,0.038436,2.898691,0.000000,0.760000,0.754516
3.507911,2.739593,-0.109451,-0.108386,-0.008330,2.965610,0.000000,0.760000,0.754198
3.600217,2.831294,-0.120002,-0.051757,0.001010,2.968084,0.000000,0.760000,0.754060
3.696625,2.927698,-0.119195,-0.108195,-0.343953,2.920914,0.000000,0.760000,0.754076
3.786523,3.015162,-0.139973,-0.115838,-0.001583,2.844176,0.000000,0.760000,0.754274
3.882367,3.111005,-0.140525,-0.108489,-0.515074,2.773974,0.000000,0.760000,0.754715
3.972501,3.199010,-0.159997,-0.211630,-0.000277,2.745930,0.000000,0.760000,0.755285
4.062836,3.287444,-0.178432,-0.108539,0.501142,2.758335,0.000000,0.760002,0.755727
4.158258,3.382853,-0.180030,-0.118539,-0.005776,2.766145,0.000000,0.760021,0.755932
4.248256,3.470553,-0.200240,-0.109610,0.060791,2.727859,0.000000,0.760138,0.755990
4.344321,3.566618,-0.200254,-0.107228,-0.638784,2.659978,0.000000,0.760582,0.756010
4.434396,3.654493,-0.220039,-0.228513,-0.002540,2.625664,0.000000,0.761694,0.756069
4.524261,3.741875,-0.241014,-0.107685,0.660311,2.668409,0.000000,0.763723,0.756290
4.620791,3.838399,-0.239920,-0.105435,-0.006721,2.759861,0.000000,0.766692,0.756848
4.710725,3.925948,-0.260494,-0.108938,-0.000888,2.814140,0.000000,0.770156,0.757977
4.806992,4.022213,-0.260024,-0.105600,0.003738,2.778626,0.000000,0.773205,0.760150
4.897031,4.110008,-0.280004,-0.108242,0.604404,2.696803,0.000000,0.775356,0.763781
4.993102,4.206079,-0.280004,0.006885,-0.000479,2.653735,0.000000,0.776963,0.768142
5.089731,4.302699,-0.278677,-0.108334,-0.625984,2.693840,0.000000,0.778350,0.771586
5.179538,4.389937,-0.300001,-0.109820,0.000486,2.798502,0.000000,0.779346,0.773376
5.276054,4.486448,-0.298938,-0.108244,-0.024620,2.908299,0.000000,0.779829,0.774141
5.365908,4.573803,-0.319981,-0.114409,-0.004049,2.974661,0.000000,0.780031,0.774698
5.461965,4.669860,-0.320014,-0.108996,0.033994,2.996833,0.000000,0.780398,0.775284
5.551986,4.757612,-0.340095,-0.108083,-0.026952,3.000000,0.000000,0.781615,0.775726
5.648110,4.853737,-0.339966,-0.114013,-0.000271,3.000000,0.000000,0.784226,0.775932
5.737948,4.941053,-0.361101,-0.108134,0.045203,3.000000,0.000000,0.787607,0.775989
5.834512,5.037610,-0.359926,-0.105588,0.035998,3.000000,0.000000,0.790292,0.775999
5.924427,5.125114,-0.380608,-0.101421,0.003274,3.000000,0.000000,0.791752,0.776000
6.021311,5.221980,-0.378690,-0.104976,-0.086042,2.997338,0.000000,0.792585,0.776000
6.111119,5.309221,-0.400006,-0.117484,-0.019897,2.978700,0.000000,0.793242,0.776000
6.207064,5.405165,-0.400311,-0.108672,0.067700,2.923570,0.000000,0.793646,0.776000
6.297145,5.493054,-0.420063,-0.104890,0.003823,2.835859,0.000000,0.793632,0.776000
6.393370,5.589278,-0.419693,-0.107960,-0.558140,2.760979,0.000000,0.793208,0.776000
6.483352,5.676941,-0.439992,-0.208819,-0.003376,2.745606,0.000000,0.792594,0.776000
6.573961,5.765915,-0.457124,-0.108569,0.472917,2.793832,0.000000,0.792111,0.776000
6.668872,5.860782,-0.460031,-0.121084,0.004657,2.873405,0.000000,0.791863,0.776000
6.759028,5.948837,-0.479382,-0.107707,0.055912,2.944690,0.000000,0.791650,0.776000
6.854880,6.044687,-0.479916,-0.110684,-0.004920,2.984958,0.000000,0.791009,0.776000
6.944937,6.132522,-0.499797,-0.108622,0.016831,2.997109,0.000000,0.789329,0.776000
7.040939,6.228524,-0.499963,-0.107552,0.000157,2.991911,0.000000,0.786468,0.776000
7.131032,6.316439,-0.519654,-0.108593,0.174970,2.967923,0.000000,0.783352,0.775999
7.226957,6.412364,-0.520006,-0.075005,0.003030,2.913250,0.000000,0.781189,0.775987
7.318398,6.502780,-0.533656,-0.108025,-0.399257,2.823229,0.000000,0.780147,0.775906
7.412075,6.596245,-0.539947,-0.148914,-0.003159,2.728125,0.000000,0.779443,0.775546
7.501961,6.683680,-0.560796,-0.108605,0.723797,2.688491,0.000000,0.778230,0.774443
7.598368,6.780084,-0.559992,-0.014076,0.001479,2.715830,0.000000,0.775997,0.772034
7.693056,6.874707,-0.563485,-0.108322,-0.366580,2.730334,0.000000,0.772493,0.768160
7.783805,6.963943,-0.579986,-0.082053,-0.001560,2.667416,0.000000,0.768022,0.763491
7.880389,7.060519,-0.578766,-0.108615,-0.840581,2.572633,0.000000,0.763758,0.759164
7.970204,7.147781,-0.600033,-0.238737,0.002929,2.524546,0.000000,0.760596,0.755773
8.060029,7.235065,-0.621246,-0.108088,0.698670,2.533221,0.000000,0.757899,0.752666
8.156630,7.331658,-0.619985,-0.108487,-0.001846,2.562068,0.000000,0.754296,0.748492
8.246443,7.418912,-0.641270,-0.108433,0.622432,2.589297,0.000000,0.749184,0.742851
8.343049,7.515509,-0.639999,0.007546,-0.002327,2.625249,0.000000,0.743007,0.736337
8.439196,7.611656,-0.639816,-0.108881,-0.606533,2.696184,0.000000,0.736364,0.729147
8.529181,7.699327,-0.660093,-0.105350,0.003682,2.805105,0.000000,0.729782,0.722000
8.625592,7.795735,-0.659280,-0.108195,-0.035291,2.911981,0.000000,0.724260,0.716678
8.715489,7.883196,-0.680065,-0.111925,-0.009883,2.975750,0.000000,0.720199,0.713491
8.811622,7.979329,-0.679915,-0.110033,0.006036,2.994408,0.000000,0.716273,0.710644
8.901578,8.066929,-0.700364,-0.110802,0.019286,2.979518,0.000000,0.711186,0.706554
8.997654,8.163005,-0.700351,-0.106445,0.050265,2.927768,0.000000,0.705816,0.701721
9.087750,8.250927,-0.720024,-0.101444,-0.009209,2.848616,0.000000,0.702055,0.697925
9.184200,8.347373,-0.719118,-0.108163,-0.545748,2.774450,0.000000,0.700312,0.695830
9.274082,8.434799,-0.739990,-0.203134,0.033000,2.708920,0.000000,0.699657,0.694802
9.365040,8.524410,-0.755583,-0.102195,0.366659,2.633290,0.000000,0.699342,0.694304
9.459799,8.619111,-0.758891,-0.135040,-0.702911,2.588523,0.000000,0.699172,0.694212
9.549591,8.706314,-0.780298,-0.231918,-0.472487,2.646534,0.000000,0.699141,0.694610
9.639640,8.794131,-0.800225,-0.220013,0.050821,2.788427,0.000000,0.699311,0.695689
9.729788,8.882166,-0.819624,-0.222761,-0.020398,2.914119,0.000000,0.699890,0.697454
9.819754,8.969791,-0.840016,-0.223687,-0.023571,2.948962,0.000000,0.701219,0.699770
9.909872,9.057761,-0.859571,-0.227005,0.005300,2.869483,0.000000,0.703795,0.702952
9.999740,9.145154,-0.880522,-0.222733,-0.207155,2.701909,0.000000,0.708427,0.707963
10.089996,9.233423,-0.899357,-0.264319,-0.698390,2.550114,0.000000,0.716127,0.715921
10.178995,9.317926,-0.927284,-0.347922,-0.661595,2.506348,0.000000,0.727831,0.727765
10.267764,9.400470,-0.959940,-0.381929,0.001722,2.491331,0.000000,0.743860,0.743846
10.356523,9.482661,-0.993449,-0.347616,0.096500,2.336738,0.000000,0.763091,0.763089
10.445601,9.567540,-1.020475,-0.364768,-2.362388,2.062598,0.000000,0.782504,0.782504
10.535336,9.649445,-1.057137,-0.770043,-4.733570,1.893957,0.000000,0.797843,0.797843
10.624540,9.688197,-1.137483,-1.211785,-2.452478,1.960064,0.000000,0.806543,0.806543
10.713984,9.711957,-1.223714,-1.208173,-0.204038,2.157047,0.000000,0.809694,0.809694
10.802925,9.751196,-1.303531,-1.248183,-0.816358,2.353103,0.000000,0.809495,0.809495
10.893524,9.768376,-1.392486,-1.354742,-0.526263,2.539514,0.000000,0.805805,0.805805
10.983305,9.789853,-1.479660,-1.343110,0.047723,2.708910,0.000000,0.795761,0.795761
11.073501,9.808997,-1.567801,-1.346153,0.003962,2.753133,0.000000,0.776959,0.776959
11.163368,9.829961,-1.655188,-1.342397,0.036377,2.580558,0.000000,0.751994,0.751994
11.253444,9.849739,-1.743067,-1.339607,-0.659317,2.263503,0.000000,0.728248,0.728250
11.343232,9.871173,-1.830259,-1.460985,-1.272550,2.006801,0.000000,0.711415,0.711425
11.439797,9.869998,-1.926816,-1.576750,-1.166920,1.968636,0.000000,0.701071,0.701114
11.535877,9.870026,-2.022897,-1.685786,-0.551401,2.130682,0.000000,0.693488,0.693599
11.625703,9.848819,-2.110184,-1.679259,0.612325,2.336273,0.000000,0.686930,0.687129
11.722273,9.850006,-2.206746,-1.571651,0.000992,2.415036,0.000000,0.682394,0.682662
11.817794,9.848655,-2.302257,-1.679069,-0.509970,2.289523,0.000000,0.680356,0.680655
11.908089,9.830021,-2.390609,-1.666412,-0.769138,2.023920,0.000000,0.679793,0.680101
12.004541,9.830931,-2.487057,-1.822704,-2.592483,1.776645,0.000000,0.679687,0.679996
12.094188,9.785333,-2.564240,-2.148869,-2.533606,1.695490,0.000000,0.679549,0.679858
12.185326,9.732245,-2.638320,-2.280740,-1.523889,1.842640,0.000000,0.678742,0.679041
12.281398,9.663761,-2.705697,-2.434156,-0.740896,2.149222,0.000000,0.675581,0.675849
12.372815,9.590113,-2.759855,-2.419650,0.012744,2.434222,0.000000,0.667690,0.667890
12.469683,9.522963,-2.829671,-2.431756,0.316677,2.567332,0.000000,0.654608,0.654719
12.560477,9.448462,-2.881567,-2.360221,0.921041,2.598754,0.000000,0.639188,0.639240
12.651573,9.395750,-2.955864,-2.264228,0.349413,2.637077,0.000000,0.624907,0.624971
12.746910,9.329630,-3.024545,-2.295079,0.181320,2.692570,0.000000,0.613173,0.613367
12.839486,9.271353,-3.096477,-2.230155,0.575815,2.719141,0.000000,0.603576,0.603991
12.930972,9.216898,-3.169992,-2.189093,0.211537,2.671660,0.000000,0.595433,0.595968
13.021650,9.165781,-3.244889,-2.191621,0.335527,2.508733,0.000000,0.588228,0.588643
13.113253,9.110889,-3.318223,-2.127933,0.804044,2.286427,0.000000,0.580929,0.581121
13.202271,9.070635,-3.397620,-2.046394,1.086580,2.184682,0.000000,0.573411,0.573454
13.291383,9.029330,-3.476581,-1.934380,0.715067,2.301225,0.000000,0.567347,0.567277
13.381105,9.007479,-3.563601,-1.918516,0.251470,2.506786,0.000000,0.563494,0.563113
13.470010,8.968780,-3.643642,-1.889461,0.063032,2.605591,0.000000,0.560621,0.559419
13.560633,8.951711,-3.732643,-1.907200,-0.690277,2.545710,0.000000,0.557686,0.555197
13.649776,8.910090,-3.811473,-2.013549,-0.027649,2.418755,0.000000,0.554740,0.551332
13.738536,8.875563,-3.893242,-1.912119,1.046173,2.356068,0.000000,0.552044,0.548908
13.827826,8.850591,-3.978969,-1.827278,0.640925,2.422582,0.000000,0.549851,0.547824
13.917776,8.830110,-4.066557,-1.797239,0.155358,2.520115,0.000000,0.548419,0.547382
14.007825,8.810179,-4.154372,-1.799314,-0.033547,2.464724,0.000000,0.547600,0.546992
14.097714,8.789348,-4.241814,-1.803276,0.688635,2.223701,0.000000,0.546842,0.546062
14.187643,8.768751,-4.329353,-1.675485,1.281251,1.973886,0.000000,0.545582,0.543808
14.284240,8.770002,-4.425942,-1.564288,0.915555,1.901930,0.000000,0.543727,0.539864
14.380308,8.770005,-4.522010,-1.499089,1.123666,2.039821,0.000000,0.541865,0.535311
14.471815,8.783404,-4.612530,-1.353517,0.407094,2.294178,0.000000,0.540669,0.532014
14.561049,8.808869,-4.698053,-1.425511,-0.558670,2.553777,0.000000,0.540264,0.530691
14.656693,8.809911,-4.793692,-1.456803,0.201094,2.731658,0.000000,0.540476,0.530906
14.746736,8.829871,-4.881495,-1.388170,0.063501,2.758853,0.000000,0.541188,0.532220
14.838348,8.842875,-4.972179,-1.445267,0.103144,2.639272,0.000000,0.542132,0.534129
14.930807,8.852913,-5.064092,-1.369184,0.954467,2.498395,0.000000,0.542864,0.535895
15.019966,8.879081,-5.149324,-1.271919,0.495544,2.471305,0.000000,0.543203,0.537079
15.109107,8.905413,-5.234487,-1.280829,0.409651,2.556431,0.000000,0.543277,0.537677
15.198431,8.930106,-5.320330,-1.198811,0.451971,2.652482,0.000000,0.543159,0.537798
15.287416,8.969948,-5.399898,-1.200239,-0.017471,2.697599,0.000000,0.542625,0.537361
15.376768,8.994406,-5.485837,-1.201927,0.497257,2.716365,0.000000,0.541240,0.535965
15.465733,9.033971,-5.565520,-1.111569,0.423411,2.743639,0.000000,0.538850,0.533432
15.554678,9.073265,-5.645314,-1.126598,-0.054240,2.736853,0.000000,0.536003,0.530555
15.643500,9.110357,-5.726021,-1.121212,0.282433,2.615594,0.000000,0.533626,0.528611
15.732512,9.150537,-5.805449,-1.076372,0.653325,2.391514,0.000000,0.532276,0.528162
15.821998,9.195030,-5.883090,-1.004594,0.724781,2.191097,0.000000,0.531905,0.529026
15.912920,9.247213,-5.957545,-0.945615,0.793200,2.135394,0.000000,0.532502,0.530943
16.004439,9.301792,-6.031009,-0.859882,0.843160,2.236037,0.000000,0.534811,0.534220
16.100281,9.369170,-6.099171,-0.787640,-0.023183,2.409293,0.000000,0.540317,0.540170
16.196404,9.437227,-6.167051,-0.864333,-0.667275,2.549278,0.000000,0.550439,0.550416
16.287544,9.490318,-6.241131,-0.912595,-0.032045,2.555711,0.000000,0.565715,0.565713
16.380484,9.549755,-6.312582,-0.870231,0.181027,2.368089,0.000000,0.586102,0.586098
16.473821,9.610400,-6.383533,-0.878874,-1.272790,2.074272,0.000000,0.611759,0.611721
16.566276,9.668279,-6.455629,-1.106706,-3.163185,1.888083,0.000000,0.642428,0.642200
16.656009,9.690060,-6.542678,-1.455166,-1.915072,1.899234,0.000000,0.675700,0.674884
16.752283,9.689572,-6.638951,-1.462921,-0.025508,1.971712,0.000000,0.706596,0.704843
16.842247,9.709975,-6.726570,-1.459917,-1.197990,1.989844,0.000000,0.729966,0.727703
16.938316,9.710023,-6.822640,-1.685788,-1.179996,2.018755,0.000000,0.743723,0.741962
17.028139,9.688798,-6.909919,-1.679269,0.648051,2.114477,0.000000,0.749811,0.748913
17.124716,9.690002,-7.006489,-1.564991,0.012642,2.205009,0.000000,0.752246,0.751535
17.220751,9.689916,-7.102524,-1.676834,-1.237389,2.268235,0.000000,0.754822,0.753100
17.310879,9.670415,-7.190517,-1.795347,-0.664512,2.379260,0.000000,0.759985,0.756527
17.400810,9.649823,-7.278058,-1.796485,0.005128,2.503139,0.000000,0.767871,0.763766
17.490902,9.630130,-7.365972,-1.794424,-0.019410,2.495271,0.000000,0.776907,0.774182
17.580894,9.609887,-7.453657,-1.799981,-0.677237,2.345067,0.000000,0.786574,0.785660
17.670818,9.589256,-7.541182,-1.916270,-1.303587,2.178434,0.000000,0.798682,0.798591
17.759781,9.549705,-7.620870,-2.033176,-0.092628,2.033284,0.000000,0.815299,0.815330
17.848766,9.509878,-7.700444,-1.932753,-1.370865,1.864852,0.000000,0.835429,0.835440
17.939384,9.486432,-7.787977,-2.279386,-4.344040,1.734565,0.000000,0.854716,0.854717
18.029455,9.403913,-7.824079,-2.717673,-3.079482,1.791076,0.000000,0.868809,0.868809
18.118301,9.323363,-7.861567,-2.830358,-1.120875,2.068675,0.000000,0.876317,0.876317
18.208926,9.234358,-7.878623,-2.918838,-0.207959,2.417303,0.000000,0.878751,0.878751
18.298512,9.147703,-7.901356,-2.867834,-0.055532,2.659698,0.000000,0.877687,0.877687
18.387731,9.062237,-7.926956,-2.928767,-0.528451,2.754702,0.000000,0.872467,0.872467
18.479477,8.971348,-7.939466,-2.963465,0.080516,2.755556,0.000000,0.861517,0.861518
18.569571,8.883429,-7.959148,-2.914126,-0.154557,2.708194,0.000000,0.845601,0.845606
18.659448,8.796017,-7.980051,-2.991281,-0.650853,2.669314,0.000000,0.828063,0.828115
18.753059,8.702630,-7.986531,-3.033550,-0.425415,2.691781,0.000000,0.811672,0.811991
18.844549,8.612137,-7.999995,-3.070025,-0.002790,2.731504,0.000000,0.796859,0.798091
18.940656,8.516030,-7.999908,-3.034073,0.200377,2.703199,0.000000,0.783107,0.786146
19.030703,8.428218,-8.019846,-3.032724,-0.573595,2.637950,0.000000,0.770873,0.775936
19.126710,8.332211,-8.020000,-3.140793,-0.566782,2.651451,0.000000,0.761542,0.767878
19.222781,8.236140,-8.020000,-3.141591,-0.004160,2.766307,0.000000,0.755923,0.762845
19.318851,8.140070,-8.020000,3.141593,-0.000010,2.876740,0.000000,0.753323,0.760691
19.414922,8.043999,-8.020000,-3.141593,0.000006,2.874635,0.000000,0.752364,0.760107
19.510993,7.947928,-8.020000,-3.141591,-0.009164,2.743569,0.000000,0.752077,0.760011
19.607064,7.851857,-8.020000,3.139832,-0.565715,2.554292,0.000000,0.752021,0.760007
19.702995,7.755927,-8.019662,3.032975,-0.562817,2.401410,0.000000,0.752107,0.760068
19.793084,7.668020,-7.999953,3.035136,0.584705,2.326525,0.000000,0.752680,0.760451
19.889174,7.571930,-8.000000,-3.141350,0.553348,2.292921,0.000000,0.754734,0.761913
19.985245,7.475859,-8.000000,3.141468,-0.538712,2.236085,0.000000,0.759150,0.765384
20.081306,7.379798,-7.999976,3.038332,-0.582931,2.134875,0.000000,0.764850,0.770570
20.171516,7.291626,-7.980908,3.032885,1.106304,2.032734,0.000000,0.769266,0.775499
20.267252,7.195895,-7.979905,-3.039140,0.598435,2.000995,0.000000,0.771320,0.778498
20.357267,7.108101,-7.999777,-3.139141,-1.170828,2.088814,0.000000,0.771895,0.779664
20.447275,7.020218,-7.980336,3.033270,-0.599413,2.280438,0.000000,0.772000,0.779951
20.543122,6.924372,-7.979796,3.032640,0.049506,2.493853,0.000000,0.772067,0.779996
20.633238,6.836406,-7.960229,3.042477,0.566815,2.643555,0.000000,0.772274,0.780002
20.729565,6.740087,-7.961471,3.138318,-0.208606,2.687184,0.000000,0.772718,0.780023
20.808880,6.660793,-7.959654,3.005837,-0.052918,2.638719,0.000000,0.773317,0.780155
20.899217,6.572934,-7.938638,3.129341,0.802635,2.588016,0.000000,0.773937,0.780677
20.987826,6.486360,-7.957517,-3.133720,-0.458880,2.630581,0.000000,0.774816,0.781990
21.078333,6.397561,-7.940019,3.047148,-0.110274,2.743753,0.000000,0.776543,0.784228
21.174398,6.301496,-7.940006,3.128891,-0.072363,2.829831,0.000000,0.779496,0.787151
21.269499,6.206425,-7.937591,3.033315,-0.440362,2.850760,0.000000,0.783480,0.790600
21.360013,6.117633,-7.920019,3.047153,-0.015614,2.823428,0.000000,0.787574,0.794300
21.456108,6.021538,-7.920079,3.030401,-0.077131,2.751918,0.000000,0.790601,0.797381
21.546044,5.933985,-7.899515,3.032804,0.612863,2.624173,0.000000,0.792304,0.799149
21.642317,5.837713,-7.900001,-3.138664,-0.012233,2.418269,0.000000,0.793221,0.799813
21.738420,5.741610,-7.900078,3.030451,-0.663602,2.132944,0.000000,0.793718,0.799968
21.828354,5.654061,-7.879506,3.021068,-1.338531,1.853763,0.000000,0.793893,0.799927
21.923974,5.558455,-7.877896,2.782082,-3.268174,1.710199,0.000000,0.793623,0.799430
22.021264,5.483797,-7.815513,2.390602,-1.830792,1.731704,0.000000,0.791681,0.796862
22.118438,5.416513,-7.745401,2.426058,0.592926,1.826220,0.000000,0.784046,0.787901
22.213111,5.339609,-7.690185,2.504354,0.925318,1.913214,0.000000,0.763961,0.766106
22.304991,5.266589,-7.634418,2.598679,1.065973,1.980809,0.000000,0.727145,0.727966
22.393810,5.185849,-7.597406,2.696974,0.478231,2.005232,0.000000,0.677868,0.678072
22.482766,5.106116,-7.557963,2.683697,0.688270,1.955161,0.000000,0.626773,0.626806
22.571704,5.026281,-7.518766,2.819413,1.343330,1.904556,0.000000,0.581868,0.581889
22.662309,4.937315,-7.501615,2.924882,1.137533,1.983975,0.000000,0.544450,0.544557
22.752067,4.850198,-7.479999,3.024582,0.591201,2.173377,0.000000,0.513352,0.513741
22.848171,4.754094,-7.480078,3.034764,0.044152,2.281394,0.000000,0.488403,0.489286
22.938242,4.666228,-7.460270,3.032802,0.574882,2.193263,0.000000,0.470319,0.471644
23.034201,4.570269,-7.460000,-3.141476,1.137182,2.037473,0.000000,0.459504,0.461034
23.130151,4.474320,-7.460292,-3.032148,1.181846,2.019220,0.000000,0.454498,0.456161
23.220205,4.386493,-7.480194,-2.921648,0.631648,2.142385,0.000000,0.452767,0.454589
23.310350,4.298463,-7.499607,-2.918326,0.150913,2.204968,0.000000,0.452850,0.454731
23.400303,4.210868,-7.520070,-2.894469,0.691045,2.073716,0.000000,0.455415,0.457132
23.489791,4.124500,-7.543494,-2.794324,1.315089,1.854683,0.000000,0.463250,0.464534
23.578631,4.043758,-7.580553,-2.659951,1.429714,1.738967,0.000000,0.479439,0.480154
23.671720,3.963471,-7.627664,-2.534217,1.216605,1.760381,0.000000,0.504668,0.504941
23.765014,3.891160,-7.686612,-2.433197,-0.484998,1.787890,0.000000,0.537173,0.537241
23.866312,3.815738,-7.754234,-2.628593,-2.921365,1.729515,0.000000,0.574800,0.574810
23.960480,3.725192,-7.780102,-3.004223,-1.885539,1.657231,0.000000,0.614889,0.614890
24.056562,3.629110,-7.780033,-2.987317,2.121186,1.698718,0.000000,0.651985,0.651985
24.150814,3.539417,-7.808992,-2.600489,2.850132,1.854932,0.000000,0.679030,0.679030
24.252676,3.465062,-7.878615,-2.428365,0.243913,1.990460,0.000000,0.693064,0.693064
24.345563,3.392262,-7.936304,-2.552987,-1.248106,2.005887,0.000000,0.696404,0.696404
24.434870,3.314052,-7.979420,-2.655763,-0.748638,1.940882,0.000000,0.690402,0.690402
24.523879,3.234605,-8.019554,-2.686481,-0.788421,1.886256,0.000000,0.672347,0.672347
24.612747,3.154294,-8.057601,-2.796004,-1.200503,1.877946,0.000000,0.641325,0.641325
24.702421,3.067400,-8.079754,-2.900821,-0.670941,1.900853,0.000000,0.602807,0.602809
24.792338,2.979890,-8.100424,-2.916499,-0.748681,1.954215,0.000000,0.564393,0.564414
24.882463,2.891903,-8.119939,-3.035615,-1.207352,2.075466,0.000000,0.530997,0.531131
24.978508,2.795858,-8.120000,-3.141273,-0.551671,2.254594,0.000000,0.504358,0.504896
25.074579,2.699787,-8.120000,3.141585,0.006087,2.376431,0.000000,0.484332,0.485740
25.170649,2.603717,-8.119999,-3.140103,-0.565890,2.345783,0.000000,0.470803,0.473336
25.266840,2.507527,-8.120286,3.032787,-0.703934,2.214944,0.000000,0.463581,0.467008
25.356809,2.419893,-8.099918,3.012038,-0.658679,2.112227,0.000000,0.461068,0.465037
25.451539,2.325224,-8.096535,2.911129,-1.042641,2.091904,0.000000,0.461417,0.465912
25.540389,2.244771,-8.058829,2.820630,-0.477083,2.095014,0.000000,0.464468,0.469560
25.630724,2.156339,-8.040388,2.825643,-0.577862,2.063074,0.000000,0.471626,0.476696
25.719537,2.075544,-8.003509,2.717107,-1.341067,2.058725,0.000000,0.484507,0.488338
25.808330,1.994496,-7.967241,2.587461,-0.897127,2.179545,0.000000,0.503993,0.506011
25.900925,1.922613,-7.908874,2.554379,-0.088889,2.368924,0.000000,0.530171,0.530882
25.992566,1.841817,-7.865629,2.571085,-0.525486,2.443719,0.000000,0.562158,0.562322
26.087257,1.766266,-7.808548,2.456465,-0.179976,2.321420,0.000000,0.598311,0.598335
26.182437,1.694899,-7.745571,2.536912,2.322502,2.121904,0.000000,0.637537,0.637540
26.271514,1.615814,-7.704582,2.884402,2.938265,1.997820,0.000000,0.677237,0.677237
26.365798,1.521641,-7.700001,3.075674,-0.367712,1.948841,0.000000,0.710151,0.710151
26.459458,1.428306,-7.692204,2.815292,-3.471500,1.900731,0.000000,0.729721,0.729721
26.552442,1.350076,-7.641944,2.427738,-2.731379,1.849878,0.000000,0.736836,0.736836
26.655065,1.281820,-7.565310,2.281014,-0.532610,1.815162,0.000000,0.735541,0.735541
26.758381,1.215824,-7.485820,2.318053,1.194071,1.802751,0.000000,0.725599,0.725599
26.854037,1.146809,-7.419586,2.518600,1.908837,1.868655,0.000000,0.702972,0.702972
26.943064,1.067456,-7.379227,2.670581,0.921389,2.031518,0.000000,0.666074,0.666074
27.032098,0.988137,-7.338784,2.682663,0.052080,2.155792,0.000000,0.619578,0.619578
27.120983,0.907959,-7.300417,2.679847,0.585314,2.120964,0.000000,0.571347,0.571347
27.210058,0.828832,-7.259510,2.786826,1.984220,2.035487,0.000000,0.527484,0.527484
27.299953,0.741378,-7.238709,3.034962,1.368009,2.087540,0.000000,0.491414,0.491414
27.396489,0.644848,-7.239817,3.041865,-0.003733,2.269475,0.000000,0.464644,0.464644
27.486604,0.556883,-7.220248,3.034265,0.528984,2.419288,0.000000,0.446806,0.446806
27.582572,0.460915,-7.220000,3.140300,0.558877,2.425491,0.000000,0.436209,0.436209
27.678643,0.364844,-7.220000,3.141591,-0.015031,2.278583,0.000000,0.430775,0.430774
27.774714,0.268773,-7.219999,3.137412,1.114038,2.053016,0.000000,0.428657,0.428647
27.871121,0.172370,-7.219195,-2.927166,1.875645,1.874930,0.000000,0.428982,0.428924
27.960059,0.092530,-7.258381,-2.798133,0.800607,1.801961,0.000000,0.432939,0.432734
28.049976,0.005019,-7.279046,-2.783973,0.742902,1.791788,0.000000,0.443504,0.443062
28.139109,-0.073857,-7.320557,-2.665116,1.463960,1.823734,0.000000,0.462764,0.462194
28.228125,-0.153282,-7.360751,-2.523171,1.472402,1.897472,0.000000,0.490632,0.490190
28.324819,-0.223610,-7.427111,-2.391676,-0.172373,1.933641,0.000000,0.526484,0.526279
28.426729,-0.298607,-7.496113,-2.557405,-2.601756,1.882850,0.000000,0.569838,0.569785
28.522186,-0.386011,-7.534486,-2.905178,-3.479641,1.880859,0.000000,0.619439,0.619481
28.617523,-0.481182,-7.540099,3.061888,-1.872888,2.091797,0.000000,0.671937,0.672263
28.707522,-0.568881,-7.519879,3.030895,-0.152152,2.458108,0.000000,0.721176,0.722493
28.803511,-0.664870,-7.519681,3.033589,0.034307,2.760568,0.000000,0.759430,0.762872
28.893594,-0.752764,-7.499942,3.037278,0.000638,2.865228,0.000000,0.781893,0.788077
28.989857,-0.849025,-7.500401,3.033708,-0.033809,2.810496,0.000000,0.791058,0.799351
29.079825,-0.936655,-7.480025,3.030982,0.579293,2.698704,0.000000,0.793503,0.802693
29.175885,-1.032716,-7.480000,3.141473,0.281649,2.584586,0.000000,0.793775,0.802945
29.271957,-1.128787,-7.480002,3.085096,-0.577420,2.486635,0.000000,0.793043,0.801776
29.364242,-1.220459,-7.469382,3.032712,-0.560324,2.449431,0.000000,0.790550,0.799101
29.456874,-1.312606,-7.459909,2.981482,-0.599489,2.502182,0.000000,0.785565,0.794754
29.546982,-1.400553,-7.440298,2.923162,-0.360135,2.560460,0.000000,0.779434,0.789808
29.637120,-1.488568,-7.420850,2.916570,-0.005585,2.487431,0.000000,0.774907,0.786196
29.727027,-1.576055,-7.400126,2.922156,-0.651730,2.297808,0.000000,0.773379,0.784788
29.817349,-1.664461,-7.381621,2.799109,-1.417047,2.187638,0.000000,0.775066,0.785464
29.906450,-1.743472,-7.340436,2.667906,-0.698432,2.271626,0.000000,0.780810,0.788889
29.995452,-1.822950,-7.300377,2.674716,0.019778,2.389551,0.000000,0.791774,0.796925
30.084455,-1.902427,-7.260316,2.671426,-0.160229,2.309281,0.000000,0.808464,0.811236
30.173508,-1.981684,-7.219712,2.646186,-2.470192,2.058913,0.000000,0.829721,0.831010
30.264127,-2.060460,-7.174922,2.227603,-5.018899,1.896122,0.000000,0.851700,0.852174
30.355394,-2.084169,-7.086788,1.733318,-2.791434,1.967252,0.000000,0.869586,0.869708
30.449148,-2.090251,-6.993231,1.711127,-0.302256,2.168306,0.000000,0.880720,0.880744
30.539266,-2.109811,-6.905262,1.677742,-0.748729,2.358997,0.000000,0.885742,0.885786
30.635258,-2.110000,-6.809270,1.571781,-0.556837,2.518735,0.000000,0.886915,0.887186
30.731329,-2.110000,-6.713199,1.570794,-0.005123,2.635560,0.000000,0.885544,0.886629
30.827399,-2.110000,-6.617129,1.570797,-0.008640,2.640456,0.000000,0.881515,0.884343
30.923470,-2.110000,-6.521058,1.569134,-0.566090,2.528726,0.000000,0.874941,0.880013
31.019409,-2.109681,-6.425119,1.462102,-0.563910,2.395631,0.000000,0.867021,0.873838
31.109492,-2.089940,-6.337226,1.464234,0.585515,2.301909,0.000000,0.859699,0.867354
31.205588,-2.090000,-6.241130,1.571113,0.545323,2.202739,0.000000,0.854909,0.862793
31.301659,-2.090000,-6.145059,1.569027,-0.552413,2.048946,0.000000,0.853290,0.861018
31.397589,-2.089660,-6.049129,1.465049,-1.310850,1.906354,0.000000,0.854704,0.861705
31.487776,-2.070465,-5.961010,1.325056,-1.305110,1.894179,0.000000,0.859634,0.865208
31.577128,-2.046005,-5.875071,1.230732,-0.773754,1.990804,0.000000,0.868323,0.872447
31.665890,-2.011173,-5.793428,1.187239,-0.294406,2.018647,0.000000,0.879790,0.883220
31.754686,-1.979572,-5.710446,1.178457,-1.329475,1.886437,0.000000,0.892586,0.895579
31.843563,-1.943267,-5.629322,0.951027,-3.510748,1.731994,0.000000,0.904993,0.907007
31.941217,-1.873169,-5.561332,0.523592,-3.890955,1.762277,0.000000,0.914709,0.915592
32.030857,-1.786416,-5.538765,0.222275,-1.702875,2.017995,0.000000,0.920170,0.920409
32.121462,-1.697449,-5.521617,0.216657,0.051729,2.314183,0.000000,0.921535,0.921575
32.211222,-1.610329,-5.500007,0.231605,-0.042129,2.422918,0.000000,0.918870,0.918874
32.301318,-1.522407,-5.480336,0.209080,-0.671967,2.338478,0.000000,0.910877,0.910878
32.391784,-1.433711,-5.462531,0.110274,-1.055597,2.283240,0.000000,0.897575,0.897575
32.486837,-1.338691,-5.459994,0.013247,-0.577124,2.415895,0.000000,0.882350,0.882350
32.582910,-1.242618,-5.460000,-0.000030,-0.068940,2.643745,0.000000,0.868589,0.868589
32.678981,-1.146547,-5.460000,0.000000,0.000154,2.756294,0.000000,0.856393,0.856393
32.775052,-1.050477,-5.460000,-0.000001,0.002569,2.662346,0.000000,0.845009,0.845009
32.871122,-0.954406,-5.460000,0.000494,-0.565125,2.474887,0.000000,0.835772,0.835772
32.967232,-0.858296,-5.459905,-0.108607,-1.197882,2.383429,0.000000,0.830350,0.830349
33.057243,-0.770567,-5.480045,-0.222457,0.003734,2.460328,0.000000,0.828343,0.828334
33.147353,-0.682615,-5.499644,-0.107934,0.567910,2.628552,0.000000,0.828358,0.828267
33.243289,-0.586679,-5.499970,-0.116800,0.025558,2.776997,0.000000,0.829948,0.829403
33.333120,-0.499379,-5.521144,-0.103186,0.078120,2.835699,0.000000,0.833723,0.831729
33.430081,-0.402441,-5.519049,-0.102207,-0.056351,2.791682,0.000000,0.840050,0.835554
33.519942,-0.315068,-5.540048,-0.113714,0.577237,2.683845,0.000000,0.847564,0.841054
33.616032,-0.218978,-5.540002,0.005130,0.026470,2.556648,0.000000,0.853766,0.847053
33.712497,-0.122517,-5.539060,-0.108617,-0.637441,2.436206,0.000000,0.857443,0.851397
33.802360,-0.035140,-5.560048,-0.113643,0.585600,2.352592,0.000000,0.859120,0.853360
33.898450,0.060951,-5.560000,0.000277,0.550562,2.326181,0.000000,0.859743,0.853899
33.994523,0.157023,-5.559995,-0.007845,-0.566659,2.340492,0.000000,0.859936,0.853980
34.089981,0.252470,-5.561502,-0.108255,-0.495681,2.373694,0.000000,0.859988,0.853931
34.180309,0.340888,-5.579978,-0.099935,0.580179,2.433036,0.000000,0.859999,0.853727
34.276370,0.436949,-5.580000,-0.000116,0.520144,2.524175,0.000000,0.860006,0.853295
34.372441,0.533020,-5.580000,0.000001,-0.008086,2.613049,0.000000,0.860063,0.852821
34.468512,0.629090,-5.580000,-0.001670,-0.528455,2.649785,0.000000,0.860406,0.852947
34.564455,0.725033,-5.580321,-0.101470,0.037791,2.623224,0.000000,0.861659,0.854778
34.653654,0.812327,-5.598657,0.005327,0.521926,2.585712,0.000000,0.864502,0.859101
34.744295,0.900896,-5.579384,-0.007607,-0.624448,2.601994,0.000000,0.868709,0.864757
34.837784,0.992078,-5.600024,-0.109653,0.043276,2.648983,0.000000,0.873125,0.869172
34.933860,1.088154,-5.600000,0.000597,0.011871,2.629023,0.000000,0.876672,0.871260
35.029969,1.184262,-5.599909,-0.107372,-0.587980,2.515908,0.000000,0.878818,0.871869
35.120020,1.272084,-5.619825,-0.108861,0.572236,2.395461,0.000000,0.879720,0.871983
35.216019,1.368082,-5.620000,-0.000908,0.557694,2.352702,0.000000,0.879998,0.871998
35.312089,1.464153,-5.620000,-0.001745,-0.557757,2.409372,0.000000,0.880264,0.872001
35.408022,1.560085,-5.620335,-0.107999,-0.563683,2.534365,0.000000,0.881079,0.872012
35.498131,1.648036,-5.639936,-0.106614,-0.022380,2.640908,0.000000,0.882838,0.872087
35.594165,1.744070,-5.640025,-0.112165,-0.008651,2.649922,0.000000,0.885207,0.872427
35.684096,1.831613,-5.660614,-0.108222,0.619331,2.606097,0.000000,0.887423,0.873533
35.780423,1.927937,-5.660001,0.003190,0.562527,2.630939,0.000000,0.889397,0.876188
35.876494,2.024008,-5.660000,0.000007,-0.016605,2.736839,0.000000,0.891530,0.880732
35.972564,2.120079,-5.660000,-0.000000,0.000003,2.796364,0.000000,0.893883,0.885938
36.068635,2.216150,-5.660000,0.000007,0.015431,2.712058,0.000000,0.896212,0.889734
36.164706,2.312221,-5.659999,0.002965,-0.562590,2.532996,0.000000,0.898151,0.891452
36.261014,2.408527,-5.659430,-0.108223,-0.614916,2.393783,0.000000,0.899390,0.892000
36.350953,2.496088,-5.679975,-0.111561,0.581160,2.393283,0.000000,0.900134,0.892553
36.447014,2.592148,-5.680000,-0.000128,0.580652,2.533844,0.000000,0.901192,0.894305
36.543084,2.688219,-5.680000,0.000000,0.000667,2.733926,0.000000,0.903401,0.898221
36.639155,2.784289,-5.680000,0.000000,-0.000000,2.894646,0.000000,0.906766,0.903634
36.735226,2.880360,-5.680000,-0.000000,-0.000000,2.974438,0.000000,0.910496,0.908311
36.831296,2.976431,-5.680000,0.000000,0.000000,2.997160,0.000000,0.914055,0.910951
36.927367,3.072502,-5.680000,0.000000,0.000000,3.000000,0.000000,0.917389,0.912368
37.023438,3.168572,-5.680000,0.000000,0.000000,3.000000,0.000000,0.920788,0.914427
37.119508,3.264643,-5.680000,0.000000,0.000000,3.000000,0.000000,0.925109,0.918443
37.215579,3.360714,-5.680000,0.000000,-0.000000,3.000000,0.000000,0.930534,0.923643
37.311650,3.456784,-5.680000,-0.000000,-0.000000,3.000000,0.000000,0.935563,0.927919
37.407721,3.552855,-5.680000,-0.000000,0.000000,3.000000,0.000000,0.938949,0.930783
37.503791,3.648926,-5.680000,0.000000,-0.000000,3.000000,0.000000,0.941579,0.933930
37.599862,3.744996,-5.680000,-0.000000,-0.000000,3.000000,0.000000,0.945361,0.938935
37.695933,3.841067,-5.680000,-0.000000,0.000000,2.997303,0.000000,0.950746,0.945230
37.792003,3.937138,-5.680000,0.000000,0.000000,2.975052,0.000000,0.956354,0.951161
37.888074,4.033209,-5.680000,0.000000,-0.000043,2.894647,0.000000,0.961280,0.956689
37.984145,4.129279,-5.680000,-0.000008,0.035335,2.728719,0.000000,0.966170,0.962446
38.080215,4.225349,-5.680002,0.006789,-0.562412,2.516030,0.000000,0.971391,0.967475
38.176837,4.321963,-5.678692,-0.108381,-0.657124,2.346087,0.000000,0.975899,0.970491
38.266645,4.409204,-5.700006,-0.115718,0.583254,2.270839,0.000000,0.978611,0.971662
38.362718,4.505278,-5.700000,0.000035,0.595128,2.266342,0.000000,0.979683,0.971951
38.458789,4.601349,-5.700000,-0.001368,-0.559515,2.285974,0.000000,0.979953,0.971996
38.554751,4.697310,-5.700263,-0.107410,-0.567042,2.320476,0.000000,0.979996,0.972000
38.644866,4.785275,-5.719831,-0.106882,0.572396,2.402935,0.000000,0.980000,0.972000
38.740867,4.881276,-5.720000,-0.000878,0.556479,2.558231,0.000000,0.980000,0.972000
38.836938,4.977347,-5.720000,0.000002,0.004568,2.749385,0.000000,0.980000,0.972000
38.933009,5.073418,-5.720000,-0.000000,-0.000011,2.900887,0.000000,0.980002,0.972006
39.029080,5.169488,-5.720000,0.000000,0.000000,2.976032,0.000000,0.980029,0.972068
39.125150,5.265559,-5.720000,0.000000,-0.000000,2.994657,0.000000,0.980224,0.972457
39.221221,5.361630,-5.720000,-0.000000,0.000000,2.975162,0.000000,0.981133,0.973993
39.317292,5.457700,-5.720000,0.000000,0.000002,2.895490,0.000000,0.983937,0.977937
39.413362,5.553771,-5.720000,0.000000,-0.029092,2.734829,0.000000,0.989771,0.984913
39.509433,5.649842,-5.720000,-0.005590,0.562031,2.544372,0.000000,0.998289,0.994076
39.605956,5.746358,-5.721077,0.108244,0.643878,2.423013,0.000000,1.007736,1.003823
39.695807,5.833707,-5.700020,0.114412,-0.573521,2.405236,0.000000,1.017067,1.013538
39.791869,5.929770,-5.700000,0.001619,-0.029182,2.449805,0.000000,1.027390,1.024562
39.887820,6.025720,-5.699709,0.108809,1.017642,2.542209,0.000000,1.040337,1.038408
39.977894,6.113593,-5.679919,0.190925,-0.007000,2.690238,0.000000,1.055243,1.054181
40.069095,6.203619,-5.665324,0.107540,-0.263787,2.822753,0.000000,1.070163,1.069739
40.163134,6.297511,-5.660064,0.142062,0.017081,2.808219,0.000000,1.085185,1.085074
40.253048,6.385014,-5.639380,0.110682,-0.198097,2.580287,0.000000,1.102013,1.101994
40.349231,6.481196,-5.639650,0.105196,0.683331,2.213557,0.000000,1.121151,1.121150
40.439320,6.569104,-5.619943,0.237967,3.531809,1.899752,0.000000,1.140586,1.140586
40.529717,6.656569,-5.597111,0.742638,5.082469,1.834642,0.000000,1.156344,1.156344
40.623140,6.689300,-5.509610,1.172222,2.612788,2.069384,0.000000,1.165400,1.165400
40.714832,6.728353,-5.426650,1.226304,0.249507,2.457403,0.000000,1.167668,1.167668
40.804888,6.750395,-5.339333,1.217570,-0.156600,2.781057,0.000000,1.162875,1.162875
40.893850,6.789928,-5.259638,1.198270,-0.007585,2.930093,0.000000,1.147701,1.147701
40.983126,6.815019,-5.173960,1.216218,-0.028909,2.934036,0.000000,1.119698,1.119698
41.071929,6.851606,-5.093044,1.193122,0.078677,2.876239,0.000000,1.082312,1.082312
41.160857,6.880487,-5.008936,1.230201,0.499599,2.818991,0.000000,1.042486,1.042486
41.249694,6.910985,-4.925498,1.281933,-0.013730,2.757876,0.000000,1.004409,1.004409
41.339668,6.931328,-4.837854,1.227746,-0.265321,2.643259,0.000000,0.967192,0.967192
41.428624,6.970768,-4.758120,1.234459,0.686216,2.476992,0.000000,0.928595,0.928595
41.518801,6.990007,-4.670018,1.350670,0.520156,2.331569,0.000000,0.889861,0.889861
41.608818,7.010113,-4.582276,1.328188,-0.726215,2.257244,0.000000,0.854324,0.854324
41.698362,7.033138,-4.495742,1.220270,-0.492618,2.252229,0.000000,0.823030,0.823030
41.787227,7.071125,-4.415406,1.240301,0.746482,2.322020,0.000000,0.794551,0.794551
41.877312,7.090855,-4.327508,1.353853,0.578320,2.464475,0.000000,0.768200,0.768200
41.967521,7.109932,-4.239339,1.344569,-0.066784,2.592155,0.000000,0.744892,0.744892
42.057332,7.131230,-4.152091,1.341831,-0.016332,2.584714,0.000000,0.725244,0.725244
42.147453,7.150769,-4.064113,1.341630,-0.646697,2.436993,0.000000,0.709240,0.709238
42.237258,7.172101,-3.976878,1.225473,-0.608323,2.258058,0.000000,0.695767,0.695748
42.326171,7.210926,-3.896889,1.232912,0.702140,2.130674,0.000000,0.682103,0.681983
42.416187,7.231035,-3.809148,1.351107,0.694597,2.067076,0.000000,0.666942,0.666478
42.506380,7.250197,-3.721015,1.358084,-0.739756,2.075922,0.000000,0.652416,0.651215
42.596618,7.269126,-3.632784,1.217632,-1.081335,2.156079,0.000000,0.640952,0.638657
42.685857,7.311643,-3.554325,1.164009,0.064836,2.235348,0.000000,0.632364,0.628926
42.774871,7.339368,-3.469739,1.229189,0.667666,2.238934,0.000000,0.625421,0.621509
42.863659,7.371188,-3.386848,1.282722,0.707688,2.203752,0.000000,0.620061,0.616820
42.953904,7.390079,-3.298602,1.355889,0.908252,2.200195,0.000000,0.616889,0.614784
43.044019,7.409651,-3.210638,1.446534,0.285812,2.193919,0.000000,0.615838,0.614479
43.138801,7.412898,-3.115913,1.408735,-0.955785,2.118031,0.000000,0.616532,0.615562
43.227958,7.439073,-3.030684,1.270728,-0.718802,2.015281,0.000000,0.619303,0.618764
43.317081,7.465595,-2.945599,1.280587,0.966120,1.986357,0.000000,0.625185,0.625194
43.406423,7.490137,-2.859694,1.443147,0.983050,2.026722,0.000000,0.635302,0.635682
43.502967,7.489011,-2.763157,1.463322,0.075830,2.014559,0.000000,0.649507,0.649882
43.592834,7.509981,-2.675771,1.457282,3.041604,1.897212,0.000000,0.665332,0.665519
43.688871,7.509922,-2.579734,2.028768,5.830612,1.794344,0.000000,0.679616,0.679670
43.784225,7.434124,-2.521879,2.573214,3.460582,1.824856,0.000000,0.690223,0.690232
43.873289,7.355079,-2.480838,2.666963,0.502291,1.947709,0.000000,0.696134,0.696135
43.962315,7.275721,-2.440491,2.662667,0.692583,2.085785,0.000000,0.697321,0.697321
44.051473,7.196948,-2.398729,2.790371,1.272603,2.245815,0.000000,0.693029,0.693029
44.141627,7.108899,-2.379365,2.890859,0.316072,2.388327,0.000000,0.680862,0.680862
44.230899,7.023236,-2.354238,2.847082,-0.268247,2.375558,0.000000,0.660242,0.660242
44.320009,6.938204,-2.327588,2.843009,0.801930,2.184234,0.000000,0.635007,0.635007
44.409206,6.852821,-2.301786,2.990072,1.567402,1.981443,0.000000,0.611077,0.611077
44.504551,6.757492,-2.299995,3.132260,0.790522,1.903353,0.000000,0.593456,0.593456
44.600624,6.661419,-2.300000,3.141392,0.642408,1.944228,0.000000,0.583947,0.583947
44.696713,6.565331,-2.299956,-3.027479,1.209846,2.083270,0.000000,0.580526,0.580526
44.786562,6.477986,-2.321024,-2.916837,0.617738,2.308864,0.000000,0.580131,0.580131
44.876774,6.389810,-2.340083,-2.916248,0.020880,2.501391,0.000000,0.581275,0.581275
44.966607,6.302507,-2.361250,-2.913078,0.017360,2.497218,0.000000,0.584273,0.584273
45.056717,6.214553,-2.380844,-2.913124,0.629145,2.319501,0.000000,0.591269,0.591269
45.146552,6.127246,-2.402003,-2.799866,1.227561,2.194999,0.000000,0.605942,0.605942
45.235564,6.046966,-2.440452,-2.693579,0.772248,2.267309,0.000000,0.630669,0.630669
45.327644,5.964026,-2.480448,-2.660018,-0.008470,2.399024,0.000000,0.663782,0.663782
45.417207,5.886068,-2.524539,-2.695118,-0.098727,2.362609,0.000000,0.701371,0.701371
45.513998,5.796301,-2.560740,-2.678416,1.134779,2.139718,0.000000,0.741426,0.741426
45.605554,5.718133,-2.608408,-2.481385,0.959343,1.898413,0.000000,0.785456,0.785456
45.702159,5.648572,-2.675443,-2.497906,0.866755,1.770657,0.000000,0.836548,0.836548
45.800216,5.563588,-2.724361,-2.312661,3.291610,1.782499,0.000000,0.894439,0.894439
45.889106,5.528776,-2.806151,-1.882549,2.898933,1.879543,0.000000,0.952881,0.952881
45.979169,5.508921,-2.893998,-1.793889,-0.165225,1.932863,0.000000,1.003723,1.003723
46.069206,5.488929,-2.981788,-1.912306,-1.327756,1.849807,0.000000,1.041248,1.041248
46.158169,5.449391,-3.061482,-2.031557,-1.188537,1.690500,0.000000,1.063647,1.063647
46.247134,5.409817,-3.141161,-2.123780,-1.739668,1.584353,0.000000,1.073903,1.073903
46.338277,5.355183,-3.214114,-2.344886,-2.709534,1.607869,0.000000,1.077324,1.077324
46.430557,5.282683,-3.271204,-2.620771,-2.199874,1.782694,0.000000,1.077370,1.077370
46.520009,5.199283,-3.303547,-2.744672,-0.849200,2.063301,0.000000,1.074038,1.074038
46.611434,5.115927,-3.341102,-2.774372,-0.314564,2.323812,0.000000,1.064989,1.064989
46.702135,5.029569,-3.368831,-2.801963,-0.489041,2.481969,0.000000,1.048212,1.048212
46.792565,4.945215,-3.401419,-2.862952,-0.688660,2.595071,0.000000,1.023354,1.023354
46.883201,4.856190,-3.418432,-2.926656,-0.285132,2.735348,0.000000,0.991553,0.991553
46.972986,4.769006,-3.439887,-2.914396,0.052839,2.856870,0.000000,0.955949,0.955949
47.063194,4.680840,-3.458971,-2.917145,0.006729,2.875144,0.000000,0.920596,0.920596
47.153056,4.593464,-3.479962,-2.913184,-0.158298,2.803913,0.000000,0.888161,0.888161
47.243137,4.505575,-3.499714,-2.945630,-0.656333,2.729975,0.000000,0.858849,0.858851
47.334119,4.415921,-3.515206,-3.032022,-0.310365,2.679104,0.000000,0.830856,0.830880
47.428352,4.321807,-3.519930,-3.003114,-0.004522,2.608432,0.000000,0.802872,0.803029
47.518282,4.234266,-3.540523,-3.032855,-0.758238,2.544348,0.000000,0.775991,0.776674
47.614572,4.137978,-3.539999,3.138872,-0.565245,2.585129,0.000000,0.752711,0.754688
47.710642,4.041908,-3.540000,-3.141585,0.014157,2.737137,0.000000,0.734761,0.738761
47.806712,3.945838,-3.540000,3.141593,-0.000039,2.892261,0.000000,0.722491,0.728514
47.902783,3.849767,-3.540000,-3.141593,0.000000,2.974295,0.000000,0.715621,0.722938
47.998854,3.753696,-3.540000,-3.141593,-0.000000,2.997280,0.000000,0.712857,0.720699
48.094924,3.657626,-3.540000,3.141593,0.000000,2.997305,0.000000,0.712131,0.720108
48.190995,3.561555,-3.540000,-3.141593,-0.000000,2.975062,0.000000,0.712012,0.720010
48.287066,3.465484,-3.540000,3.141593,-0.000036,2.897504,0.000000,0.712001,0.720001
48.383137,3.369413,-3.540000,3.141586,0.035706,2.754437,0.000000,0.712001,0.720000
48.479207,3.273343,-3.539999,-3.134732,-0.562119,2.618744,0.000000,0.712010,0.720008
48.575835,3.176724,-3.541322,3.033267,-0.658468,2.583302,0.000000,0.712106,0.720087
48.665642,3.089484,-3.520004,3.025692,-0.034083,2.618097,0.000000,0.712680,0.720564
48.761703,2.993423,-3.519981,3.026932,0.041162,2.596476,0.000000,0.714734,0.722315
48.851547,2.906091,-3.498883,3.033344,0.646299,2.478998,0.000000,0.719150,0.726235
48.948087,2.809558,-3.500000,-3.135794,0.564569,2.350847,0.000000,0.724850,0.731641
49.044158,2.713487,-3.500000,-3.141099,-0.592892,2.282541,0.000000,0.729266,0.736294
49.140268,2.617377,-3.500095,3.033449,-0.587623,2.264375,0.000000,0.731320,0.738840
49.230293,2.529615,-3.480037,3.032708,0.580068,2.263294,0.000000,0.731894,0.739747
49.326349,2.433559,-3.480001,3.141389,0.596720,2.271719,0.000000,0.731990,0.739962
49.422418,2.337489,-3.479998,-3.135832,-0.562423,2.314162,0.000000,0.731999,0.739996
49.518956,2.240958,-3.481110,3.033062,-0.645601,2.424578,0.000000,0.732000,0.740000
49.608792,2.153645,-3.459967,3.027030,0.435676,2.586532,0.000000,0.732000,0.740000
49.704880,2.057558,-3.460007,3.114064,0.032721,2.708198,0.000000,0.732000,0.740000
49.798915,1.963671,-3.454736,3.033251,-0.278152,2.708607,0.000000,0.732000,0.740000
49.890083,1.873700,-3.440009,3.062550,0.578345,2.607548,0.000000,0.732000,0.740000
49.986150,1.777633,-3.440000,3.141537,0.427313,2.486992,0.000000,0.732000,0.739996
50.082220,1.681563,-3.439998,-3.138533,-0.565004,2.413251,0.000000,0.731992,0.739966
50.178537,1.585248,-3.440589,3.032838,-0.615838,2.422620,0.000000,0.731913,0.739801
50.268455,1.497735,-3.419927,3.029961,0.521432,2.503669,0.000000,0.731435,0.739196
50.364559,1.401632,-3.420006,3.129836,0.017546,2.584471,0.000000,0.729676,0.737716
50.459694,1.306525,-3.417679,3.033317,-0.450407,2.606749,0.000000,0.725733,0.735214
50.550190,1.217769,-3.400020,3.046226,0.580975,2.581183,0.000000,0.720290,0.732095
50.646252,1.121707,-3.400000,-3.141483,-0.097771,2.538174,0.000000,0.715618,0.728881
50.742340,1.025619,-3.400041,3.027439,-0.584505,2.500863,0.000000,0.713092,0.725756
50.832188,0.938276,-3.378969,3.033022,0.637133,2.503842,0.000000,0.712232,0.722994
50.928692,0.841778,-3.380002,-3.137015,0.009182,2.566964,0.000000,0.712099,0.721236
51.024700,0.745770,-3.379851,3.034790,-0.602883,2.673489,0.000000,0.712291,0.720831
51.114815,0.657806,-3.360278,3.033960,0.046285,2.783566,0.000000,0.712831,0.721606
51.210762,0.561860,-3.359979,3.043401,-0.252583,2.840370,0.000000,0.713884,0.723220
51.301210,0.473198,-3.342093,2.986880,-0.120097,2.801827,0.000000,0.715877,0.725443
51.393602,0.381377,-3.331831,3.021443,0.529185,2.681462,0.000000,0.719455,0.728188
51.485537,0.290207,-3.320000,3.084423,0.008650,2.542248,0.000000,0.724504,0.731253
51.582065,0.193686,-3.321089,3.023073,-0.888791,2.467484,0.000000,0.729587,0.734353
51.671628,0.107098,-3.298196,2.919027,-0.525615,2.492897,0.000000,0.733432,0.737513
51.762296,0.018012,-3.281332,2.928341,-0.009648,2.542359,0.000000,0.736647,0.741461
51.852103,-0.069228,-3.260014,2.917285,-0.410826,2.527462,0.000000,0.741459,0.747458
51.942379,-0.157539,-3.241280,2.854358,-0.751966,2.496210,0.000000,0.750133,0.756222
52.031167,-0.240422,-3.209442,2.782636,-0.533054,2.543005,0.000000,0.763534,0.767985
52.120001,-0.323835,-3.178884,2.759676,0.101931,2.620969,0.000000,0.780963,0.783281
52.208777,-0.405158,-3.143279,2.800740,0.080931,2.603321,0.000000,0.800988,0.801901
52.298212,-0.491363,-3.119462,2.774099,-0.690331,2.480158,0.000000,0.822275,0.822558
52.387208,-0.570873,-3.079481,2.677563,-0.537551,2.364332,0.000000,0.844211,0.844276
52.476180,-0.650512,-3.039812,2.678432,-0.565346,2.357391,0.000000,0.867207,0.867217
52.565165,-0.730082,-2.999974,2.576955,-0.729306,2.477722,0.000000,0.892905,0.892906
52.657228,-0.802713,-2.943403,2.546392,0.053049,2.635007,0.000000,0.923010,0.923010
52.748990,-0.881958,-2.897136,2.586707,0.233854,2.652656,0.000000,0.957353,0.957354
52.844942,-0.962210,-2.844540,2.590290,-0.330373,2.425374,0.000000,0.995102,0.995104
52.934371,-1.039803,-2.800077,2.525463,-1.939042,2.071172,0.000000,1.035480,1.035497
53.027800,-1.110790,-2.739333,2.235719,-4.063712,1.835696,0.000000,1.076046,1.076153
53.116731,-1.150006,-2.659516,1.784405,-3.002655,1.831703,0.000000,1.112927,1.113355
53.213211,-1.149030,-2.563041,1.678995,-0.535551,1.948435,0.000000,1.141895,1.143015
53.303080,-1.169979,-2.475647,1.684605,-0.588707,2.037958,0.000000,1.160083,1.162095
53.399142,-1.170000,-2.379586,1.569537,-1.159272,2.099757,0.000000,1.168456,1.171153
53.495104,-1.169737,-2.283624,1.461998,-0.567732,2.216436,0.000000,1.170672,1.173661
53.585173,-1.149921,-2.195761,1.463921,0.579151,2.389771,0.000000,1.169273,1.172273
53.681277,-1.150000,-2.099658,1.569820,-0.009909,2.533420,0.000000,1.164585,1.167559
53.777238,-1.149733,-2.003698,1.462017,-0.572395,2.579384,0.000000,1.156704,1.160025
53.867308,-1.129924,-1.915832,1.463336,0.007613,2.534442,0.000000,1.146485,1.150890
53.963366,-1.129892,-1.819775,1.463434,-0.640535,2.470781,0.000000,1.135327,1.141349
54.053440,-1.110101,-1.731902,1.344113,-0.684683,2.466095,0.000000,1.125630,1.133028
54.143359,-1.089440,-1.644389,1.340197,0.207630,2.515368,0.000000,1.119537,1.127542
54.233314,-1.068989,-1.556790,1.381460,0.565240,2.536733,0.000000,1.116939,1.124993
54.324752,-1.055327,-1.466378,1.442727,-0.070028,2.495983,0.000000,1.116333,1.124280
54.417275,-1.045499,-1.374378,1.368577,-0.946157,2.466969,0.000000,1.116797,1.124520
54.506402,-1.019018,-1.289276,1.270858,-0.454245,2.520447,0.000000,1.118431,1.125461
54.595557,-0.992824,-1.204055,1.287594,0.383495,2.612679,0.000000,1.121498,1.126980
54.685007,-0.969116,-1.117805,1.339352,-0.086308,2.667186,0.000000,1.125643,1.128949
54.775526,-0.951569,-1.029002,1.272061,-0.699536,2.705529,0.000000,1.130131,1.131511
54.864290,-0.916639,-0.947400,1.213937,0.094809,2.788729,0.000000,1.134662,1.134977
54.953357,-0.889517,-0.862564,1.288921,0.040429,2.892247,0.000000,1.139748,1.139730
55.042969,-0.866957,-0.775838,1.221161,-0.189395,2.922407,0.000000,1.146361,1.146321
55.131851,-0.828652,-0.695633,1.255115,0.025654,2.794192,0.000000,1.155044,1.155030
55.222495,-0.811681,-0.606592,1.225766,-0.216269,2.485595,0.000000,1.165079,1.165076
55.311806,-0.768544,-0.528390,1.216196,-1.124092,2.097571,0.000000,1.174449,1.174449
55.402120,-0.750000,-0.440000,1.023851,-3.439320,1.834623,0.000000,1.181207,1.181207
55.495072,-0.678532,-0.380566,0.585886,-3.232148,1.852583,0.000000,1.185018,1.185018
