# s_m,x_m,y_m,psi_rad,kappa_radpm,vx_mps,ax_mps2
0.0000000,-69.3824791,54.6147980,0.0408545,-0.0249498,7.2478191,5.8308527
0.3496608,-69.0325575,54.6275880,0.0322667,-0.0240653,7.5238636,5.7668830
0.6993215,-68.6831962,54.6374147,0.0240283,-0.0231472,7.7872606,5.7133341
1.0489823,-68.3338135,54.6444127,0.0160678,-0.0224153,8.0397068,5.6561017
1.3986430,-67.9838805,54.6486778,0.0083505,-0.0216831,8.2820480,5.6057302
1.7483038,-67.6343766,54.6502874,0.0009037,-0.0209449,8.5154288,5.5624236
2.0979645,-67.2847992,54.6493377,-0.0062963,-0.0202437,8.7408495,5.5227860
2.4476253,-66.9349556,54.6459100,-0.0132597,-0.0195695,8.9590542,5.4870634
2.7972860,-66.5855235,54.6400950,-0.0199807,-0.0189024,9.1707074,5.3589193
3.1469468,-66.2359598,54.6319667,-0.0264789,-0.0182626,9.3728054,5.2324150
3.4966075,-65.8863069,54.6216013,-0.0327582,-0.0176471,9.5660139,5.1112447
3.8462683,-65.5370527,54.6090905,-0.0388183,-0.0170412,9.7510525,4.9949869
4.1959290,-65.1876711,54.5944903,-0.0446766,-0.0164615,9.9285511,4.8832723
4.5455898,-64.8382854,54.5778742,-0.0503356,-0.0159039,10.0990645,4.7856814
4.8952506,-64.4892805,54.5593308,-0.0557971,-0.0153566,10.2634221,4.6983345
5.2449113,-64.1402022,54.5389033,-0.0610760,-0.0148335,10.4222589,4.6137668
5.5945721,-63.7911368,54.5166586,-0.0661754,-0.0143319,10.5759154,4.5318123
5.9442328,-63.4424306,54.4926819,-0.0710978,-0.0138408,10.7246996,4.4523207
6.2938936,-63.0937362,54.4670101,-0.0758553,-0.0133709,10.8688907,4.3751555
6.6435543,-62.7450264,54.4396968,-0.0804528,-0.0129227,11.0087431,4.3008919
6.9932151,-62.3966525,54.4108255,-0.0848924,-0.0124851,11.1445112,4.2388665
7.3428758,-62.0483892,54.3804323,-0.0891839,-0.0120647,11.2767221,4.1783594
7.6925366,-61.7000576,54.3485514,-0.0933339,-0.0116669,11.4055459,4.1193009
8.0421973,-61.3520378,54.3152667,-0.0973437,-0.0112794,11.5311402,4.0616266
8.3918581,-61.0042264,54.2806174,-0.1012210,-0.0109048,11.6536508,4.0052766
8.7415188,-60.6562862,54.2446145,-0.1049740,-0.0105537,11.7732133,3.9501953
9.0911796,-60.3086342,54.2073439,-0.1086032,-0.0102123,11.8899541,3.7593453
9.4408403,-59.9612370,54.1688458,-0.1121147,-0.0098808,12.0000000,0.0000000
9.7905011,-59.6137328,54.1291195,-0.1155167,-0.0095710,12.0000000,0.0000000
10.1401619,-59.2664561,54.0882411,-0.1188100,-0.0092711,12.0000000,0.0000000
10.4898226,-58.9194134,54.0462494,-0.1219996,-0.0089802,12.0000000,0.0000000
10.8394834,-58.5723927,54.0031542,-0.1250920,-0.0087051,12.0000000,0.0000000
11.1891441,-58.2254947,53.9590013,-0.1280894,-0.0084419,12.0000000,0.0000000
11.5388049,-57.8788110,53.9138355,-0.1309955,-0.0081865,12.0000000,0.0000000
11.8884656,-57.5322437,53.8676756,-0.1338151,-0.0079417,12.0000000,0.0000000
12.2381264,-57.1857248,53.8205422,-0.1365516,-0.0077099,12.0000000,0.0000000
12.5877871,-56.8394014,53.7724841,-0.1392072,-0.0074846,12.0000000,0.0000000
12.9374479,-56.4932477,53.7235260,-0.1417857,-0.0072659,12.0000000,0.0000000
13.2871086,-56.1471103,53.6736725,-0.1442907,-0.0070598,12.0000000,0.0000000
13.6367694,-55.8011461,53.6229719,-0.1467236,-0.0068591,12.0000000,0.0000000
13.9864301,-55.4553357,53.5714464,-0.1490873,-0.0066636,12.0000000,0.0000000
14.3360909,-55.1096081,53.5191094,-0.1513846,-0.0064761,12.0000000,0.0000000
14.6857517,-54.7640002,53.4659897,-0.1536171,-0.0062946,12.0000000,0.0000000
15.0354124,-54.4185306,53.4121126,-0.1557865,-0.0061168,12.0000000,0.0000000
15.3850732,-54.0731708,53.3574957,-0.1578950,-0.0059435,12.0000000,0.0000000
15.7347339,-53.7279141,53.3021594,-0.1599439,-0.0057758,12.0000000,0.0000000
16.0843947,-53.3827804,53.2461276,-0.1619342,-0.0056104,12.0000000,0.0000000
16.4340554,-53.0377492,53.1894176,-0.1638674,-0.0054473,12.0000000,0.0000000
16.7837162,-52.6928344,53.1320517,-0.1657443,-0.0052880,12.0000000,0.0000000
17.1333769,-52.3480295,53.0740487,-0.1675654,-0.0051300,12.0000000,0.0000000
17.4830377,-52.0033127,53.0154245,-0.1693317,-0.0049729,12.0000000,0.0000000
17.8326984,-51.6587038,52.9562019,-0.1710433,-0.0048171,12.0000000,0.0000000
18.1823592,-51.3142184,52.8964030,-0.1727004,-0.0046617,12.0000000,0.0000000
18.5320199,-50.9698056,52.8360382,-0.1743032,-0.0045059,12.0000000,0.0000000
18.8816807,-50.6254604,52.7751260,-0.1758515,-0.0043497,12.0000000,0.0000000
19.2313414,-50.2812819,52.7137032,-0.1773448,-0.0041924,12.0000000,0.0000000
19.5810022,-49.9371598,52.6517699,-0.1787829,-0.0040333,12.0000000,0.0000000
19.9306630,-49.5930751,52.5893422,-0.1801653,-0.0038725,12.0000000,0.0000000
20.2803237,-49.2491488,52.5264622,-0.1814909,-0.0037104,12.0000000,0.0000000
20.6299845,-48.9052999,52.4631353,-0.1827590,-0.0035412,12.0000000,0.0000000
20.9796452,-48.5614714,52.3993718,-0.1839674,-0.0033728,12.0000000,0.0000000
21.3293060,-48.2177391,52.3352066,-0.1851194,-0.0032165,12.0000000,0.0000000
21.6789667,-47.8741432,52.2706683,-0.1862030,-0.0029647,12.0000000,0.0000000
22.0286275,-47.5305376,52.2057593,-0.1871902,-0.0026650,12.0000000,0.0000000
22.3782882,-47.1869528,52.1405230,-0.1880624,-0.0023233,12.0000000,0.0000000
22.7279490,-46.8435466,52.0750314,-0.1888160,-0.0019890,12.0000000,0.0000000
23.0776097,-46.5001162,52.0092876,-0.1894529,-0.0016514,12.0000000,0.0000000
23.4272705,-46.1566701,51.9433352,-0.1899708,-0.0013099,12.0000000,0.0000000
23.7769312,-45.8133546,51.8772449,-0.1903683,-0.0009647,12.0000000,0.0000000
24.1265920,-45.4700283,51.8110324,-0.1906451,-0.0006174,12.0000000,0.0000000
24.4762528,-45.1266713,51.7447371,-0.1908001,-0.0002683,12.0000000,0.0000000
24.8259135,-44.7833649,51.6784182,-0.1908323,0.0000836,12.0000000,0.0000000
25.1755743,-44.4400640,51.6121108,-0.1907414,0.0004373,12.0000000,0.0000000
25.5252350,-44.0967172,51.5458489,-0.1905265,0.0007921,12.0000000,0.0000000
25.8748958,-43.7533619,51.4796841,-0.1901873,0.0011483,12.0000000,0.0000000
26.2245565,-43.4100066,51.4136623,-0.1897233,0.0015059,12.0000000,0.0000000
26.5742173,-43.0665903,51.3478163,-0.1891342,0.0018639,12.0000000,0.0000000
26.9238780,-42.7231264,51.2821931,-0.1884197,0.0022226,12.0000000,0.0000000
27.2735388,-42.3796375,51.2168419,-0.1875798,0.0025817,12.0000000,0.0000000
27.6231995,-42.0360732,51.1517976,-0.1866143,0.0029407,12.0000000,0.0000000
27.9728603,-41.6924421,51.0871066,-0.1855233,0.0032998,12.0000000,0.0000000
28.3225210,-41.3487418,51.0228131,-0.1843068,0.0036581,12.0000000,0.0000000
28.6721818,-41.0049538,50.9589582,-0.1829651,0.0040158,12.0000000,0.0000000
29.0218425,-40.6610858,50.8955879,-0.1814985,0.0043730,12.0000000,0.0000000
29.3715033,-40.3171140,50.8327420,-0.1799072,0.0047287,12.0000000,0.0000000
29.7211641,-39.9730307,50.7704635,-0.1781917,0.0050829,12.0000000,0.0000000
30.0708248,-39.6288562,50.7088000,-0.1763526,0.0054361,12.0000000,0.0000000
30.4204856,-39.2845629,50.6477905,-0.1743905,0.0057874,12.0000000,0.0000000
30.7701463,-38.9401190,50.5874728,-0.1723057,0.0061358,12.0000000,0.0000000
31.1198071,-38.5955747,50.5278993,-0.1700994,0.0064829,12.0000000,0.0000000
31.4694678,-38.2509176,50.4691104,-0.1677725,0.0068280,12.0000000,0.0000000
31.8191286,-37.9060550,50.4111335,-0.1653251,0.0071687,12.0000000,0.0000000
32.1687893,-37.5610853,50.3540273,-0.1627590,0.0075074,12.0000000,0.0000000
32.5184501,-37.2160186,50.2978353,-0.1600754,0.0078444,12.0000000,0.0000000
32.8681108,-36.8707010,50.2425741,-0.1572743,0.0081756,12.0000000,0.0000000
33.2177716,-36.5252596,50.1883056,-0.1543577,0.0085041,12.0000000,0.0000000
33.5674323,-36.1797181,50.1350736,-0.1513274,0.0088303,12.0000000,0.0000000
33.9170931,-35.8339496,50.0828990,-0.1481836,0.0091510,12.0000000,0.0000000
34.2667539,-35.4880007,50.0318288,-0.1449280,0.0094672,12.0000000,0.0000000
34.6164146,-35.1419516,49.9819138,-0.1415628,0.0097807,12.0000000,0.0000000
34.9660754,-34.7957274,49.9331814,-0.1380893,0.0100894,12.0000000,0.0000000
35.3157361,-34.4492466,49.8856589,-0.1345077,0.0103916,12.0000000,0.0000000
35.6653969,-34.1026688,49.8394056,-0.1308216,0.0106904,12.0000000,0.0000000
36.0150576,-33.7559979,49.7944579,-0.1270331,0.0109858,12.0000000,0.0000000
36.3647184,-33.4089730,49.7508189,-0.1231407,0.0112720,12.0000000,0.0000000
36.7143791,-33.0618579,49.7085578,-0.1191493,0.0115544,12.0000000,0.0000000
37.0640399,-32.7146658,49.6677100,-0.1150612,0.0118330,12.0000000,0.0000000
37.4137006,-32.3671959,49.6282862,-0.1108760,0.0121036,12.0000000,0.0000000
37.7633614,-32.0195478,49.5903319,-0.1065966,0.0123679,12.0000000,0.0000000
38.1130221,-31.6718337,49.5538913,-0.1022267,0.0126279,12.0000000,0.0000000
38.4626829,-31.3239725,49.5189872,-0.0977676,0.0128818,12.0000000,0.0000000
38.8123436,-30.9758090,49.4856359,-0.0932192,0.0131264,12.0000000,0.0000000
39.1620044,-30.6275941,49.4538922,-0.0885869,0.0133663,12.0000000,0.0000000
39.5116652,-30.2793417,49.4237853,-0.0838736,0.0136013,12.0000000,0.0000000
39.8613259,-29.9307537,49.3953186,-0.0790775,0.0138259,12.0000000,0.0000000
40.2109867,-29.5820724,49.3685394,-0.0742212,0.0138938,12.0000000,0.0000000
40.5606474,-29.2333733,49.3434618,-0.0693771,0.0136412,12.0000000,0.0000000
40.9103082,-28.8845437,49.3200388,-0.0647702,0.0127110,12.0000000,0.0000000
41.2599689,-28.5354628,49.2981541,-0.0605179,0.0115766,12.0000000,0.0000000
41.6096297,-28.1864052,49.2776891,-0.0566747,0.0104081,12.0000000,0.0000000
41.9592904,-27.8373897,49.2585006,-0.0532412,0.0092342,12.0000000,0.0000000
42.3089512,-27.4881165,49.2404285,-0.0502209,0.0080351,12.0000000,0.0000000
42.6586119,-27.1388700,49.2233430,-0.0476031,0.0069820,12.0000000,0.0000000
43.0082727,-26.7896982,49.2071154,-0.0453361,0.0060244,12.0000000,0.0000000
43.3579334,-26.4403968,49.1916198,-0.0433793,0.0051646,12.0000000,0.0000000
43.7075942,-26.0911530,49.1767607,-0.0417059,0.0044144,12.0000000,0.0000000
44.0572550,-25.7419035,49.1624415,-0.0402873,0.0037329,12.0000000,0.0000000
44.4069157,-25.3924508,49.1485710,-0.0390915,0.0031212,12.0000000,0.0000000
44.7565765,-25.0430847,49.1350871,-0.0380916,0.0025988,12.0000000,-4.4880680
45.1062372,-24.6939530,49.1219307,-0.0372644,0.0021525,11.8685044,-7.4218747
45.4558980,-24.3445307,49.1090268,-0.0365836,0.0017619,11.6477947,-7.4703767
45.8055587,-23.9946679,49.0963230,-0.0360256,0.0014269,11.4213364,-7.5075163
46.1552195,-23.6458183,49.0838312,-0.0355776,0.0011421,11.1891357,-7.5348565
46.5048802,-23.2965390,49.0714621,-0.0352495,0.0006323,10.9511402,-7.5860903
46.8545410,-22.9465595,49.0591452,-0.0351525,-0.0003310,10.7061830,-7.2356882
47.2042017,-22.5975698,49.0467845,-0.0358455,-0.0036045,10.4672003,-6.9136441
47.5538625,-22.2486078,49.0339867,-0.0376503,-0.0067067,10.2336417,-6.7385790
47.9035232,-21.8985337,49.0203288,-0.0404832,-0.0086309,10.0007494,-6.7372639
48.2531840,-21.5496567,49.0057379,-0.0429258,-0.0054071,9.7623499,-7.0719312
48.6028448,-21.2003622,48.9904587,-0.0443875,-0.0033154,9.5056784,-7.2730554
48.9525055,-20.8501955,48.9747316,-0.0452948,-0.0018608,9.2342687,-7.3987312
49.3021663,-20.5012696,48.9588349,-0.0456685,-0.0002902,8.9497277,-7.4301362
49.6518270,-20.1517501,48.9428756,-0.0454983,0.0012801,8.6545694,-7.3101428
50.0014878,-19.8021922,48.9270713,-0.0447716,0.0028722,8.3540069,-7.1814388
50.3511485,-19.4528789,48.9116368,-0.0434258,0.0048481,8.0478132,-7.1162305
50.7008093,-19.1034236,48.8967876,-0.0414274,0.0060910,7.7324488,-7.1161872
51.0504700,-18.7540611,48.8826770,-0.0393134,0.0060032,7.4036654,-7.1361358
51.4001308,-18.4045650,48.8691665,-0.0386382,-0.0043476,7.0585982,-6.5056591
51.7497915,-18.0552605,48.8551255,-0.0425779,-0.0205626,6.7286151,-5.4262601
52.0994523,-17.7059548,48.8384232,-0.0545910,-0.0481901,6.4404628,-4.5099024
52.4491130,-17.3569655,48.8158354,-0.0762845,-0.0758172,6.1907745,-3.7188644
52.7987738,-17.0089267,48.7840242,-0.1076267,-0.1032592,5.9770400,-3.1623016
53.1484345,-16.6619782,48.7397117,-0.1477934,-0.1264810,5.7890882,-2.6655696
53.4980953,-16.3173030,48.6800933,-0.1960912,-0.1494475,5.6257845,-2.1502198
53.8477561,-15.9766507,48.6026347,-0.2524930,-0.1738469,5.4905151,-1.6620112
54.1974168,-15.6403318,48.5043573,-0.3174773,-0.1975417,5.3836304,-1.1945424
54.5470776,-15.3122862,48.3832966,-0.3909284,-0.2199222,5.3054790,-0.8152085
54.8967383,-14.9951160,48.2377132,-0.4707713,-0.2381610,5.2514773,-0.6061340
55.2463991,-14.6896547,48.0655359,-0.5563798,-0.2495312,5.2109627,-0.4147186
55.5960598,-14.4013095,47.8679456,-0.6457536,-0.2593179,5.1830599,-0.2702993
55.9457206,-14.1329012,47.6458441,-0.7372087,-0.2665481,5.1647927,-0.2689313
56.2953813,-13.8841817,47.3977487,-0.8311523,-0.2684709,5.1465537,-0.2431839
56.6450421,-13.6606895,47.1282508,-0.9258941,-0.2711647,5.1300050,-0.1830894
56.9947028,-13.4646703,46.8401800,-1.0209562,-0.2747703,5.1175104,-0.0788587
57.3443636,-13.2969625,46.5344228,-1.1175171,-0.2793321,5.1121194,-0.0788587
57.6940243,-13.1589237,46.2118946,-1.2149090,-0.2736954,5.1067228,0.0837099
58.0436851,-13.0524063,45.8792940,-1.3032521,-0.2163695,5.1124512,1.5658481
58.3933459,-12.9714723,45.5413860,-1.3635777,-0.1358806,5.2184470,3.5175007
58.7430066,-12.9066814,45.2005170,-1.4002727,-0.1057639,5.4490414,4.0700578
59.0926674,-12.8543804,44.8547615,-1.4428007,-0.1397056,5.7042380,2.4762766
59.4423281,-12.8190155,44.5047393,-1.4998006,-0.1807242,5.8540623,-0.6774883
59.7919889,-12.8056680,44.1587731,-1.5656907,-0.1989715,5.8134553,-0.3826368
60.1416496,-12.8163887,43.8086948,-1.6377060,-0.2093293,5.7903952,-0.1009598
60.4913104,-12.8531300,43.4577923,-1.7130936,-0.2181835,5.7842954,-0.1009598
60.8409711,-12.9154199,43.1157851,-1.7888360,-0.2185926,5.7781892,-0.0990018
61.1906319,-13.0043403,42.7768294,-1.8658454,-0.2179694,5.7721951,-0.0628934
61.5402926,-13.1188940,42.4456202,-1.9415296,-0.2146961,5.7683839,0.0557429
61.8899534,-13.2573294,42.1251120,-2.0147893,-0.2036820,5.7717619,0.4141709
62.2396141,-13.4188218,41.8142101,-2.0843239,-0.1917518,5.7967986,0.7551912
62.5892749,-13.6002634,41.5155202,-2.1479269,-0.1726573,5.8421739,1.3040448
62.9389356,-13.7997107,41.2279024,-2.2051686,-0.1534472,5.9197079,1.8170149
63.2885964,-14.0140832,40.9517038,-2.2553440,-0.1338815,6.0260783,2.3287021
63.6382572,-14.2417551,40.6854198,-2.3006495,-0.1264392,6.1597184,2.3881380
63.9879179,-14.4803212,40.4301983,-2.3440605,-0.1220525,6.2938230,2.3457012
64.3375787,-14.7300493,40.1848907,-2.3858885,-0.1169283,6.4228192,2.3519211
64.6872394,-14.9893908,39.9501926,-2.4258477,-0.1112245,6.5496073,2.3993215
65.0369002,-15.2568387,39.7264146,-2.4634862,-0.1045377,6.6764701,2.5056986
65.3865609,-15.5337693,39.5114431,-2.4991915,-0.0992033,6.8064339,2.5643607
65.7362217,-15.8170300,39.3069117,-2.5329365,-0.0940871,6.9369197,2.6272433
66.0858824,-16.1068093,39.1118347,-2.5649473,-0.0891266,7.0681074,2.6966533
66.4355432,-16.4033214,38.9253962,-2.5953712,-0.0847054,7.2002757,2.7520940
66.7852039,-16.7043096,38.7483592,-2.6241879,-0.0804577,7.3327054,2.8116587
67.1348647,-17.0104941,38.5796691,-2.6516348,-0.0765159,7.4655758,2.8672183
67.4845254,-17.3215594,38.4189944,-2.6777761,-0.0729108,7.5986794,2.9159080
67.8341862,-17.6358232,38.2666853,-2.7026120,-0.0694260,7.7316936,2.9693928
68.1838470,-17.9539193,38.1219407,-2.7263197,-0.0661938,7.8648361,3.0188915
68.5335077,-18.2758622,37.9843568,-2.7489717,-0.0632650,7.9979261,3.0601166
68.8831685,-18.6001208,37.8541886,-2.7705644,-0.0604469,8.1306105,3.1045694
69.2328292,-18.9267879,37.7309963,-2.7912121,-0.0577847,8.2630454,3.1485543
69.5824900,-19.2568751,37.6140850,-2.8110479,-0.0554877,8.3952231,3.1765637
69.9321507,-19.5886487,37.5037770,-2.8300476,-0.0533148,8.5265005,3.2045722
70.2818115,-19.9220759,37.3997750,-2.8483069,-0.0512816,8.6569185,3.2307029
70.6314722,-20.2577382,37.3016465,-2.8659415,-0.0495300,8.7864405,3.2432497
70.9811330,-20.5951361,37.2093272,-2.8829906,-0.0480115,8.9145730,3.2447429
71.3307937,-20.9337705,37.1227517,-2.8995151,-0.0466404,9.0409474,3.2410260
71.6804545,-21.2736593,37.0417339,-2.9156001,-0.0454262,9.1654378,3.2304783
72.0301152,-21.6151392,36.9660535,-2.9313318,-0.0445014,9.2878626,3.2008132
72.3797760,-21.9576433,36.8957210,-2.9467466,-0.0437362,9.4075921,3.1621648
72.7294367,-22.3010999,36.8306486,-2.9619124,-0.0431000,9.5243981,3.1164855
73.0790975,-22.6455319,36.7707531,-2.9768934,-0.0425910,9.6381318,3.0632603
73.4287583,-22.9908612,36.7159912,-2.9917363,-0.0422932,9.7486301,2.9938633
73.7784190,-23.3369086,36.6663499,-3.0064776,-0.0420855,9.8554280,2.9191654
74.1280798,-23.6836932,36.6217992,-3.0211626,-0.0419534,9.9584586,2.8401929
74.4777405,-24.0312200,36.5823270,-3.0358278,-0.0418909,10.0576888,2.7571913
74.8274013,-24.3790344,36.5479770,-3.0504795,-0.0419391,10.1530915,2.6656349
75.1770620,-24.7273806,36.5187238,-3.0651495,-0.0420138,10.2444816,2.5739939
75.5267228,-25.0762561,36.4945809,-3.0798573,-0.0421114,10.3319627,2.4825192
75.8763835,-25.4255320,36.4755747,-3.0946101,-0.0422323,10.4156388,2.3910552
76.2260443,-25.7747026,36.4617383,-3.1093593,-0.0421679,10.4956014,2.3224866
76.5757050,-26.1241996,36.4530420,-3.1240354,-0.0415742,10.5726919,2.3154553
76.9253658,-26.4739880,36.4494242,-3.1384071,-0.0405540,10.6489934,2.3589478
77.2750265,-26.8236506,36.4507646,3.1308114,-0.0393349,10.7261700,2.4273204
77.6246873,-27.1730711,36.4569088,3.1172831,-0.0380784,10.8050082,2.5021216
77.9743481,-27.5225995,36.4677106,3.1041886,-0.0367946,10.8856781,2.5823420
78.3240088,-27.8721984,36.4830207,3.0915423,-0.0354848,10.9683124,2.6680233
78.6736696,-28.2210501,36.5026359,3.0793852,-0.0341085,11.0530395,2.7643254
79.0233303,-28.5698249,36.5264204,3.0677047,-0.0326954,11.1401452,2.8679324
79.3729911,-28.9185554,36.5542113,3.0565169,-0.0312505,11.2298015,2.9785150
79.7226518,-29.2667839,36.5857952,3.0458536,-0.0297494,11.3221632,3.0995690
80.0723126,-29.6144981,36.6209810,3.0357265,-0.0281896,11.4174855,3.2318798
80.4219733,-29.9621081,36.6596211,3.0261414,-0.0265980,11.5160366,3.3724244
80.7716341,-30.3094387,36.7015048,3.0171230,-0.0249658,11.6179821,3.5228825
81.1212948,-30.6559671,36.7463623,3.0086972,-0.0232588,11.7235291,3.6885514
81.4709556,-31.0023827,36.7940720,3.0008630,-0.0215234,11.8330308,3.8637726
81.8206163,-31.3486737,36.8444242,2.9936406,-0.0197603,11.9466580,1.8265733
82.1702771,-31.6940930,36.8970873,2.9870590,-0.0179199,12.0000000,-0.9307015
82.5199378,-32.0394031,36.9519490,2.9811156,-0.0160532,11.9728501,-5.4284575
82.8695986,-32.3846352,37.0087877,2.9758294,-0.0141626,11.8132512,-5.7422494
83.2192594,-32.7292144,37.0672719,2.9712204,-0.0122188,11.6420456,-6.0509369
83.5689201,-33.0736437,37.1272451,2.9672912,-0.0102331,11.4588688,-6.3510082
83.9185809,-33.4180869,37.1884916,2.9640663,-0.0080785,11.2634044,-6.6565214
84.2682416,-33.7620869,37.2506477,2.9617835,-0.0049923,11.0548283,-7.0580485
84.6179024,-34.1059829,37.3133777,2.9609332,0.0012640,10.8292836,-6.6417110
84.9675631,-34.4501176,37.3759908,2.9627566,0.0088623,10.6126666,-6.0565007
85.3172239,-34.7941649,37.4375159,2.9668425,0.0144896,10.4112080,-5.5798306
85.6668846,-35.1385684,37.4973123,2.9728116,0.0194798,10.2220916,-5.1649822
86.0165454,-35.4837695,37.5548281,2.9804496,0.0241816,10.0438625,-4.7673505
86.3662061,-35.8290499,37.6093585,2.9897412,0.0289813,9.8765005,-4.4138703
86.7158669,-36.1750128,37.6604108,3.0006933,0.0335720,9.7189787,-4.0917301
87.0655276,-36.5216387,37.7074089,3.0132235,0.0380434,9.5706381,-3.8135811
87.4151884,-36.8687252,37.7497804,3.0272520,0.0422215,9.4302807,-3.5687655
87.7648492,-37.2165155,37.7870357,3.0427367,0.0461859,9.2970145,-3.3455192
88.1145099,-37.5646549,37.8186496,3.0595560,0.0500415,9.1703264,-3.1748807
88.4641707,-37.9136015,37.8441998,3.0776438,0.0534009,9.0484597,-3.0286805
88.8138314,-38.2628987,37.8632230,3.0969105,0.0565719,8.9306552,-2.8987625
89.1634922,-38.6119617,37.8753152,3.1171983,0.0596400,8.8164298,-2.8249710
89.5131529,-38.9621240,37.8801529,3.1385007,0.0620908,8.7036700,-2.7697066
89.8628137,-39.3119603,37.8773814,-3.1225232,0.0643895,8.5916795,-2.7298897
90.2124744,-39.6608024,37.8667633,-3.0996754,0.0665726,8.4798518,-2.7292593
90.5621352,-40.0106969,37.8479688,-3.0760932,0.0681119,8.3665558,-2.7418073
90.9117959,-40.3596321,37.8208661,-3.0519837,0.0694416,8.2511727,-2.7750735
91.2614567,-40.7068256,37.7854007,-3.0275384,0.0705686,8.1327230,-2.8272065
91.6111174,-41.0539677,37.7412769,-3.0027595,0.0711151,8.0102470,-2.9239067
91.9607782,-41.4003161,37.6884661,-2.9777995,0.0712070,7.8815802,-3.0560099
92.3104390,-41.7443448,37.6272018,-2.9529350,0.0709388,7.7448158,-3.2160924
92.6600997,-42.0859167,37.5576134,-2.9283365,0.0701664,7.5982294,-3.4120699
93.0097605,-42.4273807,37.4792871,-2.9039535,0.0689475,7.4395535,-3.6399827
93.3594212,-42.7665792,37.3928070,-2.8800202,0.0678177,7.2664598,-3.8688857
93.7090820,-43.1029945,37.2984880,-2.8565008,0.0672937,7.0778417,-4.0733827
94.0587427,-43.4367854,37.1963903,-2.8329858,0.0681791,6.8736627,-4.2191719
94.4084035,-43.7681865,37.0863083,-2.8086189,0.0715162,6.6555752,-4.0918864
94.7580642,-44.0970767,36.9677317,-2.7819862,0.0804425,6.4370130,-3.7420220
95.1077250,-44.4219832,36.8400643,-2.7515158,0.0946748,6.2304302,-3.1424085
95.4573857,-44.7422568,36.7017876,-2.7151883,0.1165487,6.0515045,-2.4065996
95.8070465,-45.0573338,36.5502975,-2.6701451,0.1430782,5.9108138,-1.5721087
96.1567072,-45.3652101,36.3827662,-2.6146010,0.1722899,5.8170706,-0.9865239
96.5063680,-45.6617370,36.1975522,-2.5507103,0.1934784,5.7574658,-0.6741698
96.8560287,-45.9449383,35.9929917,-2.4807380,0.2057852,5.7163757,-0.4352608
97.2056895,-46.2130919,35.7682580,-2.4068483,0.2150717,5.6896893,-0.2229303
97.5553503,-46.4636183,35.5239336,-2.3301113,0.2226886,5.6759725,-0.0970091
97.9050110,-46.6941969,35.2611339,-2.2515931,0.2270690,5.6699933,-0.0970091
98.2546718,-46.9034558,34.9808132,-2.1729935,0.2204480,5.6640077,0.1310065
98.6043325,-47.0905035,34.6851567,-2.0974020,0.2094908,5.6720894,0.4630562
98.9539933,-47.2552070,34.3769689,-2.0266303,0.1939438,5.7005635,0.8994611
99.3036540,-47.3988673,34.0582532,-1.9634547,0.1675043,5.7554701,1.6513916
99.6533148,-47.5238517,33.7311341,-1.9097614,0.1385587,5.8549372,2.4467271
100.0029755,-47.6326570,33.3989487,-1.8667605,0.1064347,5.9992782,3.3606699
100.3526363,-47.7288658,33.0636972,-1.8356093,0.0771253,6.1920536,4.2272025
100.7022970,-47.8160715,32.7251133,-1.8109672,0.0634587,6.4263288,4.5546856
101.0519578,-47.8950445,32.3855104,-1.7870282,0.0731957,6.6695495,3.9098146
101.4016185,-47.9653476,32.0440353,-1.7602254,0.0804429,6.8714706,3.3592397
101.7512793,-48.0262644,31.6994824,-1.7309801,0.0869010,7.0403336,2.8430705
102.1009401,-48.0768634,31.3518294,-1.6992995,0.0932198,7.1801474,2.3385299
102.4506008,-48.1157880,31.0058478,-1.6661155,0.0974489,7.2931407,1.9562032
102.8002616,-48.1430494,30.6572521,-1.6313739,0.1008744,7.3863331,1.6318750
103.1499223,-48.1580222,30.3067178,-1.5953950,0.1040890,7.4631844,1.3342634
103.4995831,-48.1602267,29.9575225,-1.5586926,0.1063415,7.5254369,1.1067610
103.8492438,-48.1494319,29.6078717,-1.5210540,0.1085311,7.5766868,0.8964206
104.1989046,-48.1253237,29.2584727,-1.4826016,0.1110202,7.6179439,0.6820434
104.5485653,-48.0877563,28.9109124,-1.4435586,0.1125787,7.6491853,0.5364625
104.8982261,-48.0364696,28.5647311,-1.4037405,0.1149058,7.6736690,0.3560628
105.2478868,-47.9713944,28.2213650,-1.3630712,0.1178025,7.6898764,0.1554073
105.5975476,-47.8922332,27.8805783,-1.3221360,0.1161265,7.6969395,0.2415676
105.9472083,-47.7994253,27.5436382,-1.2822509,0.1101869,7.7079058,0.5743221
106.2968691,-47.6937223,27.2104788,-1.2454655,0.1002193,7.7339154,1.1250490
106.6465298,-47.5763384,26.8810846,-1.2119822,0.0913143,7.7846142,1.5834695
106.9961906,-47.4485002,26.5556152,-1.1815959,0.0823691,7.8554168,2.0309988
107.3458514,-47.3113787,26.2340433,-1.1544009,0.0732185,7.9453064,2.4873799
107.6955121,-47.1659947,25.9159290,-1.1303662,0.0642314,8.0540283,2.9377429
108.0451729,-47.0135270,25.6012148,-1.1094625,0.0553161,8.1805745,3.3962104
108.3948336,-46.8550844,25.2896707,-1.0916856,0.0464062,8.3244725,3.8750959
108.7444944,-46.6914364,24.9804174,-1.0770026,0.0375175,8.4856809,4.3812086
109.0941551,-46.5238408,24.6735216,-1.0653752,0.0294676,8.6643322,4.8613248
109.4438159,-46.3532066,24.3685836,-1.0563053,0.0224256,8.8583453,5.3034690
109.7934766,-46.1798214,24.0646282,-1.0484639,0.0227528,9.0652696,5.1822217
110.1431374,-46.0041716,23.7623261,-1.0403144,0.0243324,9.2629990,4.9532906
110.4927981,-45.8260692,23.4617300,-1.0313571,0.0269467,9.4481265,4.6251807
110.8424589,-45.6448782,23.1623859,-1.0214809,0.0295060,9.6177743,4.2915235
111.1921196,-45.4607501,22.8651580,-1.0107163,0.0320577,9.7725502,-3.2839209
111.5417804,-45.2734126,22.5701845,-0.9990711,0.0345954,9.6543369,-4.2213939
111.8914412,-45.0823063,22.2771691,-0.9865257,0.0371279,9.5002163,-4.0961712
112.2411019,-44.8875096,21.9868063,-0.9730992,0.0396790,9.3482388,-3.9813308
112.5907627,-44.6887816,21.6992855,-0.9587839,0.0422428,9.1981160,-3.8722075
112.9404234,-44.4857145,21.4145724,-0.9435501,0.0448722,9.0497193,-3.7679291
113.2900842,-44.2782450,21.1331355,-0.9273931,0.0475792,8.9029448,-3.6701772
113.6397449,-44.0661584,20.8552345,-0.9102824,0.0503450,8.7576134,-3.5730342
113.9894057,-43.8491725,20.5810610,-0.8921690,0.0532481,8.6137734,-3.4732021
114.3390664,-43.6271530,20.3110178,-0.8730220,0.0563391,8.4716119,-3.3762343
114.6887272,-43.3998384,20.0453759,-0.8527770,0.0595501,8.3310944,-3.2775958
115.0383879,-43.1669978,19.7844776,-0.8313534,0.0629505,8.1923770,-3.1649567
115.3880487,-42.9286024,19.5289150,-0.8087003,0.0667299,8.0561603,-3.0539728
115.7377094,-42.6842205,19.2788883,-0.7847017,0.0706660,7.9225002,-2.9462359
116.0873702,-42.4335757,19.0348232,-0.7592589,0.0747368,7.7913827,-2.7817228
116.4370309,-42.1769584,18.7977125,-0.7322562,0.0799108,7.6655284,-2.6202547
116.7866917,-41.9135469,18.5676258,-0.7033803,0.0852222,7.5450596,-2.4498016
117.1363525,-41.6433134,18.3454317,-0.6725900,0.0908600,7.4306612,-2.3424570
117.4860132,-41.3663816,18.1320790,-0.6400169,0.0955494,7.3196035,-2.2546729
117.8356740,-41.0823424,17.9280011,-0.6057711,0.1000433,7.2110924,-2.1820784
118.1853347,-40.7914534,17.7340626,-0.5700362,0.1044149,7.1044971,-2.1603328
118.5349955,-40.4935339,17.5507610,-0.5329026,0.1079877,6.9973647,-2.1337716
118.8846562,-40.1889273,17.3788586,-0.4944492,0.1118468,6.8899144,-2.0893749
119.2343170,-39.8781236,17.2191514,-0.4546369,0.1162679,6.7830506,-1.9297057
119.5839777,-39.5606598,17.0720551,-0.4127527,0.1232651,6.6828355,-1.7634283
119.9336385,-39.2372057,16.9388101,-0.3683487,0.1305087,6.5899232,-1.5877803
120.2832992,-38.9084438,16.8206220,-0.3214210,0.1380048,6.5051302,-1.4364911
120.6329600,-38.5739825,16.7182978,-0.2719640,0.1449493,6.4274528,-1.2950444
120.9826207,-38.2345618,16.6330068,-0.2200303,0.1516311,6.3566105,-1.1428505
121.3322815,-37.8916155,16.5659395,-0.1658125,0.1584725,6.2934313,-0.9785407
121.6819423,-37.5456696,16.5179815,-0.1092838,0.1654270,6.2388270,-0.7988155
122.0316030,-37.1965364,16.4900243,-0.0501218,0.1724766,6.1938949,-0.5662036
122.3812638,-36.8468889,16.4832064,0.0115869,0.1803703,6.1618484,-0.2948108
122.7309245,-36.4981242,16.4984139,0.0760706,0.1885254,6.1450962,-0.1137076
123.0805853,-36.1505702,16.5365575,0.1428545,0.1937229,6.1386228,-0.1137076
123.4302460,-35.8057818,16.5980423,0.2093489,0.1830119,6.1321425,0.3047054
123.7799068,-35.4661050,16.6813523,0.2707512,0.1670364,6.1494925,0.8691989
124.1295675,-35.1324378,16.7841427,0.3258364,0.1484496,6.1987182,1.4800117
124.4792283,-34.8047714,16.9039755,0.3742058,0.1283208,6.2816488,2.1175060
124.8288890,-34.4815352,17.0388127,0.4146433,0.1017911,6.3984318,3.0091431
125.1785498,-34.1639724,17.1847549,0.4452847,0.0733297,6.5608146,4.0136890
125.5282105,-33.8506822,17.3385666,0.4659882,0.0472965,6.7713475,4.9930471
125.8778713,-33.5401786,17.4974283,0.4785446,0.0256249,7.0244496,5.8867017
126.2275320,-33.2304538,17.6594305,0.4843209,0.0122115,7.3116065,6.4858665
126.5771928,-32.9214330,17.8232472,0.4914870,0.0278197,7.6154642,5.5115851
126.9268536,-32.6161424,17.9889457,0.5040314,0.0443254,7.8644558,4.3718598
127.2765143,-32.3112954,18.1604769,0.5215095,0.0529987,8.0564881,3.6641570
127.6261751,-32.0077556,18.3387613,0.5408422,0.0563194,8.2139774,3.2965722
127.9758358,-31.7107515,18.5211082,0.5603674,0.0559062,8.3531304,3.1886095
128.3254966,-31.4163183,18.7098694,0.5796568,0.0534268,8.4855555,3.2357492
128.6751573,-31.1241810,18.9049839,0.5978565,0.0501429,8.6178582,3.3519127
129.0248181,-30.8374062,19.1038341,0.6144080,0.0449195,8.7528021,3.6274739
129.3744788,-30.5527476,19.3079156,0.6292829,0.0395822,8.8965339,3.9283086
129.7241396,-30.2712053,19.5157327,0.6421184,0.0338961,9.0496114,4.2769465
130.0738003,-29.9919741,19.7269930,0.6529121,0.0277245,9.2133830,4.6904215
130.4234611,-29.7150148,19.9407962,0.6615695,0.0218860,9.3897039,5.1043439
130.7731218,-29.4398554,20.1565964,0.6682671,0.0164108,9.5778973,5.1037847
131.1227826,-29.1650858,20.3746594,0.6731251,0.0114321,9.7624435,4.9878233
131.4724434,-28.8927312,20.5925854,0.6762815,0.0073756,9.9394867,4.8763834
131.8221041,-28.6198540,20.8121585,0.6788722,0.0074232,10.1095774,4.7800992
132.1717649,-28.3475898,21.0323284,0.6807120,0.0009657,10.2735769,4.6929325
132.5214256,-28.0766589,21.2515486,0.6792435,-0.0098026,10.4320779,-3.7322109
132.8710864,-27.8042558,21.4703911,0.6735987,-0.0227159,10.3062231,-3.9536987
133.2207471,-27.5294667,21.6875894,0.6634135,-0.0353635,10.1712009,-2.6972206
133.5704079,-27.2527034,21.9008305,0.6487930,-0.0483351,10.0780506,-1.4340881
133.9200686,-26.9727251,22.1091087,0.6296182,-0.0613475,10.0281711,-0.3758425
134.2697294,-26.6876584,22.3118753,0.6062904,-0.0720510,10.0150577,-0.3020222
134.6193901,-26.3976519,22.5074887,0.5805575,-0.0729342,10.0045075,-0.3020222
134.9690509,-26.1030820,22.6954596,0.5556867,-0.0679359,9.9939461,0.2132518
135.3187116,-25.8042221,22.8763612,0.5334342,-0.0595274,10.0014044,1.0437488
135.6683724,-25.5014431,23.0511267,0.5140183,-0.0514170,10.0378288,1.8152879
136.0180332,-25.1956781,23.2203277,0.4971990,-0.0449717,10.1008651,2.4037831
136.3676939,-24.8874159,23.3846325,0.4825131,-0.0395207,10.1837367,2.8884288
136.7173547,-24.5767431,23.5447520,0.4695016,-0.0357407,10.2824333,3.2021586
137.0670154,-24.2633652,23.7013147,0.4572428,-0.0341649,10.3907542,3.2854998
137.4166762,-23.9495534,23.8532897,0.4444769,-0.0389351,10.5007330,2.6740799
137.7663369,-23.6331502,24.0012640,0.4302595,-0.0420706,10.5894020,2.2440208
138.1159977,-23.3138094,24.1449273,0.4150991,-0.0444723,10.6632419,1.9001860
138.4656584,-22.9922881,24.2835947,0.3991355,-0.0466963,10.7253703,1.5812487
138.8153192,-22.6696605,24.4165492,0.3825654,-0.0482174,10.7767977,1.3496078
139.1649799,-22.3439782,24.5443872,0.3654494,-0.0494851,10.8204981,1.1528331
139.5146407,-22.0155642,24.6667732,0.3479161,-0.0505967,10.8576876,0.9794576
139.8643014,-21.6863912,24.7828624,0.3301459,-0.0512720,10.8891843,0.8626627
140.2139622,-21.3544838,24.8932703,0.3120845,-0.0518836,10.9168500,0.7570230
140.5636229,-21.0203165,24.9977289,0.2938195,-0.0524783,10.9410702,0.6567621
140.9132837,-20.6849230,25.0958569,0.2754211,-0.0528721,10.9620392,0.5839574
141.2629445,-20.3474312,25.1878606,0.2568460,-0.0532168,10.9806502,0.5195644
141.6126052,-20.0083258,25.2735539,0.2381759,-0.0535915,10.9971824,0.4538188
141.9622660,-19.6676869,25.3528710,0.2193309,-0.0542221,11.0116023,0.3593894
142.3119267,-19.3256145,25.4257142,0.2002894,-0.0543360,11.0230084,0.3311693
142.6615875,-18.9824713,25.4920004,0.1813871,-0.0537002,11.0335085,0.3952787
143.0112482,-18.6378803,25.5519221,0.1631305,-0.0506729,11.0460281,0.7489794
143.3609090,-18.2923831,25.6057124,0.1459422,-0.0476958,11.0697115,1.0856620
143.7105697,-17.9461434,25.6537190,0.1297700,-0.0448327,11.1039515,1.4001725
144.0602305,-17.5989975,25.6963177,0.1146035,-0.0418885,11.1479554,1.7192234
144.4098912,-17.2513324,25.7338197,0.1004754,-0.0389113,11.2017499,2.0388032
144.7595520,-16.9033153,25.7665769,0.0873964,-0.0359177,11.2652110,2.3589254
145.1092127,-16.5547327,25.7949762,0.0753618,-0.0328994,11.3381933,2.6827208
145.4588735,-16.2058795,25.8193608,0.0643868,-0.0298650,11.4206266,3.0111064
145.8085343,-15.8569345,25.8400931,0.0544797,-0.0268175,11.5124473,3.3457700
146.1581950,-15.5076539,25.8575605,0.0456343,-0.0237645,11.6136218,3.6877419
146.5078558,-15.1582238,25.8721230,0.0378297,-0.0209451,11.7241259,3.9728198
146.8575165,-14.8088590,25.8841200,0.0309705,-0.0185484,11.8420187,3.9184582
147.2071773,-14.4593192,25.8938395,0.0247003,-0.0173137,11.9571597,1.4676095
147.5568380,-14.1096430,25.9014420,0.0188347,-0.0162745,12.0000000,0.0000000
147.9064988,-13.7601187,25.9070517,0.0133231,-0.0151949,12.0000000,0.0000000
148.2561595,-13.4105370,25.9108074,0.0082391,-0.0138849,12.0000000,0.0000000
148.6058203,-13.0607795,25.9128653,0.0035988,-0.0126635,12.0000000,0.0000000
148.9554810,-12.7111567,25.9133743,-0.0006170,-0.0114550,12.0000000,0.0000000
149.3051418,-12.3616169,25.9124835,-0.0044094,-0.0102408,12.0000000,0.0000000
149.6548025,-12.0118395,25.9103390,-0.0077828,-0.0090471,12.0000000,0.0000000
150.0044633,-11.6621978,25.9070891,-0.0107370,-0.0078557,12.0000000,0.0000000
150.3541240,-11.3126717,25.9028804,-0.0132753,-0.0066670,12.0000000,0.0000000
150.7037848,-10.9629743,25.8978539,-0.0154017,-0.0054907,12.0000000,0.0000000
151.0534456,-10.6133342,25.8921567,-0.0171160,-0.0043183,12.0000000,0.0000000
151.4031063,-10.2637949,25.8859334,-0.0184211,-0.0031548,12.0000000,0.0000000
151.7527671,-9.9142009,25.8793229,-0.0193263,-0.0020211,12.0000000,0.0000000
152.1024278,-9.5645585,25.8724621,-0.0198590,-0.0010624,12.0000000,0.0000000
152.4520886,-9.2149986,25.8654726,-0.0200803,-0.0003013,12.0000000,0.0000000
152.8017493,-8.8654715,25.8584447,-0.0200986,0.0001975,12.0000000,0.0000000
153.1514101,-8.5158170,25.8514368,-0.0199579,0.0006023,12.0000000,0.0000000
153.5010708,-8.1662299,25.8445038,-0.0196774,0.0010013,12.0000000,0.0000000
153.8507316,-7.8166886,25.8376942,-0.0192577,0.0013994,12.0000000,0.0000000
154.2003923,-7.4670662,25.8310541,-0.0186991,0.0017959,12.0000000,0.0000000
154.5500531,-7.1174529,25.8246338,-0.0180018,0.0021921,12.0000000,0.0000000
154.8997138,-6.7678728,25.8184821,-0.0171661,0.0025883,12.0000000,0.0000000
155.2493746,-6.4182753,25.8126466,-0.0161918,0.0029845,12.0000000,0.0000000
155.5990354,-6.0686402,25.8071755,-0.0150788,0.0033817,12.0000000,0.0000000
155.9486961,-5.7190271,25.8021182,-0.0138269,0.0037798,12.0000000,0.0000000
156.2983569,-5.3694158,25.7975230,-0.0124356,0.0041787,12.0000000,0.0000000
156.6480176,-5.0197718,25.7934385,-0.0109041,0.0045805,12.0000000,0.0000000
156.9976784,-4.6701361,25.7899141,-0.0092321,0.0049844,12.0000000,0.0000000
157.3473391,-4.3204935,25.7869990,-0.0074185,0.0053902,12.0000000,0.0000000
157.6969999,-3.9708408,25.7847429,-0.0054622,0.0057994,12.0000000,0.0000000
158.0466606,-3.6211989,25.7831960,-0.0033623,0.0062130,12.0000000,0.0000000
158.3963214,-3.2715437,25.7824086,-0.0011174,0.0066295,12.0000000,0.0000000
158.7459821,-2.9218592,25.7824318,0.0012743,0.0070490,12.0000000,0.0000000
159.0956429,-2.5722352,25.7833169,0.0038136,0.0074764,12.0000000,0.0000000
159.4453036,-2.2225943,25.7851160,0.0065026,0.0079076,12.0000000,0.0000000
159.7949644,-1.8729183,25.7878822,0.0093436,0.0083426,12.0000000,0.0000000
160.1446251,-1.5232921,25.7916681,0.0123381,0.0087853,12.0000000,0.0000000
160.4942859,-1.1737024,25.7965276,0.0154880,0.0092352,12.0000000,0.0000000
160.8439467,-0.8240783,25.8025169,0.0187962,0.0096898,12.0000000,0.0000000
161.1936074,-0.4744513,25.8096914,0.0222656,0.0101507,12.0000000,0.0000000
161.5432682,-0.1249626,25.8181043,0.0258966,0.0106232,12.0000000,0.0000000
161.8929289,0.2245558,25.8278169,0.0296939,0.0111012,12.0000000,0.0000000
162.2425897,0.5741201,25.8388890,0.0336609,0.0115845,12.0000000,0.0000000
162.5922504,0.9234842,25.8513718,0.0377979,0.0120818,12.0000000,0.0000000
162.9419112,1.2728271,25.8653295,0.0420817,0.0123377,12.0000000,0.0000000
163.2915719,1.6222064,25.8807980,0.0464053,0.0121314,12.0000000,0.0000000
163.6412327,1.9714508,25.8977295,0.0503960,0.0106966,12.0000000,0.0000000
163.9908934,2.3205577,25.9159594,0.0538431,0.0089560,12.0000000,0.0000000
164.3405542,2.6697194,25.9352888,0.0566562,0.0071293,12.0000000,0.0000000
164.6902149,3.0188726,25.9554910,0.0588295,0.0053021,12.0000000,0.0000000
165.0398757,3.3677865,25.9763282,0.0603619,0.0034665,12.0000000,0.0000000
165.3895365,3.7168036,25.9975961,0.0612542,0.0016319,12.0000000,0.0000000
165.7391972,4.0659645,26.0190730,0.0615039,-0.0002004,12.0000000,0.0000000
166.0888580,4.4147958,26.0405045,0.0611102,-0.0020487,12.0000000,0.0000000
166.4385187,4.7637812,26.0616947,0.0600726,-0.0038902,12.0000000,0.0000000
166.7881795,5.1129755,26.0824210,0.0583908,-0.0057277,12.0000000,0.0000000
167.1378402,5.4619375,26.1024315,0.0560600,-0.0076031,12.0000000,0.0000000
167.4875010,5.8110088,26.1215182,0.0530841,-0.0094011,12.0000000,-1.0882091
167.8371617,6.1603471,26.1394682,0.0494866,-0.0112330,11.9682493,-5.8517295
168.1868225,6.5095288,26.1560298,0.0451745,-0.0134257,11.7960481,-5.7349308
168.5364832,6.8586491,26.1709571,0.0402252,-0.0145989,11.6248093,-5.6422594
168.8861440,7.2082541,26.1841190,0.0349836,-0.0156536,11.4538394,-5.3791731
169.2358047,7.5576852,26.1953412,0.0290839,-0.0180912,11.2884306,-4.9987274
169.5854655,7.9071610,26.2043417,0.0222015,-0.0215862,11.1325176,-4.5916078
169.9351262,8.2569977,26.2107082,0.0139643,-0.0254525,10.9873536,-4.2265112
170.2847870,8.6066246,26.2139604,0.0044256,-0.0291157,10.8520159,-3.8857586
170.6344478,8.9563138,26.2136539,-0.0063864,-0.0326940,10.7260829,-3.5615523
170.9841085,9.3060525,26.2093473,-0.0184482,-0.0362310,10.6093442,-3.2701853
171.3337693,9.6556235,26.2006150,-0.0316959,-0.0395621,10.5010130,-3.0070534
171.6834300,10.0051464,26.1870444,-0.0460982,-0.0427051,10.4004027,-2.7581160
172.0330908,10.3542525,26.1682637,-0.0615734,-0.0457688,10.3072579,-2.5454719
172.3827515,10.7031652,26.1438926,-0.0780583,-0.0485330,10.2205412,-2.3595820
172.7324123,11.0517198,26.1135941,-0.0955033,-0.0510717,10.1394949,-2.1860212
173.0820730,11.3992577,26.0771183,-0.1137872,-0.0535107,10.0638275,-2.0514758
173.4317338,11.7464456,26.0341045,-0.1328613,-0.0555837,9.9922962,-1.9444077
173.7813945,12.0928584,25.9843306,-0.1526549,-0.0573966,9.9240222,-1.8513812
174.1310553,12.4375872,25.9277133,-0.1730159,-0.0590781,9.8585753,-1.7965830
174.4807160,12.7814642,25.8639230,-0.1938970,-0.0603835,9.7946474,-1.7771918
174.8303768,13.1243206,25.7928014,-0.2152292,-0.0613412,9.7309963,-1.7771306
175.1800376,13.4648655,25.7145002,-0.2368213,-0.0621015,9.6669283,-1.7771674
175.5296983,13.8033483,25.6289059,-0.2585713,-0.0625295,9.6024316,-1.8090333
175.8793591,14.1411672,25.5355829,-0.2804805,-0.0624548,9.5363303,-1.8899487
176.2290198,14.4761798,25.4351017,-0.3022891,-0.0621157,9.4667795,-1.9975300
176.5786806,14.8082541,25.3275952,-0.3238613,-0.0614486,9.3927099,-2.1375331
176.9283413,15.1384250,25.2128241,-0.3451699,-0.0604256,9.3127964,-2.3134459
177.2780021,15.4666827,25.0908795,-0.3661507,-0.0593674,9.2255262,-2.4971008
177.6276628,15.7917707,24.9623679,-0.3867213,-0.0585183,9.1303920,-2.6679793
177.9773236,16.1138245,24.8273832,-0.4070366,-0.0581951,9.0276399,-2.8007298
178.3269843,16.4330946,24.6858609,-0.4274773,-0.0588056,8.9185016,-2.7212777
178.6766451,16.7498177,24.5375416,-0.4486326,-0.0619938,8.8111647,-2.3263045
179.0263058,17.0627653,24.3825872,-0.4712905,-0.0684524,8.7183593,-1.4236775
179.3759666,17.3718349,24.2202205,-0.4969012,-0.0813537,8.6610727,-0.4466261
179.7256274,17.6767035,24.0488355,-0.5282056,-0.0947605,8.6430229,-0.2374624
180.0752881,17.9763122,23.8672017,-0.5619557,-0.0977712,8.6334108,-0.2244382
180.4249489,18.2681984,23.6763692,-0.5961355,-0.0981462,8.6243161,-0.2244382
180.7746096,18.5538243,23.4753401,-0.6304462,-0.0983444,8.6152118,-0.2232730
181.1242704,18.8329618,23.2641624,-0.6649071,-0.0985068,8.6061451,-0.2194709
181.4739311,19.1049567,23.0432316,-0.6994454,-0.0986354,8.5972236,-0.2133951
181.8235919,19.3679020,22.8141737,-0.7338015,-0.0984196,8.5885401,-0.1823075
182.1732526,19.6234864,22.5755947,-0.7681740,-0.0980476,8.5811147,-0.1419852
182.5229134,19.8713088,22.3278067,-0.8024613,-0.0975877,8.5753272,-0.0981293
182.8725741,20.1096720,22.0726351,-0.8363716,-0.0967060,8.5713250,-0.0264512
183.2222349,20.3394689,21.8093441,-0.8700021,-0.0955915,8.5702459,0.0572595
183.5718956,20.5608205,21.5379125,-0.9032881,-0.0943933,8.5725817,0.1413624
183.9215564,20.7725981,21.2599781,-0.9359739,-0.0927609,8.5783457,0.2518609
184.2712171,20.9753045,20.9752609,-0.9680910,-0.0908486,8.5886057,0.3760456
184.6208779,21.1692091,20.6837165,-0.9995641,-0.0888537,8.6039017,0.4990392
184.9705387,21.3535894,20.3869014,-1.0301657,-0.0863660,8.6241587,0.6520017
185.3201994,21.5290313,20.0844776,-1.0599188,-0.0836432,8.6505532,0.8150023
185.6698602,21.6957467,19.7766808,-1.0887069,-0.0808342,8.6834337,0.9774099
186.0195209,21.8534185,19.4648691,-1.1163537,-0.0774684,8.7227028,1.1761858
186.3691817,22.0027286,19.1486043,-1.1428679,-0.0739749,8.7697250,1.3786601
186.7188424,22.1438449,18.8284918,-1.1681038,-0.0703445,8.8245228,1.5871367
187.0685032,22.2769560,18.5052485,-1.1919746,-0.0662242,8.8871886,1.8311460
187.4181639,22.4026108,18.1788385,-1.2144289,-0.0620420,8.9589442,2.0781518
187.7678247,22.5211230,17.8498699,-1.2353465,-0.0576344,9.0396890,1.8857009
188.1174854,22.6330169,17.5184584,-1.2547896,-0.0535955,9.1123372,-3.0880591
188.4671462,22.7386334,17.1851441,-1.2728995,-0.0508282,8.9930608,-3.4313305
188.8168069,22.8382876,16.8499358,-1.2907980,-0.0515644,8.8586421,-3.1420623
189.1664677,22.9318777,16.5128071,-1.3095950,-0.0575277,8.7337408,-2.5957913
189.5161285,23.0185384,16.1743367,-1.3311997,-0.0661927,8.6291909,-2.0386908
189.8657892,23.0974553,15.8334602,-1.3559021,-0.0750535,8.5461825,-1.7608499
190.2154500,23.1673948,15.4907625,-1.3833308,-0.0801582,8.4738323,-1.6741460
190.5651107,23.2276230,15.1467603,-1.4117617,-0.0826643,8.4044671,-1.6135415
190.9147715,23.2780251,14.8002517,-1.4410691,-0.0848292,8.3370669,-1.5818698
191.2644322,23.3180830,14.4526996,-1.4711241,-0.0866153,8.2704563,-1.5784723
191.6140930,23.3475275,14.1049998,-1.5015903,-0.0880371,8.2034498,-1.5745430
191.9637537,23.3663581,13.7550603,-1.5325117,-0.0885123,8.1360603,-1.6350236
192.3134145,23.3743222,13.4052544,-1.5635608,-0.0886594,8.0654863,-1.7212715
192.6630752,23.3714553,13.0564001,-1.5944587,-0.0884182,7.9905161,-1.8360791
193.0127360,23.3577727,12.7064655,-1.6252323,-0.0873461,7.9097622,-2.0111230
193.3623967,23.3334071,12.3572359,-1.6555882,-0.0859160,7.8203527,-2.2156753
193.7120575,23.2986579,12.0098155,-1.6852785,-0.0841381,7.7206507,-2.4484294
194.0617182,23.2537420,11.6636913,-1.7142787,-0.0819135,7.6089557,-2.7204946
194.4113790,23.1987122,11.3177996,-1.7428153,-0.0810079,7.4828943,-2.9222693
194.7610398,23.1340644,10.9744550,-1.7709746,-0.0805043,7.3450733,-3.1181509
195.1107005,23.0598635,10.6333589,-1.7991034,-0.0832871,7.1951033,-2.7468997
195.4603613,22.9755457,10.2940319,-1.8302408,-0.0943562,7.0603502,-1.6360834
195.8100220,22.8799379,9.9581825,-1.8675103,-0.1193092,6.9788536,-0.7124593
196.1596828,22.7703978,9.6263854,-1.9129961,-0.1396710,6.9430655,-0.1451558
196.5093435,22.6446601,9.2999335,-1.9646937,-0.1517525,6.9357515,-0.1451558
196.8590043,22.5018017,8.9803892,-2.0176905,-0.1511346,6.9284297,-0.0997865
197.2086650,22.3427345,8.6695444,-2.0695474,-0.1457950,6.9233919,0.1669197
197.5583258,22.1678267,8.3668350,-2.1196150,-0.1404633,6.9318169,0.4057370
197.9079865,21.9780829,8.0728178,-2.1678814,-0.1352672,6.9522533,0.6161701
198.2576473,21.7747929,7.7883043,-2.2141982,-0.1297828,6.9831746,0.8240319
198.6073080,21.5589122,7.5134224,-2.2585327,-0.1237770,7.0243142,1.0438337
198.9569688,21.3311690,7.2479490,-2.3008014,-0.1176084,7.0760841,1.2601445
199.3066296,21.0926876,6.9920556,-2.3408045,-0.1111970,7.1380818,1.4805209
199.6562903,20.8445746,6.7457238,-2.3783528,-0.1037001,7.2102408,1.7520086
200.0059511,20.5876057,6.5084717,-2.4133453,-0.0962313,7.2947097,2.0186919
200.3556118,20.3229128,6.2801003,-2.4456860,-0.0892190,7.3908392,2.2616273
200.7052726,20.0511869,6.0600914,-2.4759695,-0.0839364,7.4970733,2.4126586
201.0549333,19.7731858,5.8482114,-2.5044915,-0.0794379,7.6087668,2.5263813
201.4045941,19.4893685,5.6441024,-2.5315215,-0.0754106,7.7239941,2.6209734
201.7542548,19.2000915,5.4474318,-2.5572812,-0.0718459,7.8417465,2.6964258
202.1039156,18.9062822,5.2583064,-2.5818602,-0.0688342,7.9610713,2.7461364
202.4535763,18.6078769,5.0762241,-2.6054103,-0.0659795,8.0807852,2.7945603
202.8032371,18.3051181,4.9009412,-2.6280184,-0.0632814,8.2008161,2.8411742
203.1528978,17.9987975,4.7325361,-2.6496873,-0.0607022,8.3210744,2.8880333
203.5025586,17.6890207,4.5706928,-2.6704529,-0.0581184,8.4415605,2.9434582
203.8522193,17.3757575,4.4150482,-2.6903351,-0.0555267,8.5626145,3.0076362
204.2018801,17.0595798,4.2655393,-2.7092885,-0.0528737,8.6845651,3.0845929
204.5515409,16.7409531,4.1220147,-2.7272794,-0.0500648,8.8078825,3.1819354
204.9012016,16.4195957,3.9839746,-2.7442967,-0.0471750,8.9333079,3.2944379
205.2508624,16.0959203,3.8512209,-2.7602717,-0.0441717,9.0613388,3.4253915
205.6005231,15.7705882,3.7236158,-2.7751413,-0.0409171,9.1925682,3.5873828
205.9501839,15.4432241,3.6005873,-2.7888783,-0.0375596,9.3280247,3.7693009
206.2998446,15.1141554,3.4818277,-2.8014075,-0.0340855,9.4682627,3.9737944
206.6495054,14.7840056,3.3671002,-2.8126640,-0.0303325,9.6138940,4.2175611
206.9991661,14.4524767,3.2558193,-2.8226114,-0.0264818,9.7660836,4.4864668
207.3488269,14.1198727,3.1475944,-2.8311802,-0.0225236,9.9254154,4.7838446
207.6984876,13.7865767,3.0420344,-2.8383193,-0.0183252,10.0925377,4.7891466
208.0481484,13.4525187,2.9385833,-2.8439888,-0.0140456,10.2571180,4.7016878
208.3978091,13.1179981,2.8367865,-2.8481365,-0.0097140,10.4161635,4.6170149
208.7474699,12.7830776,2.7361270,-2.8509290,-0.0062565,10.5700161,4.5349614
209.0971307,12.4479219,2.6362112,-2.8527421,-0.0051752,10.7189848,4.4553764
209.4467914,12.1127443,2.5369573,-2.8547010,-0.0060977,10.8633501,4.3781229
209.7964522,11.7771053,2.4383613,-2.8571545,-0.0079375,11.0033673,4.3033455
210.1461129,11.4412331,2.3407120,-2.8602930,-0.0101470,11.1392780,4.2412594
210.4957737,11.1053467,2.2443509,-2.8642709,-0.0125616,11.2716245,4.1806944
210.8454344,10.7687225,2.1493665,-2.8689866,-0.0143991,11.4005775,4.1215805
211.1950952,10.4317707,2.0561032,-2.8741449,-0.0145222,11.5262950,4.0638533
211.5447559,10.0944158,1.9645669,-2.8790836,-0.0137920,11.6489234,4.0074527
211.8944167,9.7565011,1.8746302,-2.8838339,-0.0133788,11.7685987,3.9523228
212.2440774,9.4181446,1.7862681,-2.8884307,-0.0128886,11.8854474,3.8984116
212.5937382,9.0794899,1.6994562,-2.8928444,-0.0123655,11.9995876,0.0141530
212.9433989,8.7404309,1.6141014,-2.8970794,-0.0118586,12.0000000,0.0000000
213.2930597,8.4009569,1.5301372,-2.9011360,-0.0113395,12.0000000,0.0000000
213.6427204,8.0612190,1.4475358,-2.9050088,-0.0108145,12.0000000,0.0000000
213.9923812,7.7211900,1.3662240,-2.9086979,-0.0102879,12.0000000,0.0000000
214.3420420,7.3807852,1.2861158,-2.9122032,-0.0097586,12.0000000,0.0000000
214.6917027,7.0401586,1.2071812,-2.9155223,-0.0092270,12.0000000,0.0000000
215.0413635,6.6993113,1.1293531,-2.9186551,-0.0086939,12.0000000,0.0000000
215.3910242,6.3581612,1.0525463,-2.9216022,-0.0081610,12.0000000,0.0000000
215.7406850,6.0168186,0.9767189,-2.9243625,-0.0076277,12.0000000,0.0000000
216.0903457,5.6753009,0.9018078,-2.9269361,-0.0070941,12.0000000,0.0000000
216.4400065,5.3335684,0.8277377,-2.9293236,-0.0065618,12.0000000,0.0000000
216.7896672,4.9916641,0.7544512,-2.9315251,-0.0060304,12.0000000,0.0000000
217.1393280,4.6496281,0.6818904,-2.9335407,-0.0054995,12.0000000,0.0000000
217.4889887,4.3074475,0.6099864,-2.9353711,-0.0049700,12.0000000,0.0000000
217.8386495,3.9651206,0.5386726,-2.9370167,-0.0044422,12.0000000,0.0000000
218.1883102,3.6227032,0.4678947,-2.9384777,-0.0039153,12.0000000,0.0000000
218.5379710,3.2802029,0.3975884,-2.9397547,-0.0033893,12.0000000,0.0000000
218.8876318,2.9375802,0.3276801,-2.9408483,-0.0028651,12.0000000,0.0000000
219.2372925,2.5949066,0.2581189,-2.9417585,-0.0023416,12.0000000,0.0000000
219.5869533,2.2521968,0.1888425,-2.9424858,-0.0018186,12.0000000,0.0000000
219.9366140,1.9094096,0.1197774,-2.9430305,-0.0012968,12.0000000,0.0000000
220.2862748,1.5665970,0.0508688,-2.9433927,-0.0007752,12.0000000,0.0000000
220.6359355,1.2237882,-0.0179423,-2.9435725,-0.0002536,12.0000000,0.0000000
220.9855963,0.8809588,-0.0867259,-2.9435700,0.0002679,12.0000000,0.0000000
221.3352570,0.5381198,-0.1555449,-2.9433851,0.0007898,12.0000000,0.0000000
221.6849178,0.1953244,-0.2244536,-2.9430176,0.0013123,12.0000000,0.0000000
222.0345785,-0.1474298,-0.2935177,-2.9424673,0.0018357,12.0000000,0.0000000
222.3842393,-0.4901831,-0.3628106,-2.9417337,0.0023602,12.0000000,0.0000000
222.7339000,-0.8328526,-0.4323810,-2.9408165,0.0028861,12.0000000,0.0000000
223.0835608,-1.1754223,-0.5022911,-2.9397153,0.0034135,12.0000000,0.0000000
223.4332216,-1.5179649,-0.5726217,-2.9384291,0.0039429,12.0000000,0.0000000
223.7828823,-1.8603914,-0.6434207,-2.9369576,0.0044743,12.0000000,0.0000000
224.1325431,-2.2026770,-0.7147491,-2.9353000,0.0050076,12.0000000,0.0000000
224.4822038,-2.5448638,-0.7866823,-2.9334554,0.0055433,12.0000000,0.0000000
224.8318646,-2.8869219,-0.8592811,-2.9314231,0.0060814,12.0000000,0.0000000
225.1815253,-3.2287957,-0.9326009,-2.9292024,0.0066215,12.0000000,0.0000000
225.5311861,-3.5704949,-1.0067111,-2.9267925,0.0071638,12.0000000,0.0000000
225.8808468,-3.9120467,-1.0816857,-2.9241922,0.0077085,12.0000000,0.0000000
226.2305076,-4.2533678,-1.1575746,-2.9214015,0.0082549,12.0000000,0.0000000
226.5801683,-4.5944483,-1.2344438,-2.9184195,0.0088026,12.0000000,0.0000000
226.9298291,-4.9353325,-1.3123721,-2.9152453,0.0093521,12.0000000,0.0000000
227.2794898,-5.2759424,-1.3914105,-2.9118792,0.0099022,12.0000000,0.0000000
227.6291506,-5.6162635,-1.4716247,-2.9083208,0.0104522,12.0000000,0.0000000
227.9788113,-5.9563026,-1.5530854,-2.9045699,0.0110019,12.0000000,0.0000000
228.3284721,-6.2960226,-1.6358527,-2.9006270,0.0115506,12.0000000,0.0000000
228.6781329,-6.6354008,-1.7199902,-2.8964928,0.0120968,12.0000000,0.0000000
229.0277936,-6.9744312,-1.8055652,-2.8921679,0.0126398,12.0000000,0.0000000
229.3774544,-7.3130595,-1.8926324,-2.8876541,0.0131790,12.0000000,0.0000000
229.7271151,-7.6512885,-1.9812604,-2.8829527,0.0137124,12.0000000,0.0000000
230.0767759,-7.9891225,-2.0715181,-2.8780654,0.0142388,12.0000000,0.0000000
230.4264366,-8.3264507,-2.1634423,-2.8729962,0.0147574,12.0000000,0.0000000
230.7760974,-8.6633006,-2.2571057,-2.8677474,0.0152651,12.0000000,0.0000000
231.1257581,-8.9996993,-2.3525809,-2.8623224,0.0157619,12.0000000,0.0000000
231.4754189,-9.3355418,-2.4499014,-2.8567253,0.0162506,12.0000000,0.0000000
231.8250796,-9.6707588,-2.5491081,-2.8509638,0.0167039,12.0000000,0.0000000
232.1747404,-10.0054754,-2.6502948,-2.8450821,0.0165744,12.0000000,0.0000000
232.5244011,-10.3396579,-2.7534288,-2.8394848,0.0154360,12.0000000,0.0000000
232.8740619,-10.6731165,-2.8583147,-2.8342803,0.0143462,12.0000000,0.0000000
233.2237227,-11.0061491,-2.9649053,-2.8294515,0.0132755,12.0000000,0.0000000
233.5733834,-11.3387628,-3.0730670,-2.8249931,0.0122215,12.0000000,0.0000000
233.9230442,-11.6707507,-3.1825966,-2.8209007,0.0111938,12.0000000,0.0000000
234.2727049,-12.0023764,-3.2934478,-2.8171639,0.0101838,12.0000000,0.0000000
234.6223657,-12.3336590,-3.4054976,-2.8137766,0.0091900,12.0000000,0.0000000
234.9720264,-12.6645121,-3.5185885,-2.8107347,0.0082120,12.0000000,0.0000000
235.3216872,-12.9950556,-3.6326348,-2.8080326,0.0072449,12.0000000,0.0000000
235.6713479,-13.3253315,-3.7475259,-2.8056670,0.0062860,12.0000000,0.0000000
236.0210087,-13.6553314,-3.8631349,-2.8036359,0.0053323,12.0000000,0.0000000
236.3706694,-13.9851339,-3.9793656,-2.8019379,0.0043789,12.0000000,0.0000000
236.7203302,-14.3147471,-4.0960972,-2.8005734,0.0034242,12.0000000,0.0000000
237.0699909,-14.6441873,-4.2132116,-2.7995439,0.0024648,12.0000000,0.0000000
237.4196517,-14.9736026,-4.3306369,-2.7988514,0.0014942,12.0000000,0.0000000
237.7693124,-15.3029136,-4.4482190,-2.7984997,0.0005133,12.0000000,0.0000000
238.1189732,-15.6321194,-4.5658300,-2.7984936,-0.0004795,12.0000000,0.0000000
238.4686340,-15.9615017,-4.6834413,-2.7988383,-0.0014929,12.0000000,0.0000000
238.8182947,-16.2908854,-4.8008592,-2.7995395,-0.0025225,12.0000000,0.0000000
239.1679555,-16.6202775,-4.9179527,-2.8006036,-0.0035684,12.0000000,0.0000000
239.5176162,-16.9499260,-5.0346740,-2.8020377,-0.0046348,12.0000000,0.0000000
239.8672770,-17.2797649,-5.1508612,-2.8038474,-0.0057192,12.0000000,0.0000000
240.2169377,-17.6097413,-5.2663555,-2.8060383,-0.0068160,12.0000000,0.0000000
240.5665985,-17.9400201,-5.3810728,-2.8086145,-0.0079214,12.0000000,0.0000000
240.9162592,-18.2706888,-5.4948998,-2.8115804,-0.0090431,12.0000000,0.0000000
241.2659200,-18.6016311,-5.6076520,-2.8149373,-0.0101485,12.0000000,0.0000000
241.6155807,-18.9329518,-5.7192229,-2.8186730,-0.0112213,12.0000000,0.0000000
241.9652415,-19.2648010,-5.8295215,-2.8228047,-0.0124108,12.0000000,0.0000000
242.3149022,-19.5969659,-5.9383293,-2.8273156,-0.0132344,12.0000000,0.0000000
242.6645630,-19.9297339,-6.0456352,-2.8320085,-0.0130631,12.0000000,0.0000000
243.0142238,-20.2628687,-6.1514458,-2.8358474,-0.0089073,12.0000000,0.0000000
243.3638845,-20.5963174,-6.2562046,-2.8383496,-0.0056853,12.0000000,0.0000000
243.7135453,-20.9302861,-6.3603952,-2.8398834,-0.0036000,12.0000000,0.0000000
244.0632060,-21.2642681,-6.4641064,-2.8411161,-0.0034502,12.0000000,0.0000000
244.4128668,-21.5981971,-6.5673506,-2.8423873,-0.0039384,12.0000000,0.0000000
244.7625275,-21.9324944,-6.6702044,-2.8438744,-0.0045667,12.0000000,0.0000000
245.1121883,-22.2669734,-6.7725295,-2.8455823,-0.0051984,12.0000000,-6.2480800
245.4618490,-22.6014243,-6.8741816,-2.8475103,-0.0058332,11.8165385,-6.8361750
245.8115098,-22.9362401,-6.9751990,-2.8496607,-0.0064571,11.6124889,-6.7729026
246.1611705,-23.2713063,-7.0754671,-2.8520257,-0.0070686,11.4067288,-6.7217471
246.5108313,-23.6065070,-7.1748746,-2.8545949,-0.0076283,11.1987857,-6.6799920
246.8604920,-23.9420461,-7.2734095,-2.8573578,-0.0081525,10.9882364,-6.6471372
247.2101528,-24.2778150,-7.3709731,-2.8602942,-0.0086411,10.7746393,-6.6293283
247.5598135,-24.6139324,-7.4675395,-2.8633845,-0.0090348,10.5573112,-6.6216102
247.9094743,-24.9503484,-7.5630424,-2.8666075,-0.0093679,10.3356754,-6.6124033
248.2591351,-25.2869623,-7.6574113,-2.8699345,-0.0097453,10.1095000,-6.5348991
248.6087958,-25.6240340,-7.7506586,-2.8735361,-0.0108541,9.8808904,-6.2389537
248.9584566,-25.9614439,-7.8426007,-2.8778009,-0.0143937,9.6575856,-5.8271041
249.3081173,-26.2991778,-7.9328034,-2.8836960,-0.0195309,9.4442544,-5.3589780
249.6577781,-26.6376323,-8.0207125,-2.8916082,-0.0257338,9.2437164,-4.9315096
250.0074388,-26.9768987,-8.1055812,-2.9016894,-0.0319024,9.0552516,-4.5403968
250.3570996,-27.3169653,-8.1866300,-2.9139194,-0.0380279,8.8781971,-4.1864090
250.7067603,-27.6581100,-8.2631587,-2.9282650,-0.0440426,8.7117586,-3.8628242
251.0564211,-28.0004898,-8.3344461,-2.9447082,-0.0499777,8.5553131,-3.5606915
251.4060818,-28.3439541,-8.3997187,-2.9632177,-0.0559048,8.4085263,-3.2766519
251.7557426,-28.6886041,-8.4582623,-2.9837971,-0.0618282,8.2711475,-3.0003225
252.1054033,-29.0345467,-8.5093560,-3.0064718,-0.0678560,8.1433219,-2.7250369
252.4550641,-29.3815205,-8.5522170,-3.0312633,-0.0740485,8.0254604,-2.4501536
252.8047249,-29.7295070,-8.5860834,-3.0582584,-0.0803742,7.9179902,-2.1616061
253.1543856,-30.0783037,-8.6101526,-3.0875192,-0.0870016,7.8219506,-1.9187824
253.5040464,-30.4277517,-8.6236101,-3.1190234,-0.0929427,7.7357007,-1.6871853
253.8537071,-30.7774374,-8.6256996,3.1306298,-0.0986994,7.6590587,-1.4895841
254.2033679,-31.1269752,-8.6157309,3.0952310,-0.1038587,7.5907498,-1.3165964
254.5530286,-31.4760892,-8.5930689,3.0580455,-0.1085472,7.5298578,-1.1467859
254.9026894,-31.8238606,-8.5571907,3.0192635,-0.1130992,7.4764153,-0.9859885
255.2523501,-32.1697798,-8.5076204,2.9790091,-0.1173867,7.4301590,-0.8383640
255.6020109,-32.5139269,-8.4438008,2.9372322,-0.1213170,7.3906006,-0.6723789
255.9516716,-32.8547248,-8.3655069,2.8940768,-0.1254095,7.3587206,-0.4834176
256.3013324,-33.1913472,-8.2724679,2.8495430,-0.1296899,7.3357143,-0.2526138
256.6509931,-33.5240151,-8.1640649,2.8033488,-0.1344102,7.3236634,-0.1615060
257.0006539,-33.8511464,-8.0402006,2.7558298,-0.1363897,7.3159484,-0.1615060
257.3503147,-34.1716615,-7.9010475,2.7083887,-0.1311009,7.3082253,0.1367172
257.6999754,-34.4854109,-7.7475200,2.6656821,-0.1132664,7.3147635,1.0781394
258.0496362,-34.7933086,-7.5815486,2.6300812,-0.0898887,7.3661205,2.2589358
258.3992969,-35.0953082,-7.4062145,2.6018626,-0.0752992,7.4725802,2.9268358
258.7489577,-35.3927537,-7.2228912,2.5770653,-0.0695237,7.6083016,3.1008606
259.0986184,-35.6860724,-7.0319942,2.5519840,-0.0735735,7.7495001,2.7003447
259.4482792,-35.9734557,-6.8342926,2.5259097,-0.0757586,7.8703978,2.4203578
259.7979399,-36.2560936,-6.6286397,2.4991339,-0.0774130,7.9772031,2.1817431
260.1476007,-36.5337805,-6.4148485,2.4717319,-0.0787730,8.0722679,1.9704049
260.4972614,-36.8045199,-6.1942902,2.4442293,-0.0787975,8.1571720,1.8560748
260.8469222,-37.0692950,-5.9661949,2.4167906,-0.0778728,8.2363492,1.8126085
261.1965829,-37.3283238,-5.7304506,2.3897233,-0.0764231,8.3129444,1.8102557
261.5462437,-37.5804987,-5.4883242,2.3634634,-0.0739176,8.3887422,1.8860019
261.8959044,-37.8263471,-5.2397618,2.3381524,-0.0705725,8.4669899,2.0243413
262.2455652,-38.0662534,-4.9849132,2.3140555,-0.0669248,8.5501803,2.1868282
262.5952260,-38.2999092,-4.7247766,2.2914368,-0.0625346,8.6391480,2.4075240
262.9448867,-38.5279357,-4.4594690,2.2704049,-0.0574473,8.7360467,2.6854190
263.2945475,-38.7505139,-4.1897135,2.2512170,-0.0523442,8.8428775,2.9709104
263.6442082,-38.9681139,-3.9159291,2.2337660,-0.0474818,8.9595817,3.2462174
263.9938690,-39.1812062,-3.6385500,2.2185287,-0.0383407,9.0853869,3.8861181
264.3435297,-39.3903642,-3.3586142,2.2070833,-0.0271967,9.2337371,4.7238830
264.6931905,-39.5969916,-3.0765072,2.1994893,-0.0162056,9.4109199,5.2085294
265.0428512,-39.8020016,-2.7931484,2.1950086,-0.0110537,9.6024919,5.0883423
265.3925120,-40.0057984,-2.5091549,2.1916281,-0.0087587,9.7860225,4.9729924
265.7421727,-40.2087679,-2.2244386,2.1886244,-0.0084209,9.9621262,4.8621193
266.0918335,-40.4109495,-1.9390493,2.1857134,-0.0082707,10.1313446,4.7685392
266.4414942,-40.6122068,-1.6532158,2.1828377,-0.0081901,10.2946046,4.6817444
266.7911550,-40.8126678,-1.3667739,2.1799834,-0.0081372,10.4524126,4.5976952
267.1408158,-41.0123910,-1.0796477,2.1771299,-0.0082012,10.6051024,4.5162289
267.4904765,-41.2112044,-0.7920735,2.1742462,-0.0083059,10.7529760,4.4371982
267.8401373,-41.4091648,-0.5039479,2.1713194,-0.0084386,10.8963076,4.3604689
268.1897980,-41.6063810,-0.2150825,2.1683428,-0.0085825,11.0353473,4.2887466
268.5394588,-41.8026553,0.0742644,2.1653164,-0.0087322,11.1704119,4.2270212
268.8891195,-41.9979910,0.3641284,2.1622369,-0.0088880,11.3019533,4.1668002
269.2387803,-42.1925568,0.6547955,2.1590989,-0.0090549,11.4301392,4.1080149
269.5884410,-42.3861373,0.9459812,2.1559032,-0.0092271,11.5551247,4.0506019
269.9381018,-42.5787266,1.2377128,2.1526468,-0.0094044,11.6770535,3.9945020
270.2877625,-42.7704379,1.5302021,2.1493252,-0.0095909,11.7960595,3.9396605
270.6374233,-42.9611462,1.8233005,2.1459383,-0.0097829,11.9122672,2.9998947
270.9870840,-43.1508085,2.1169840,2.1424841,-0.0099793,12.0000000,0.0000000
271.3367448,-43.3394782,2.4113795,2.1389592,-0.0101823,12.0000000,0.0000000
271.6864055,-43.5271143,2.7064699,2.1353622,-0.0103912,12.0000000,0.0000000
272.0360663,-43.7136425,3.0021853,2.1316924,-0.0106034,12.0000000,0.0000000
272.3857271,-43.8990720,3.2985887,2.1279472,-0.0108198,12.0000000,0.0000000
272.7353878,-44.0834166,3.5957523,2.1241248,-0.0110414,12.0000000,0.0000000
273.0850486,-44.2665852,3.8935812,2.1202253,-0.0112663,12.0000000,0.0000000
273.4347093,-44.4485655,4.1921067,2.1162465,-0.0114937,12.0000000,0.0000000
273.7843701,-44.6293790,4.4914182,2.1121882,-0.0117174,12.0000000,0.0000000
274.1340308,-44.8089463,4.7914374,2.1080499,-0.0119626,12.0000000,0.0000000
274.4836916,-44.9872518,5.0921960,2.1038251,-0.0121322,12.0000000,0.0000000
274.8333523,-45.1642938,5.3937204,2.0996267,-0.0118815,12.0000000,0.0000000
275.1830131,-45.3400794,5.6959730,2.0955211,-0.0115931,12.0000000,0.0000000
275.5326738,-45.5146436,5.9989448,2.0915197,-0.0112975,12.0000000,0.0000000
275.8823346,-45.6880098,6.3026042,2.0876193,-0.0110115,12.0000000,0.0000000
276.2319953,-45.8602002,6.6069196,2.0838195,-0.0107229,12.0000000,0.0000000
276.5816561,-46.0312523,6.9118852,2.0801206,-0.0104349,12.0000000,0.0000000
276.9313169,-46.2011948,7.2174807,2.0765220,-0.0101480,12.0000000,0.0000000
277.2809776,-46.3700429,7.5236609,2.0730237,-0.0098619,12.0000000,0.0000000
277.6306384,-46.5378377,7.8304282,2.0696254,-0.0095765,12.0000000,0.0000000
277.9802991,-46.7046087,8.1377634,2.0663266,-0.0092918,12.0000000,0.0000000
278.3299599,-46.8703755,8.4456301,2.0631272,-0.0090081,12.0000000,0.0000000
278.6796206,-47.0351712,8.7540163,2.0600269,-0.0087253,12.0000000,0.0000000
279.0292814,-47.1990292,9.0629114,2.0570254,-0.0084432,12.0000000,0.0000000
279.3789421,-47.3619741,9.3722878,2.0541223,-0.0081619,12.0000000,0.0000000
279.7286029,-47.5240311,9.6821199,2.0513174,-0.0078816,12.0000000,0.0000000
280.0782636,-47.6852373,9.9924045,2.0486105,-0.0076019,12.0000000,0.0000000
280.4279244,-47.8456207,10.3031215,2.0460011,-0.0073230,12.0000000,0.0000000
280.7775851,-48.0052014,10.6142353,2.0434892,-0.0070449,12.0000000,0.0000000
281.1272459,-48.1640183,10.9257474,2.0410744,-0.0067675,12.0000000,0.0000000
281.4769066,-48.3220999,11.2376389,2.0387565,-0.0064906,12.0000000,0.0000000
281.8265674,-48.4794701,11.5498820,2.0365353,-0.0062144,12.0000000,0.0000000
282.1762282,-48.6361619,11.8624673,2.0344106,-0.0059387,12.0000000,0.0000000
282.5258889,-48.7922059,12.1753807,2.0323822,-0.0056634,12.0000000,0.0000000
282.8755497,-48.9476291,12.4886007,2.0304499,-0.0053887,12.0000000,0.0000000
283.2252104,-49.1024610,12.8021113,2.0286137,-0.0051143,12.0000000,0.0000000
283.5748712,-49.2567331,13.1159005,2.0268734,-0.0048401,12.0000000,0.0000000
283.9245319,-49.4104739,13.4299503,2.0252289,-0.0045663,12.0000000,0.0000000
284.2741927,-49.5637123,13.7442436,2.0236801,-0.0042927,12.0000000,0.0000000
284.6238534,-49.7164794,14.0587677,2.0222269,-0.0040192,12.0000000,0.0000000
284.9735142,-49.8688039,14.3735055,2.0208693,-0.0037458,12.0000000,0.0000000
285.3231749,-50.0207163,14.6884430,2.0196074,-0.0034724,12.0000000,0.0000000
285.6728357,-50.1722463,15.0035650,2.0184410,-0.0031991,12.0000000,0.0000000
286.0224964,-50.3234232,15.3188550,2.0173702,-0.0029257,12.0000000,0.0000000
286.3721572,-50.4742777,15.6343001,2.0163950,-0.0026522,12.0000000,0.0000000
286.7218180,-50.6248400,15.9498860,2.0155154,-0.0023786,12.0000000,0.0000000
287.0714787,-50.7751392,16.2655954,2.0147316,-0.0021048,12.0000000,0.0000000
287.4211395,-50.9252056,16.5814147,2.0140435,-0.0018309,12.0000000,0.0000000
287.7708002,-51.0750709,16.8973324,2.0134513,-0.0015567,12.0000000,0.0000000
288.1204610,-51.2247635,17.2133300,2.0129549,-0.0012823,12.0000000,0.0000000
288.4701217,-51.3743140,17.5293939,2.0125545,-0.0010078,12.0000000,0.0000000
288.8197825,-51.5237538,17.8455120,2.0122502,-0.0007329,12.0000000,0.0000000
289.1694432,-51.6731121,18.1616672,2.0120420,-0.0004579,12.0000000,0.0000000
289.5191040,-51.8224200,18.4778468,2.0119300,-0.0001827,12.0000000,0.0000000
289.8687647,-51.9717076,18.7940359,2.0119143,0.0000927,12.0000000,0.0000000
290.2184255,-52.1210047,19.1102182,2.0119949,0.0003683,12.0000000,0.0000000
290.5680862,-52.2703434,19.4263834,2.0121718,0.0006438,12.0000000,0.0000000
290.9177470,-52.4197543,19.7425171,2.0124451,0.0009194,12.0000000,0.0000000
291.2674077,-52.5692631,20.0585950,2.0128148,0.0011950,12.0000000,0.0000000
291.6170685,-52.7189061,20.3746147,2.0132808,0.0014704,12.0000000,0.0000000
291.9667293,-52.8687161,20.6905672,2.0138431,0.0017456,12.0000000,0.0000000
292.3163900,-53.0187099,21.0064090,2.0145015,0.0020204,12.0000000,0.0000000
292.6660508,-53.1689294,21.3221505,2.0152559,0.0022949,12.0000000,0.0000000
293.0157115,-53.3194091,21.6377856,2.0161063,0.0025687,12.0000000,0.0000000
293.3653723,-53.4701648,21.9532700,2.0170521,0.0028413,12.0000000,0.0000000
293.7150330,-53.6212311,22.2685987,2.0180933,0.0031145,12.0000000,0.0000000
294.0646938,-53.7726498,22.5837817,2.0192300,0.0033852,12.0000000,0.0000000
294.4143545,-53.9244413,22.8987850,2.0204599,0.0036494,12.0000000,0.0000000
294.7640153,-54.0766217,23.2135668,2.0217851,0.0039341,12.0000000,0.0000000
295.1136760,-54.2292406,23.5281505,2.0232130,0.0042502,12.0000000,0.0000000
295.4633368,-54.3823495,23.8425530,2.0247610,0.0046019,12.0000000,0.0000000
295.8129975,-54.5359059,24.1565985,2.0263965,0.0047468,12.0000000,0.0000000
296.1626583,-54.6900171,24.4704557,2.0280947,0.0050452,12.0000000,0.0000000
296.5123191,-54.8447208,24.7841182,2.0299374,0.0054927,12.0000000,0.0000000
296.8619798,-54.9999688,25.0973662,2.0319359,0.0059393,12.0000000,0.0000000
297.2116406,-55.1558826,25.4103224,2.0340912,0.0063923,12.0000000,0.0000000
297.5613013,-55.3125264,25.7229909,2.0364066,0.0068494,12.0000000,0.0000000
297.9109621,-55.4698906,26.0352279,2.0388815,0.0073073,12.0000000,0.0000000
298.2606228,-55.6280454,26.3470485,2.0415167,0.0077669,12.0000000,0.0000000
298.6102836,-55.7870725,26.6584895,2.0443132,0.0082272,12.0000000,0.0000000
298.9599443,-55.9469876,26.9694572,2.0472705,0.0086877,12.0000000,0.0000000
299.3096051,-56.1078271,27.2799005,2.0503884,0.0091473,12.0000000,0.0000000
299.6592658,-56.2696794,27.5898671,2.0536674,0.0096062,12.0000000,0.0000000
300.0089266,-56.4325749,27.8992939,2.0571066,0.0100643,12.0000000,0.0000000
300.3585873,-56.5965379,28.2081073,2.0607049,0.0105184,12.0000000,0.0000000
300.7082481,-56.7616496,28.5163418,2.0644623,0.0109707,12.0000000,0.0000000
301.0579089,-56.9279440,28.8239434,2.0683772,0.0114215,12.0000000,0.0000000
301.4075696,-57.0954578,29.1308645,2.0724482,0.0118651,12.0000000,0.0000000
301.7572304,-57.2642496,29.4370991,2.0766746,0.0123058,12.0000000,0.0000000
302.1068911,-57.4343503,29.7425915,2.0810542,0.0127441,12.0000000,0.0000000
302.4565519,-57.6058186,30.0473374,2.0855854,0.0131740,12.0000000,0.0000000
302.8062126,-57.7786918,30.3512952,2.0902669,0.0135988,12.0000000,0.0000000
303.1558734,-57.9529918,30.6543987,2.0950957,0.0140204,12.0000000,0.0000000
303.5055341,-58.1287873,30.9566645,2.1000702,0.0144334,12.0000000,0.0000000
303.8551949,-58.3061187,31.2580608,2.1051888,0.0148388,12.0000000,0.0000000
304.2048556,-58.4849857,31.5584892,2.1104479,0.0152403,12.0000000,0.0000000
304.5545164,-58.6654515,31.8579612,2.1158452,0.0156343,12.0000000,0.0000000
304.9041771,-58.8475899,32.1565050,2.1213802,0.0160177,12.0000000,0.0000000
305.2538379,-59.0313622,32.4539664,2.1270478,0.0163970,12.0000000,0.0000000
305.6034986,-59.2168085,32.7503242,2.1328452,0.0167706,12.0000000,0.0000000
305.9531594,-59.4040712,33.0457189,2.1387737,0.0171309,12.0000000,0.0000000
306.3028202,-59.5930556,33.3399170,2.1448269,0.0174870,12.0000000,0.0000000
306.6524809,-59.7837775,33.6328656,2.1510012,0.0178390,12.0000000,0.0000000
307.0021417,-59.9764283,33.9247792,2.1572994,0.0181777,12.0000000,0.0000000
307.3518024,-60.1708984,34.2154135,2.1637151,0.0185116,12.0000000,0.0000000
307.7014632,-60.3671813,34.5046882,2.1702444,0.0188418,12.0000000,0.0000000
308.0511239,-60.5654252,34.7927506,2.1768891,0.0191630,12.0000000,0.0000000
308.4007847,-60.7656215,35.0795158,2.1836466,0.0194782,12.0000000,0.0000000
308.7504454,-60.9676967,35.3648126,2.1905115,0.0197910,12.0000000,0.0000000
309.1001062,-61.1717280,35.6486864,2.1974839,0.0200995,12.0000000,0.0000000
309.4497669,-61.3778594,35.9312701,2.2045674,0.0204030,12.0000000,0.0000000
309.7994277,-61.5859286,36.2122768,2.2117547,0.0207065,12.0000000,0.0000000
310.1490884,-61.7959511,36.4916697,2.2190452,0.0210099,12.0000000,0.0000000
310.4987492,-62.0081658,36.7697027,2.2264468,0.0213136,12.0000000,0.0000000
310.8484100,-62.2224056,37.0460927,2.2339539,0.0216216,12.0000000,0.0000000
311.1980707,-62.4386551,37.3207616,2.2415667,0.0219342,12.0000000,0.0000000
311.5477315,-62.6570386,37.5938067,2.2492916,0.0222540,12.0000000,0.0000000
311.8973922,-62.8776094,37.8652288,2.2571328,0.0225874,12.0000000,0.0000000
312.2470530,-63.1002463,38.1348144,2.2650895,0.0229326,12.0000000,0.0000000
312.5967137,-63.3249796,38.4025376,2.2731678,0.0232898,12.0000000,0.0000000
312.9463745,-63.5520195,38.6685779,2.2813814,0.0236772,12.0000000,0.0000000
313.2960352,-63.7812060,38.9326730,2.2897309,0.0240880,12.0000000,0.0000000
313.6456960,-64.0125594,39.1947729,2.2982261,0.0245218,12.0000000,0.0000000
313.9953567,-64.2461731,39.4549035,2.3068822,0.0249906,12.0000000,0.0000000
314.3450175,-64.4820927,39.7130271,2.3157108,0.0255082,12.0000000,0.0000000
314.6946782,-64.7202650,39.9689930,2.3247230,0.0260672,12.0000000,0.0000000
315.0443390,-64.9607507,40.2227675,2.3339413,0.0266684,12.0000000,0.0000000
315.3939997,-65.2036199,40.4743160,2.3433790,0.0273075,12.0000000,0.0000000
315.7436605,-65.4488657,40.7235177,2.3530566,0.0281010,12.0000000,0.0000000
316.0933213,-65.6965437,40.9702938,2.3630260,0.0288569,12.0000000,0.0000000
316.4429820,-65.9467381,41.2145999,2.3732049,0.0293443,12.0000000,0.0000000
316.7926428,-66.1993037,41.4561488,2.3839427,0.0322099,12.0000000,-2.1507926
317.1423035,-66.4545906,41.6948683,2.3955957,0.0339991,11.9371648,-2.8845590
317.4919643,-66.7129218,41.9307476,2.4076244,0.0342238,11.8523698,-2.9052238
317.8416250,-66.9738441,42.1633913,2.4190482,0.0311350,11.7663497,-3.3958941
318.1912858,-67.2371360,42.3930634,2.4293115,0.0274784,11.6649973,-3.9614449
318.5409465,-67.5028948,42.6204291,2.4382539,0.0236318,11.5456416,-4.5437621
318.8906073,-67.7706919,42.8457311,2.4458442,0.0197640,11.4072034,-5.1141798
319.2402680,-68.0394131,43.0686616,2.4520486,0.0157764,11.2493481,-5.6804591
319.5899288,-68.3097341,43.2904146,2.4568684,0.0117241,11.0713760,-6.2295808
319.9395895,-68.5814728,43.5114712,2.4602535,0.0076267,10.8728509,-6.7534379
320.2892503,-68.8527642,43.7309731,2.4621471,0.0032617,10.6534530,-7.2722416
320.6389111,-69.1247616,43.9505339,2.4625263,-0.0011965,10.4120328,-7.0212988
320.9885718,-69.3973184,44.1707337,2.4613132,-0.0057103,10.1735088,-6.5490659
321.3382326,-69.6682922,44.3905618,2.4584578,-0.0106088,9.9458724,-6.1145281
321.6878933,-69.9389190,44.6117750,2.4539048,-0.0155430,9.7285332,-5.7239215
322.0375541,-70.2091200,44.8351009,2.4475917,-0.0204055,9.5205828,-5.7231313
322.3872148,-70.4764114,45.0591306,2.4404500,-0.0204679,9.3080174,-5.7874034
322.7368756,-70.7431168,45.2859384,2.4332670,-0.0206270,9.0880103,-5.8451427
323.0865363,-71.0080614,45.5145695,2.4259762,-0.0210775,8.8602651,-5.8813673
323.4361971,-71.2711395,45.7449886,2.4185744,-0.0211889,8.6250409,-5.9471900
323.7858578,-71.5326542,45.9774886,2.4111412,-0.0211403,8.3804733,-6.0256316
324.1355186,-71.7923279,46.2118024,2.4038719,-0.0204569,8.1251757,-6.1466395
324.4851793,-72.0505201,46.4481459,2.3969099,-0.0190014,7.8562079,-6.3113866
324.8348401,-72.3065217,46.6856285,2.3906098,-0.0170146,7.5700934,-6.4953793
325.1845008,-72.5619520,46.9253843,2.3852748,-0.0134259,7.2638802,-6.7488826
325.5341616,-72.8157944,47.1658973,2.3812858,-0.0089788,6.9314008,-7.0124794
325.8838224,-73.0683968,47.4067343,2.3791006,-0.0034937,6.5681306,-7.1086724
326.2334831,-73.3214510,47.6488407,2.3772026,-0.0080301,6.1781139,-6.3778725
326.5831439,-73.5731433,47.8910832,2.3722512,-0.0303731,5.8059373,-5.0380889
326.9328046,-73.8221627,48.1361545,2.3533467,-0.0779508,5.4941482,-4.0304418
327.2824654,-74.0647844,48.3882296,2.3182503,-0.1224879,5.2313564,-3.1926246
327.6321261,-74.2963695,48.6504651,2.2675928,-0.1664339,5.0134238,-2.3695915
327.9817869,-74.5119240,48.9252900,2.2015184,-0.2130249,4.8453392,-1.7658703
328.3314476,-74.7072611,49.2163833,2.1199356,-0.2518274,4.7161850,-1.2435456
328.6811084,-74.8756576,49.5226029,2.0251672,-0.2863901,4.6230686,-0.7920625
329.0307691,-75.0122425,49.8431042,1.9204319,-0.3156157,4.5627685,-0.5799068
329.3804299,-75.1136375,50.1787624,1.8069299,-0.3322190,4.5181097,-0.4272568
329.7300906,-75.1752057,50.5229948,1.6879457,-0.3446981,4.4849220,-0.3219774
330.0797514,-75.1948732,50.8712622,1.5658652,-0.3538595,4.4597488,-0.2666674
330.4294122,-75.1714991,51.2196558,1.4413922,-0.3599874,4.4387919,-0.1339454
330.7790729,-75.1042958,51.5635555,1.3137736,-0.3684609,4.4282279,-0.0590462
331.1287337,-74.9935986,51.8952697,1.1834034,-0.3730598,4.4235631,-0.0590462
331.4783944,-74.8410524,52.2090729,1.0541175,-0.3508574,4.4188933,0.3900205
331.8280552,-74.6521067,52.5018697,0.9462366,-0.2680354,4.4496480,1.9333240
332.1777159,-74.4360223,52.7764303,0.8668620,-0.1816302,4.5990633,3.3944454
332.5273767,-74.2028677,53.0353490,0.8103660,-0.1456398,4.8502775,3.8028090
332.8770374,-73.9568817,53.2812725,0.7582235,-0.1705217,5.1170868,2.7559482
333.2266982,-73.6957324,53.5132070,0.6921390,-0.2065254,5.3020629,1.4093577
333.5763589,-73.4168784,53.7269862,0.6143891,-0.2325491,5.3942067,0.4456087
333.9260197,-73.1232589,53.9164299,0.5307757,-0.2466561,5.4230148,-0.0426746
334.2756804,-72.8150743,54.0797671,0.4439732,-0.2482245,5.4202625,-0.0813016
334.6253412,-72.4922967,54.2164000,0.3571340,-0.2421830,5.4150152,0.1101344
334.9750019,-72.1594014,54.3251784,0.2755471,-0.2245813,5.4221222,0.6087286
335.3246627,-71.8204895,54.4074297,0.2027834,-0.1899888,5.4612367,1.5435671
335.6743235,-71.4752923,54.4672434,0.1426085,-0.1496721,5.5591866,2.5811956
336.0239842,-71.1279682,54.5089211,0.0991685,-0.0994688,5.7192344,3.9477114
336.3736450,-70.7795911,54.5384156,0.0723366,-0.0549097,5.9556999,5.2453021
336.7233057,-70.4301028,54.5612277,0.0603002,-0.0194201,6.2560781,6.4218266
337.0729665,-70.0809324,54.5811866,0.0540876,-0.0161521,6.6052581,6.4636394
337.4226272,-69.7313103,54.5991501,0.0484250,-0.0184769,6.9389911,6.2650511
337.7722880,-69.3824791,54.6147980,0.0408545,-0.0249498,7.2478191,5.8308527
