time_s,gt_x,gt_y,gt_theta,gt_vx,gt_vy,gt_omega,ekf_x,ekf_y,ekf_theta,ekf_cov_xx,ekf_cov_yy,ekf_cov_tt,amcl_x,amcl_y,amcl_theta,amcl_cov_xx,amcl_cov_yy,amcl_cov_tt,error_x,error_y,error_theta,error_euclidean,amcl_processing_ms,scan_to_amcl_ms,scan_to_ekf_ms
0.8551,-12.711942,46.878756,-0.992613,0.0395,-0.0674,0.0112,-12.867344,47.116936,-0.961303,0.00070943,0.00071507,0.00700324,-12.867062,47.116393,-0.960817,0.00000625,0.00000989,0.00000152,-0.155401,0.238180,0.031310,0.284393,,1.067,21.133
0.8606,-12.703075,46.885487,-0.989169,0.0498,-0.0041,-0.0378,-12.871428,47.103851,-0.952298,0.00000644,0.00000962,0.00000100,-12.871418,47.103838,-0.952299,0.00000657,0.00000984,0.00000099,-0.168353,0.218364,0.036871,0.275727,,2.048,21.133
0.8652,-12.699290,46.869772,-0.984254,0.0290,-0.0294,-0.0278,-12.859150,47.109459,-0.956384,0.00020668,0.00020964,0.00200100,-12.871418,47.103838,-0.952299,0.00000657,0.00000984,0.00000099,-0.159860,0.239687,0.027871,0.288106,,2.048,2.469
0.8701,-12.711004,46.880946,-0.988785,-0.0148,0.0404,0.0002,-12.871170,47.120303,-0.960915,0.00030658,0.00030983,0.00300100,-12.871418,47.103838,-0.952299,0.00000657,0.00000984,0.00000099,-0.160167,0.239357,0.027871,0.288002,0.548,2.048,2.469
0.8752,-12.719946,46.888757,-0.977738,0.0011,-0.0345,-0.0167,-12.880327,47.127862,-0.949867,0.00040684,0.00041045,0.00400100,-12.871418,47.103838,-0.952299,0.00000657,0.00000984,0.00000099,-0.160381,0.239104,0.027871,0.287911,0.755,2.048,2.469
0.8801,-12.707744,46.876503,-0.985054,0.0191,-0.0814,-0.0325,-12.867788,47.115952,-0.957184,0.00060674,0.00060996,0.00600100,-12.871418,47.103838,-0.952299,0.00000657,0.00000984,0.00000099,-0.160044,0.239449,0.027871,0.288010,0.755,2.048,2.469
0.8851,-12.722418,46.881829,-0.981915,-0.0543,-0.0070,0.0135,-12.882737,47.121368,-0.953641,0.00010795,0.00011242,0.00100100,-12.867926,47.116471,-0.956780,0.00000817,0.00001279,0.00000098,-0.160319,0.239540,0.028275,0.288238,0.420,0.724,1.105
0.8903,-12.699630,46.879625,-0.991399,-0.0031,0.0031,-0.0562,-12.859896,47.119809,-0.963124,0.00020796,0.00021294,0.00200100,-12.867926,47.116471,-0.956780,0.00000817,0.00001279,0.00000098,-0.160265,0.240185,0.028275,0.288745,0.420,0.724,1.105
0.8953,-12.705149,46.860036,-0.987006,-0.0175,-0.0780,0.0872,-12.864859,47.100072,-0.958732,0.00030881,0.00031276,0.00300100,-12.867926,47.116471,-0.956780,0.00000817,0.00001279,0.00000098,-0.159709,0.240036,0.028275,0.288313,0.420,0.724,1.105
0.9001,-12.706171,46.899897,-0.980055,0.0076,0.0828,0.0391,-12.867007,47.139888,-0.951780,0.00051036,0.00051276,0.00500100,-12.867926,47.116471,-0.956780,0.00000817,0.00001279,0.00000098,-0.160836,0.239992,0.028275,0.288902,0.420,0.724,1.105
0.9054,-12.714488,46.887864,-0.981046,-0.0545,0.0196,-0.0341,-12.874980,47.127625,-0.952771,0.00060896,0.00061288,0.00600100,-12.876296,47.129147,-0.953070,0.00000751,0.00001331,0.00000165,-0.160492,0.239761,0.028275,0.288519,0.499,1.077,1.105
0.9102,-12.711673,46.872583,-0.987851,0.0503,-0.0134,0.0670,-12.873019,47.113902,-0.959875,0.00010732,0.00011293,0.00100165,-12.876296,47.129147,-0.953070,0.00000751,0.00001331,0.00000165,-0.161346,0.241319,0.027976,0.290288,0.499,1.077,1.452
0.9153,-12.692600,46.887833,-0.978130,-0.0457,0.0165,-0.0300,-12.854380,47.129679,-0.950155,0.00020757,0.00021327,0.00200165,-12.876296,47.129147,-0.953070,0.00000751,0.00001331,0.00000165,-0.161780,0.241846,0.027976,0.290968,0.499,1.077,1.452
0.9202,-12.697013,46.855286,-0.980711,-0.0954,-0.0409,0.0756,-12.857882,47.097021,-0.952735,0.00040945,0.00041333,0.00400165,-12.876296,47.129147,-0.953070,0.00000751,0.00001331,0.00000165,-0.160868,0.241735,0.027976,0.290370,0.499,1.077,1.452
0.9253,-12.698428,46.877745,-0.984153,-0.0164,-0.0871,-0.0460,-12.859924,47.119432,-0.956177,0.00050799,0.00051325,0.00500165,-12.876296,47.129147,-0.953070,0.00000751,0.00001331,0.00000165,-0.161496,0.241687,0.027976,0.290678,0.499,1.077,1.452
0.9302,-12.705803,46.880840,-0.989323,0.0050,0.0008,-0.0883,-12.867383,47.122319,-0.961348,0.00060810,0.00061328,0.00600165,-12.876296,47.129147,-0.953070,0.00000751,0.00001331,0.00000165,-0.161579,0.241479,0.027976,0.290552,0.499,1.077,1.452
0.9352,-12.695231,46.876018,-0.973209,-0.0333,0.0332,-0.0016,-12.856457,47.117332,-0.948735,0.00000879,0.00001416,0.00000294,-12.856448,47.117320,-0.948737,0.00000903,0.00001458,0.00000294,-0.161226,0.241315,0.024473,0.290218,0.668,1.080,1.298
0.9401,-12.694664,46.865379,-0.982224,-0.0206,-0.0212,0.0998,-12.855630,47.106711,-0.957750,0.00020880,0.00021418,0.00200294,-12.856448,47.117320,-0.948737,0.00000903,0.00001458,0.00000294,-0.160965,0.241332,0.024473,0.290088,0.668,1.080,1.298
0.9452,-12.709854,46.877775,-0.981339,0.0147,0.0134,-0.0143,-12.871118,47.118731,-0.956866,0.00030912,0.00031453,0.00300294,-12.856448,47.117320,-0.948737,0.00000903,0.00001458,0.00000294,-0.161264,0.240956,0.024473,0.289941,0.668,1.080,1.298
0.9502,-12.717407,46.866765,-0.986494,-0.0103,0.0178,0.0905,-12.878400,47.107540,-0.962021,0.00040892,0.00041508,0.00400294,-12.856448,47.117320,-0.948737,0.00000903,0.00001458,0.00000294,-0.160993,0.240775,0.024473,0.289639,0.668,1.080,1.298
0.9553,-12.702429,46.869645,-0.986555,-0.0685,-0.1220,-0.0219,-12.863496,47.110786,-0.962082,0.00050891,0.00051452,0.00500294,-12.856448,47.117320,-0.948737,0.00000903,0.00001458,0.00000294,-0.161068,0.241140,0.024473,0.289985,0.668,1.080,1.298
0.9603,-12.700726,46.856628,-0.981855,0.0324,-0.0079,0.1738,-12.861343,47.097778,-0.956384,0.00010811,0.00011291,0.00100481,-12.870342,47.119297,-0.957489,0.00000834,0.00001331,0.00000482,-0.160616,0.241150,0.025471,0.289743,0.577,0.796,0.998
0.9652,-12.706155,46.885728,-0.985656,0.0289,0.0610,0.0658,-12.867510,47.126730,-0.960185,0.00020894,0.00021295,0.00200481,-12.870342,47.119297,-0.957489,0.00000834,0.00001331,0.00000482,-0.161356,0.241002,0.025471,0.290030,0.577,0.796,0.998
0.9703,-12.694609,46.867277,-0.986339,0.0371,0.0317,-0.0791,-12.855499,47.108579,-0.960868,0.00030855,0.00031309,0.00300481,-12.870342,47.119297,-0.957489,0.00000834,0.00001331,0.00000482,-0.160890,0.241302,0.025471,0.290021,0.577,0.796,0.998
0.9753,-12.713512,46.866183,-0.977819,-0.0110,0.0536,0.0796,-12.874367,47.107004,-0.952348,0.00040858,0.00041348,0.00400481,-12.870342,47.119297,-0.957489,0.00000834,0.00001331,0.00000482,-0.160856,0.240821,0.025471,0.289602,0.577,0.796,0.998
0.9801,-12.707644,46.871079,-0.984495,-0.0076,0.0103,0.0029,-12.868627,47.112048,-0.959024,0.00060865,0.00061318,0.00600481,-12.870342,47.119297,-0.957489,0.00000834,0.00001331,0.00000482,-0.160982,0.240969,0.025471,0.289795,0.577,0.796,0.998
0.9852,-12.700932,46.902872,-0.971666,-0.0129,-0.0315,-0.0489,-12.863984,47.145704,-0.944867,0.00010705,0.00011299,0.00100411,-12.869878,47.113796,-0.957695,0.00000724,0.00001337,0.00000411,-0.163052,0.242832,0.026799,0.292495,0.428,0.699,0.906
0.9902,-12.706902,46.867882,-0.988070,-0.0155,-0.0194,0.0308,-12.869014,47.110567,-0.961271,0.00020828,0.00021302,0.00200411,-12.869878,47.113796,-0.957695,0.00000724,0.00001337,0.00000411,-0.162112,0.242685,0.026799,0.291850,0.428,0.699,0.906
0.9953,-12.700521,46.860684,-0.987377,-0.0061,-0.0391,-0.0098,-12.862443,47.103543,-0.960578,0.00030887,0.00031303,0.00300411,-12.869878,47.113796,-0.957695,0.00000724,0.00001337,0.00000411,-0.161922,0.242858,0.026799,0.291888,0.428,0.699,0.906
1.0001,-12.702746,46.890025,-0.987794,0.0951,-0.0158,-0.0436,-12.865453,47.132813,-0.960995,0.00050858,0.00051305,0.00500411,-12.869878,47.113796,-0.957695,0.00000724,0.00001337,0.00000411,-0.162707,0.242788,0.026799,0.292266,0.428,0.699,0.906
1.0053,-12.708063,46.901277,-0.983926,0.0198,-0.0354,0.0278,-12.871070,47.143919,-0.957127,0.00061002,0.00061332,0.00600411,-12.869878,47.113796,-0.957695,0.00000724,0.00001337,0.00000411,-0.163007,0.242642,0.026799,0.292312,0.428,0.699,0.906
1.0102,-12.692378,46.885717,-0.991303,0.0534,0.0012,-0.0146,-12.855200,47.128896,-0.962636,0.00011004,0.00011690,0.00100447,-12.871330,47.144007,-0.955258,0.00001042,0.00001759,0.00000447,-0.162822,0.243179,0.028666,0.292655,0.927,1.226,1.645
1.0153,-12.709344,46.877275,-0.985005,-0.0055,-0.0797,0.0296,-12.871916,47.119972,-0.956339,0.00021012,0.00021717,0.00200447,-12.871330,47.144007,-0.955258,0.00001042,0.00001759,0.00000447,-0.162573,0.242696,0.028666,0.292115,0.927,1.226,1.645
1.0201,-12.703254,46.894586,-0.984011,0.0432,-0.1137,0.0365,-12.866326,47.137449,-0.955345,0.00041104,0.00041721,0.00400447,-12.871330,47.144007,-0.955258,0.00001042,0.00001759,0.00000447,-0.163071,0.242864,0.028666,0.292532,0.927,1.226,1.645
1.0253,-12.715082,46.878389,-0.979188,-0.0001,0.0612,-0.0501,-12.877684,47.120920,-0.950522,0.00051046,0.00051754,0.00500447,-12.871330,47.144007,-0.955258,0.00001042,0.00001759,0.00000447,-0.162602,0.242531,0.028666,0.291995,0.927,1.226,1.645
1.0303,-12.714186,46.877268,-0.990533,0.0598,0.0121,-0.0453,-12.876757,47.119826,-0.961867,0.00061050,0.00061748,0.00600447,-12.871330,47.144007,-0.955258,0.00001042,0.00001759,0.00000447,-0.162571,0.242557,0.028666,0.291999,0.927,1.226,1.645
1.0352,-12.724129,46.871803,-0.972560,0.0447,0.0638,-0.0238,-12.886621,47.114303,-0.949035,0.00001320,0.00002487,0.00000722,-12.886626,47.114309,-0.949041,0.00001386,0.00002617,0.00000723,-0.162492,0.242499,0.023525,0.291907,0.551,0.779,1.101
1.0401,-12.715350,46.872707,-0.984389,0.0011,-0.0750,0.0714,-12.877866,47.115413,-0.960865,0.00021321,0.00022487,0.00200722,-12.886626,47.114309,-0.949041,0.00001386,0.00002617,0.00000723,-0.162516,0.242706,0.023525,0.292091,0.551,0.779,1.101
1.0453,-12.700371,46.885925,-0.980430,0.0487,0.0378,-0.0213,-12.863202,47.128979,-0.956906,0.00031355,0.00032529,0.00300722,-12.886626,47.114309,-0.949041,0.00001386,0.00002617,0.00000723,-0.162831,0.243054,0.023525,0.292556,0.551,0.779,1.101
1.0503,-12.681827,46.873162,-0.977760,0.0472,-0.0663,-0.0267,-12.844362,47.116656,-0.954235,0.00041336,0.00042746,0.00400722,-12.886626,47.114309,-0.949041,0.00001386,0.00002617,0.00000723,-0.162536,0.243494,0.023525,0.292758,0.551,0.779,1.101
1.0553,-12.696772,46.884986,-0.970182,0.0105,-0.0635,-0.0314,-12.859581,47.128125,-0.946657,0.00051364,0.00052577,0.00500722,-12.886626,47.114309,-0.949041,0.00001386,0.00002617,0.00000723,-0.162810,0.243139,0.023525,0.292615,0.551,0.779,1.101
1.0602,-12.703644,46.866666,-0.990439,-0.0365,0.0032,0.0478,-12.865346,47.108587,-0.968290,0.00011037,0.00011795,0.00100232,-12.875125,47.118689,-0.951279,0.00001080,0.00001872,0.00000232,-0.161702,0.241921,0.022149,0.290986,0.501,0.715,0.992
1.0653,-12.702637,46.859124,-0.987925,-0.0492,-0.0618,-0.0402,-12.864172,47.101069,-0.965776,0.00021043,0.00021795,0.00200232,-12.875125,47.118689,-0.951279,0.00001080,0.00001872,0.00000232,-0.161535,0.241945,0.022149,0.290914,0.501,0.715,0.992
1.0703,-12.707545,46.886124,-0.983091,-0.0435,-0.0932,0.0174,-12.869676,47.127953,-0.960942,0.00031147,0.00031800,0.00300232,-12.875125,47.118689,-0.951279,0.00001080,0.00001872,0.00000232,-0.162131,0.241830,0.022149,0.291150,0.501,0.715,0.992
1.0752,-12.696678,46.850222,-0.981329,-0.0143,-0.0225,0.0141,-12.858017,47.092301,-0.959180,0.00041199,0.00041817,0.00400232,-12.875125,47.118689,-0.951279,0.00001080,0.00001872,0.00000232,-0.161339,0.242079,0.022149,0.290917,0.501,0.715,0.992
1.0802,-12.688605,46.879090,-0.980897,0.0537,0.1138,-0.0027,-12.850586,47.121341,-0.958748,0.00061186,0.00061975,0.00600232,-12.875125,47.118689,-0.951279,0.00001080,0.00001872,0.00000232,-0.161980,0.242251,0.022149,0.291416,0.501,0.715,0.992
1.0852,-12.709179,46.874025,-0.990142,0.0175,0.0155,-0.0850,-12.870251,47.114781,-0.967035,0.00011071,0.00012047,0.00100377,-12.849763,47.120268,-0.957789,0.00001120,0.00002147,0.00000378,-0.161073,0.240757,0.023107,0.289669,0.621,0.863,1.158
1.0902,-12.702485,46.892700,-0.979058,0.0216,-0.0071,0.0411,-12.863991,47.133607,-0.955951,0.00021106,0.00022050,0.00200377,-12.849763,47.120268,-0.957789,0.00001120,0.00002147,0.00000378,-0.161506,0.240906,0.023107,0.290035,0.621,0.863,1.158
1.0952,-12.700791,46.879686,-0.976452,0.0048,-0.0624,0.0434,-12.861997,47.120635,-0.953345,0.00031091,0.00032054,0.00300377,-12.849763,47.120268,-0.957789,0.00001120,0.00002147,0.00000378,-0.161206,0.240949,0.023107,0.289903,0.621,0.863,1.158
1.1002,-12.715623,46.881079,-0.973840,-0.0246,-0.1230,-0.0304,-12.876857,47.121685,-0.950733,0.00051105,0.00052100,0.00500377,-12.849763,47.120268,-0.957789,0.00001120,0.00002147,0.00000378,-0.161234,0.240606,0.023107,0.289634,0.621,0.863,1.158
1.1050,-12.703410,46.882750,-0.974115,0.0682,-0.0156,-0.0237,-12.864685,47.123638,-0.951008,0.00061110,0.00062065,0.00600377,-12.862985,47.121139,-0.951980,0.00001121,0.00002177,0.00000509,-0.161276,0.240888,0.023107,0.289891,0.606,0.986,1.158
1.1102,-12.711249,46.889802,-0.992101,0.0142,0.0397,-0.0334,-12.871061,47.128135,-0.969965,0.00011071,0.00012074,0.00100509,-12.862985,47.121139,-0.951980,0.00001121,0.00002177,0.00000509,-0.159812,0.238333,0.022136,0.286954,0.606,0.986,1.217
1.1151,-12.720935,46.872150,-0.992761,-0.0049,0.0152,-0.0037,-12.880354,47.110272,-0.970625,0.00021103,0.00022083,0.00200509,-12.862985,47.121139,-0.951980,0.00001121,0.00002177,0.00000509,-0.159419,0.238123,0.022136,0.286560,0.606,0.986,1.217
1.1201,-12.712933,46.856423,-0.981259,0.0458,-0.0258,0.0603,-12.872006,47.094727,-0.959123,0.00041289,0.00042081,0.00400509,-12.862985,47.121139,-0.951980,0.00001121,0.00002177,0.00000509,-0.159073,0.238304,0.022136,0.286518,0.606,0.986,1.217
1.1252,-12.704223,46.873345,-0.976710,-0.0137,-0.0150,0.0138,-12.863672,47.111837,-0.954574,0.00051140,0.00052122,0.00500509,-12.862985,47.121139,-0.951980,0.00001121,0.00002177,0.00000509,-0.159450,0.238492,0.022136,0.286885,0.606,0.986,1.217
1.1301,-12.703874,46.882023,-0.987973,-0.0028,-0.0045,-0.0495,-12.863516,47.120520,-0.965837,0.00061162,0.00062125,0.00600509,-12.862985,47.121139,-0.951980,0.00001121,0.00002177,0.00000509,-0.159642,0.238498,0.022136,0.286996,0.606,0.986,1.217
1.1351,-12.714989,46.868525,-0.979781,-0.0206,-0.0373,0.0101,-12.873285,47.105487,-0.957194,0.00000961,0.00001945,0.00000365,-12.873248,47.105432,-0.957194,0.00000996,0.00002021,0.00000365,-0.158296,0.236962,0.022587,0.284971,0.712,1.169,1.454
1.1402,-12.726457,46.885105,-0.983838,-0.0232,0.0429,0.0382,-12.885125,47.121804,-0.961251,0.00020963,0.00021999,0.00200365,-12.873248,47.105432,-0.957194,0.00000996,0.00002021,0.00000365,-0.158668,0.236699,0.022587,0.284959,0.712,1.169,1.454
1.1451,-12.707838,46.891688,-0.973262,-0.0676,-0.0286,-0.0695,-12.866659,47.128805,-0.950674,0.00030979,0.00031981,0.00300365,-12.873248,47.105432,-0.957194,0.00000996,0.00002021,0.00000365,-0.158821,0.237117,0.022587,0.285392,0.712,1.169,1.454
1.1502,-12.705515,46.881485,-0.979086,-0.0018,-0.0029,-0.0097,-12.864106,47.118658,-0.956499,0.00040972,0.00041990,0.00400365,-12.873248,47.105432,-0.957194,0.00000996,0.00002021,0.00000365,-0.158591,0.237173,0.022587,0.285310,0.712,1.169,1.454
1.1552,-12.711460,46.876156,-0.988352,0.0744,-0.0552,0.0655,-12.869929,47.113195,-0.965765,0.00050997,0.00051979,0.00500365,-12.873248,47.105432,-0.957194,0.00000996,0.00002021,0.00000365,-0.158469,0.237040,0.022587,0.285132,0.712,1.169,1.454
1.1601,-12.723537,46.897150,-0.974554,-0.0345,0.0122,0.0366,-12.881952,47.133313,-0.952421,0.00010971,0.00011932,0.00100324,-12.870615,47.104388,-0.955551,0.00001012,0.00002020,0.00000324,-0.158415,0.236163,0.022133,0.284374,0.584,0.792,1.007
1.1651,-12.714553,46.877296,-0.987441,-0.0905,0.0492,0.0719,-12.872530,47.113663,-0.965308,0.00021009,0.00021941,0.00200324,-12.870615,47.104388,-0.955551,0.00001012,0.00002020,0.00000324,-0.157977,0.236367,0.022133,0.284300,0.584,0.792,1.007
1.1701,-12.713783,46.883276,-0.982237,0.0674,-0.0266,-0.0657,-12.871893,47.119658,-0.960104,0.00030993,0.00031942,0.00300324,-12.870615,47.104388,-0.955551,0.00001012,0.00002020,0.00000324,-0.158110,0.236383,0.022133,0.284386,0.584,0.792,1.007
1.1752,-12.728243,46.882891,-0.987994,-0.1019,-0.0760,-0.0157,-12.886341,47.118954,-0.965861,0.00040994,0.00041975,0.00400324,-12.870615,47.104388,-0.955551,0.00001012,0.00002020,0.00000324,-0.158098,0.236063,0.022133,0.284114,0.584,0.792,1.007
1.1801,-12.711801,46.856274,-0.989315,-0.0645,0.0316,-0.0746,-12.869313,47.092707,-0.967182,0.00061319,0.00061980,0.00600324,-12.870615,47.104388,-0.955551,0.00001012,0.00002020,0.00000324,-0.157513,0.236433,0.022133,0.284097,0.584,0.792,1.007
1.1852,-12.701181,46.887983,-0.983364,-0.0468,0.0000,0.1573,-12.859878,47.125287,-0.959533,0.00010947,0.00012126,0.00100275,-12.869760,47.093365,-0.965483,0.00000990,0.00002230,0.00000276,-0.158697,0.237303,0.023831,0.285478,0.487,0.776,1.063
1.1902,-12.724341,46.860063,-0.987005,0.0307,-0.0877,0.0247,-12.882366,47.096823,-0.963174,0.00021027,0.00022177,0.00200275,-12.869760,47.093365,-0.965483,0.00000990,0.00002230,0.00000276,-0.158026,0.236759,0.023831,0.284653,0.487,0.776,1.063
1.1953,-12.721002,46.864002,-0.988780,0.1170,0.0352,-0.0187,-12.879122,47.100840,-0.964949,0.00031008,0.00032165,0.00300275,-12.869760,47.093365,-0.965483,0.00000990,0.00002230,0.00000276,-0.158120,0.236838,0.023831,0.284770,0.487,0.776,1.063
1.2001,-12.717264,46.888214,-0.982632,0.0275,-0.0637,0.0113,-12.875963,47.125134,-0.958801,0.00051110,0.00052168,0.00500275,-12.869760,47.093365,-0.965483,0.00000990,0.00002230,0.00000276,-0.158698,0.236920,0.023831,0.285160,0.487,0.776,1.063
1.2050,-12.733947,46.878853,-0.977002,-0.0315,0.0610,-0.0906,-12.892418,47.115378,-0.953171,0.00061025,0.00062357,0.00600275,-12.891266,47.113797,-0.952196,0.00000789,0.00001795,0.00000419,-0.158471,0.236525,0.023831,0.284705,0.582,0.951,1.063
1.2102,-12.716861,46.876704,-0.987587,-0.0241,0.0455,-0.0945,-12.874171,47.112134,-0.962781,0.00010762,0.00011729,0.00100419,-12.891266,47.113797,-0.952196,0.00000789,0.00001795,0.00000419,-0.157310,0.235430,0.024806,0.283150,0.582,0.951,1.185
1.2153,-12.694845,46.874163,-0.978571,-0.0138,0.0482,0.0444,-12.852099,47.110140,-0.953765,0.00020763,0.00021778,0.00200419,-12.891266,47.113797,-0.952196,0.00000789,0.00001795,0.00000419,-0.157254,0.235977,0.024806,0.283573,0.582,0.951,1.185
1.2201,-12.699808,46.877212,-0.991849,0.0237,0.0477,-0.0677,-12.857136,47.113064,-0.967044,0.00040771,0.00041765,0.00400419,-12.891266,47.113797,-0.952196,0.00000789,0.00001795,0.00000419,-0.157328,0.235853,0.024806,0.283511,0.582,0.951,1.185
1.2252,-12.706665,46.860925,-0.993574,-0.0733,-0.0130,-0.0542,-12.863587,47.096613,-0.968769,0.00050838,0.00051758,0.00500419,-12.891266,47.113797,-0.952196,0.00000789,0.00001795,0.00000419,-0.156922,0.235688,0.024806,0.283149,0.582,0.951,1.185
1.2303,-12.704346,46.888965,-0.981289,0.0848,-0.0553,0.0538,-12.861964,47.124702,-0.956484,0.00060933,0.00061757,0.00600419,-12.891266,47.113797,-0.952196,0.00000789,0.00001795,0.00000419,-0.157618,0.235737,0.024806,0.283576,0.582,0.951,1.185
1.2353,-12.713098,46.883820,-0.978620,-0.0578,0.0208,0.0282,-12.870533,47.119517,-0.954989,0.00001038,0.00002354,0.00000425,-12.870536,47.119522,-0.954989,0.00001083,0.00002463,0.00000425,-0.157435,0.235698,0.023632,0.283442,0.780,1.164,1.185
1.2402,-12.700193,46.884347,-0.979077,0.0644,-0.0580,-0.0797,-12.849551,47.138918,-0.964546,0.00011038,0.00012354,0.00100425,-12.870536,47.119522,-0.954989,0.00001083,0.00002463,0.00000425,-0.149358,0.254571,0.014530,0.295151,0.780,1.164,3.904
1.2452,-12.720187,46.885007,-0.982612,0.0379,-0.0579,0.0111,-12.877649,47.120537,-0.958980,0.00031072,0.00032472,0.00300425,-12.870536,47.119522,-0.954989,0.00001083,0.00002463,0.00000425,-0.157461,0.235530,0.023632,0.283317,0.780,1.164,3.904
1.2504,-12.722195,46.871885,-0.975918,0.0151,-0.0215,0.0188,-12.879346,47.107371,-0.952287,0.00041172,0.00042488,0.00400425,-12.870536,47.119522,-0.954989,0.00001083,0.00002463,0.00000425,-0.157151,0.235486,0.023632,0.283108,0.780,1.164,3.904
1.2552,-12.717051,46.892255,-0.975162,0.0855,-0.0144,-0.0051,-12.874685,47.127857,-0.951530,0.00051104,0.00052447,0.00500425,-12.870536,47.119522,-0.954989,0.00001083,0.00002463,0.00000425,-0.157634,0.235602,0.023632,0.283473,0.780,1.164,3.904
1.2602,-12.718934,46.874544,-0.982256,0.0291,0.0192,-0.0212,-12.876024,47.109598,-0.958196,0.00010956,0.00012119,0.00100229,-12.867155,47.116787,-0.956397,0.00000999,0.00002221,0.00000229,-0.157090,0.235055,0.024060,0.282715,0.656,1.022,1.292
1.2653,-12.705497,46.880881,-0.984775,0.0842,0.0304,-0.0113,-12.862743,47.116257,-0.960715,0.00020961,0.00022137,0.00200229,-12.867155,47.116787,-0.956397,0.00000999,0.00002221,0.00000229,-0.157247,0.235376,0.024060,0.283070,0.656,1.022,1.292
1.2703,-12.696398,46.886432,-0.985329,-0.0285,-0.0355,0.0369,-12.853781,47.122025,-0.961269,0.00030975,0.00032177,0.00300229,-12.867155,47.116787,-0.956397,0.00000999,0.00002221,0.00000229,-0.157383,0.235593,0.024060,0.283326,0.656,1.022,1.292
1.2753,-12.711520,46.890668,-0.981601,-0.0713,-0.0914,-0.0149,-12.869000,47.125896,-0.957541,0.00040993,0.00042151,0.00400229,-12.867155,47.116787,-0.956397,0.00000999,0.00002221,0.00000229,-0.157480,0.235228,0.024060,0.283077,0.656,1.022,1.292
1.2801,-12.705255,46.862702,-0.993485,0.0040,0.0600,-0.0543,-12.871154,47.116934,-0.962518,0.00050972,0.00052159,0.00500229,-12.867155,47.116787,-0.956397,0.00000999,0.00002221,0.00000229,-0.165899,0.254232,0.030966,0.303572,0.656,1.022,1.292
1.2853,-12.718738,46.883092,-0.988230,0.0491,-0.0221,-0.0184,-12.875494,47.117680,-0.962647,0.00010776,0.00011727,0.00100423,-12.861479,47.097619,-0.967900,0.00000803,0.00001794,0.00000423,-0.156756,0.234588,0.025583,0.282142,0.815,1.136,1.451
1.2903,-12.714159,46.885532,-0.975324,-0.0416,0.0638,0.0465,-12.870978,47.120236,-0.949740,0.00020776,0.00021729,0.00200423,-12.861479,47.097619,-0.967900,0.00000803,0.00001794,0.00000423,-0.156820,0.234704,0.025583,0.282274,0.815,1.136,1.451
1.2953,-12.704290,46.880813,-0.986672,-0.0146,-0.0766,-0.0356,-12.860993,47.115772,-0.961089,0.00030778,0.00031758,0.00300423,-12.861479,47.097619,-0.967900,0.00000803,0.00001794,0.00000423,-0.156702,0.234958,0.025583,0.282420,0.815,1.136,1.451
1.3006,-12.701675,46.873855,-0.977396,-0.0753,0.0061,-0.0541,-12.858201,47.108882,-0.951813,0.00050801,0.00051776,0.00500423,-12.861479,47.097619,-0.967900,0.00000803,0.00001794,0.00000423,-0.156525,0.235027,0.025583,0.282379,0.815,1.136,1.451
1.3053,-12.693537,46.877173,-0.979442,-0.0008,-0.0711,-0.0337,-12.850150,47.112408,-0.953859,0.00060788,0.00061868,0.00600423,-12.861479,47.097619,-0.967900,0.00000803,0.00001794,0.00000423,-0.156613,0.235235,0.025583,0.282600,0.815,1.136,1.451
1.3103,-12.703129,46.877640,-0.985141,-0.0484,0.0401,0.0444,-12.859784,47.112422,-0.961665,0.00011340,0.00012765,0.00100377,-12.850178,47.112172,-0.955968,0.00001426,0.00002951,0.00000377,-0.156655,0.234783,0.023475,0.282247,0.763,0.797,1.299
1.3153,-12.706417,46.877612,-0.982010,-0.0401,0.0255,-0.0898,-12.863070,47.112318,-0.958534,0.00021340,0.00022766,0.00200377,-12.850178,47.112172,-0.955968,0.00001426,0.00002951,0.00000377,-0.156653,0.234705,0.023475,0.282182,0.763,0.797,1.299
1.3203,-12.722621,46.890818,-0.982679,-0.0367,0.0039,-0.0204,-12.879580,47.125140,-0.959204,0.00041389,0.00042834,0.00400377,-12.850178,47.112172,-0.955968,0.00001426,0.00002951,0.00000377,-0.156959,0.234321,0.023475,0.282033,0.763,0.797,1.299
1.3252,-12.704514,46.872095,-0.982284,-0.0209,0.0179,-0.0982,-12.861038,47.106847,-0.958809,0.00051382,0.00052818,0.00500377,-12.850178,47.112172,-0.955968,0.00001426,0.00002951,0.00000377,-0.156524,0.234752,0.023475,0.282149,0.763,0.797,1.299
1.3303,-12.708797,46.877135,-0.980151,0.0430,0.0041,0.0207,-12.865438,47.111785,-0.956676,0.00061360,0.00062799,0.00600377,-12.850178,47.112172,-0.955968,0.00001426,0.00002951,0.00000377,-0.156641,0.234650,0.023475,0.282129,0.763,0.797,1.299
1.3353,-12.690543,46.873443,-0.979998,0.0387,-0.0290,0.0724,-12.847484,47.108928,-0.957401,0.00001374,0.00002736,0.00000138,-12.847502,47.108954,-0.957401,0.00001448,0.00002890,0.00000138,-0.156940,0.235485,0.022597,0.282990,0.463,0.376,0.613
1.3402,-12.705623,46.872228,-0.987014,-0.0325,0.0349,0.1162,-12.862532,47.107372,-0.964416,0.00021383,0.00022736,0.00200138,-12.847502,47.108954,-0.957401,0.00001448,0.00002890,0.00000138,-0.156909,0.235144,0.022597,0.282690,0.463,0.376,0.613
1.3452,-12.727754,46.866856,-0.991031,-0.0638,0.0386,0.0199,-12.884536,47.101502,-0.968433,0.00031378,0.00032842,0.00300138,-12.847502,47.108954,-0.957401,0.00001448,0.00002890,0.00000138,-0.156782,0.234646,0.022597,0.282204,0.463,0.376,0.613
1.3503,-12.712526,46.861171,-0.980734,-0.0194,-0.0424,-0.0301,-12.869183,47.096162,-0.958137,0.00041389,0.00042771,0.00400138,-12.847502,47.108954,-0.957401,0.00001448,0.00002890,0.00000138,-0.156658,0.234991,0.022597,0.282423,0.463,0.376,0.613
1.3553,-12.715437,46.879261,-0.987212,0.0422,0.0516,0.0467,-12.872503,47.114182,-0.964614,0.00051456,0.00052775,0.00500138,-12.847502,47.108954,-0.957401,0.00001448,0.00002890,0.00000138,-0.157066,0.234921,0.022597,0.282591,0.463,0.376,0.613
1.3601,-12.694794,46.860577,-0.981516,0.0403,-0.0190,-0.0315,-12.851215,47.095445,-0.959045,0.00011120,0.00012322,0.00100136,-12.865708,47.106651,-0.957591,0.00001178,0.00002448,0.00000136,-0.156421,0.234868,0.022472,0.282188,0.720,1.015,1.379
1.3652,-12.704520,46.884720,-0.985972,0.0027,0.0125,0.0575,-12.861481,47.119363,-0.963500,0.00021178,0.00022332,0.00200136,-12.865708,47.106651,-0.957591,0.00001178,0.00002448,0.00000136,-0.156961,0.234643,0.022472,0.282301,0.720,1.015,1.379
1.3703,-12.698420,46.880606,-0.983761,-0.0228,0.1308,-0.0063,-12.855290,47.115387,-0.961289,0.00031162,0.00032327,0.00300136,-12.865708,47.106651,-0.957591,0.00001178,0.00002448,0.00000136,-0.156870,0.234781,0.022472,0.282365,0.720,1.015,1.379
1.3753,-12.694235,46.905249,-0.990209,-0.0399,-0.0714,-0.0523,-12.851659,47.140118,-0.967737,0.00041424,0.00042333,0.00400136,-12.865708,47.106651,-0.957591,0.00001178,0.00002448,0.00000136,-0.157425,0.234869,0.022472,0.282747,0.720,1.015,1.379
1.3801,-12.713560,46.886248,-0.979102,0.0062,0.0701,0.0967,-12.870553,47.120687,-0.956630,0.00061226,0.00062429,0.00600136,-12.865708,47.106651,-0.957591,0.00001178,0.00002448,0.00000136,-0.156993,0.234439,0.022472,0.282150,0.720,1.015,1.379
1.3852,-12.729619,46.879175,-0.985061,0.0298,0.0673,-0.0335,-12.886314,47.112782,-0.962390,0.00011380,0.00012697,0.00100142,-12.870402,47.120191,-0.956431,0.00001468,0.00002876,0.00000142,-0.156695,0.233607,0.022670,0.281293,0.577,0.664,0.987
1.3902,-12.702171,46.874417,-0.980782,-0.0071,-0.0358,-0.0407,-12.858765,47.108647,-0.958111,0.00021382,0.00022773,0.00200142,-12.870402,47.120191,-0.956431,0.00001468,0.00002876,0.00000142,-0.156595,0.234230,0.022670,0.281755,0.577,0.664,0.987
1.3952,-12.709948,46.873359,-0.995379,0.0763,-0.0128,0.0228,-12.866516,47.107413,-0.972709,0.00031383,0.00032743,0.00300142,-12.870402,47.120191,-0.956431,0.00001468,0.00002876,0.00000142,-0.156569,0.234054,0.022670,0.281594,0.577,0.664,0.987
1.4001,-12.689490,46.889362,-0.987829,-0.0338,0.0118,0.0321,-12.846427,47.123876,-0.965159,0.00051451,0.00052926,0.00500142,-12.870402,47.120191,-0.956431,0.00001468,0.00002876,0.00000142,-0.156937,0.234514,0.022670,0.282181,0.577,0.664,0.987
1.4051,-12.718154,46.872670,-0.986822,0.0173,-0.0876,-0.0276,-12.873688,47.105110,-0.963536,0.00000820,0.00001701,0.00000143,-12.873650,47.105053,-0.963536,0.00000849,0.00001766,0.00000143,-0.155533,0.232440,0.023286,0.279676,0.409,0.388,0.535
1.4102,-12.705164,46.870567,-0.982303,-0.0822,0.0151,0.0342,-12.860652,47.103310,-0.959017,0.00010820,0.00011701,0.00100143,-12.873650,47.105053,-0.963536,0.00000849,0.00001766,0.00000143,-0.155488,0.232743,0.023286,0.279903,0.409,0.388,0.535
1.4152,-12.719208,46.877257,-0.981540,0.0576,0.0698,0.0839,-12.874848,47.109672,-0.958254,0.00020824,0.00021721,0.00200143,-12.873650,47.105053,-0.963536,0.00000849,0.00001766,0.00000143,-0.155640,0.232414,0.023286,0.279714,0.409,0.388,0.535
1.4201,-12.704133,46.878841,-0.986080,-0.0236,-0.0381,0.0839,-12.859814,47.111606,-0.962793,0.00040827,0.00041733,0.00400143,-12.873650,47.105053,-0.963536,0.00000849,0.00001766,0.00000143,-0.155681,0.232765,0.023286,0.280028,0.409,0.388,0.535
1.4252,-12.706907,46.858127,-0.985457,0.0227,0.0157,0.0854,-12.862105,47.090833,-0.962171,0.00050955,0.00051723,0.00500143,-12.873650,47.105053,-0.963536,0.00000849,0.00001766,0.00000143,-0.155198,0.232706,0.023286,0.279711,0.409,0.388,0.535
1.4302,-12.718198,46.864629,-0.983229,-0.0270,-0.0486,0.0193,-12.873544,47.097070,-0.959942,0.00060884,0.00061751,0.00600143,-12.873650,47.105053,-0.963536,0.00000849,0.00001766,0.00000143,-0.155346,0.232441,0.023286,0.279573,0.409,0.388,0.535
1.4352,-12.715335,46.880534,-0.977955,0.0127,-0.0192,0.0198,-12.870796,47.112904,-0.955098,0.00000884,0.00001716,0.00000137,-12.870791,47.112896,-0.955098,0.00000913,0.00001776,0.00000137,-0.155461,0.232370,0.022858,0.279578,0.353,0.569,0.745
1.4401,-12.689900,46.880437,-0.979096,-0.0209,0.0078,0.0326,-12.845365,47.113388,-0.956239,0.00020901,0.00021731,0.00200137,-12.870791,47.112896,-0.955098,0.00000913,0.00001776,0.00000137,-0.155465,0.232951,0.022858,0.280064,0.353,0.569,0.745
1.4453,-12.716498,46.874892,-0.989915,-0.0070,-0.0362,0.1035,-12.871829,47.107237,-0.967057,0.00030893,0.00031807,0.00300137,-12.870791,47.112896,-0.955098,0.00000913,0.00001776,0.00000137,-0.155332,0.232345,0.022858,0.279486,0.353,0.569,0.745
1.4503,-12.711369,46.868441,-0.984199,0.1100,-0.0962,0.0703,-12.866555,47.100905,-0.961342,0.00040903,0.00041772,0.00400137,-12.870791,47.112896,-0.955098,0.00000913,0.00001776,0.00000137,-0.155186,0.232464,0.022858,0.279503,0.353,0.569,0.745
1.4553,-12.704215,46.886235,-0.983924,0.0019,0.0155,0.0236,-12.859809,47.118858,-0.961067,0.00050969,0.00051756,0.00500137,-12.870791,47.112896,-0.955098,0.00000913,0.00001776,0.00000137,-0.155594,0.232623,0.022858,0.279862,0.353,0.569,0.745
1.4601,-12.699006,46.888922,-0.986427,0.0177,0.0339,0.0478,-12.856339,47.123867,-0.964794,0.00012212,0.00014171,0.00100365,-12.849637,47.098228,-0.956660,0.00002452,0.00004633,0.00000366,-0.157333,0.234945,0.021634,0.282759,0.702,0.912,1.191
1.4653,-12.712502,46.878435,-0.983472,0.0212,-0.0860,0.1047,-12.869604,47.113091,-0.961838,0.00022224,0.00024188,0.00200365,-12.849637,47.098228,-0.956660,0.00002452,0.00004633,0.00000366,-0.157103,0.234656,0.021634,0.282391,0.702,0.912,1.191
1.4702,-12.693281,46.880402,-0.982079,-0.0399,-0.0452,0.0775,-12.850431,47.115473,-0.960445,0.00032220,0.00034211,0.00300365,-12.849637,47.098228,-0.956660,0.00002452,0.00004633,0.00000366,-0.157150,0.235071,0.021634,0.282762,0.702,0.912,1.191
1.4752,-12.706130,46.863939,-0.986217,0.0326,0.0283,0.0269,-12.862921,47.098736,-0.964583,0.00042323,0.00044195,0.00400365,-12.849637,47.098228,-0.956660,0.00002452,0.00004633,0.00000366,-0.156791,0.234797,0.021634,0.282335,0.702,0.912,1.191
1.4801,-12.701300,46.878106,-0.974075,-0.0122,0.0123,0.0268,-12.858398,47.113004,-0.952441,0.00062252,0.00064194,0.00600365,-12.849637,47.098228,-0.956660,0.00002452,0.00004633,0.00000366,-0.157098,0.234898,0.021634,0.282590,0.702,0.912,1.191
1.4851,-12.711557,46.851338,-0.983460,-0.0560,-0.0571,0.0461,-12.870345,47.088949,-0.962576,0.00014269,0.00017405,0.00100408,-12.861120,47.116549,-0.953191,0.00005161,0.00008967,0.00000408,-0.158788,0.237611,0.020884,0.285784,0.414,0.940,3.568
1.4901,-12.704676,46.873211,-0.982304,0.0062,-0.0470,0.0294,-12.863921,47.110961,-0.961420,0.00024317,0.00027409,0.00200408,-12.861120,47.116549,-0.953191,0.00005161,0.00008967,0.00000408,-0.159246,0.237750,0.020884,0.286154,0.414,0.940,3.568
1.4951,-12.706556,46.882867,-0.986441,-0.0193,-0.0095,-0.0027,-12.866003,47.120576,-0.965557,0.00034378,0.00037407,0.00300408,-12.861120,47.116549,-0.953191,0.00005161,0.00008967,0.00000408,-0.159447,0.237709,0.020884,0.286232,0.414,0.940,3.568
1.5002,-12.696969,46.882754,-0.975978,-0.0563,0.0154,0.0045,-12.856416,47.120663,-0.955095,0.00054379,0.00057451,0.00500408,-12.861120,47.116549,-0.953191,0.00005161,0.00008967,0.00000408,-0.159447,0.237909,0.020884,0.286398,0.414,0.940,3.568
1.5052,-12.714191,46.859864,-0.978461,0.0141,-0.0044,-0.0038,-12.873156,47.097418,-0.957577,0.00064444,0.00067451,0.00600408,-12.861120,47.116549,-0.953191,0.00005161,0.00008967,0.00000408,-0.158965,0.237554,0.020884,0.285836,0.414,0.940,3.568
1.5102,-12.729094,46.877785,-0.987317,-0.0085,-0.0407,0.0545,-12.888129,47.115076,-0.965918,0.00014048,0.00016937,0.00100471,-12.872831,47.097459,-0.957062,0.00004762,0.00008174,0.00000471,-0.159035,0.237291,0.021398,0.285656,0.701,1.000,1.292
1.5153,-12.714751,46.863145,-0.994031,0.0262,-0.0419,0.0971,-12.873475,47.100747,-0.972633,0.00024068,0.00026958,0.00200471,-12.872831,47.097459,-0.957062,0.00004762,0.00008174,0.00000471,-0.158725,0.237602,0.021398,0.285741,0.701,1.000,1.292
1.5201,-12.709502,46.880850,-0.975618,-0.0585,-0.0086,-0.0248,-12.868607,47.118560,-0.954219,0.00044103,0.00046977,0.00400471,-12.872831,47.097459,-0.957062,0.00004762,0.00008174,0.00000471,-0.159105,0.237710,0.021398,0.286043,0.701,1.000,1.292
1.5253,-12.693697,46.886665,-0.980410,-0.0028,0.0107,0.0354,-12.852930,47.124712,-0.959012,0.00054126,0.00057163,0.00500471,-12.872831,47.097459,-0.957062,0.00004762,0.00008174,0.00000471,-0.159233,0.238047,0.021398,0.286394,0.701,1.000,1.292
1.5303,-12.688418,46.861031,-0.977204,-0.0393,-0.0706,-0.0155,-12.847104,47.099197,-0.955805,0.00064294,0.00067288,0.00600471,-12.872831,47.097459,-0.957062,0.00004762,0.00008174,0.00000471,-0.158686,0.238166,0.021398,0.286189,0.701,1.000,1.292
1.5351,-12.727305,46.886432,-0.980302,-0.1304,0.0438,-0.0046,-12.883556,47.119978,-0.957354,0.00001119,0.00002172,0.00000481,-12.883443,47.119818,-0.957353,0.00001162,0.00002259,0.00000482,-0.156251,0.233546,0.022948,0.280995,0.700,1.102,1.380
1.5402,-12.723038,46.869603,-0.983373,-0.0274,-0.0285,0.0118,-12.878904,47.103251,-0.960425,0.00021120,0.00022176,0.00200481,-12.883443,47.119818,-0.957353,0.00001162,0.00002259,0.00000482,-0.155866,0.233648,0.022948,0.280866,0.700,1.102,1.380
1.5453,-12.714106,46.889875,-0.980327,-0.0236,0.0167,0.1403,-12.870439,47.123723,-0.957379,0.00031190,0.00032179,0.00300481,-12.883443,47.119818,-0.957353,0.00001162,0.00002259,0.00000482,-0.156333,0.233848,0.022948,0.281291,0.700,1.102,1.380
1.5503,-12.709622,46.887840,-0.993882,0.0064,0.0096,-0.0113,-12.865910,47.121791,-0.970934,0.00041176,0.00042195,0.00400481,-12.883443,47.119818,-0.957353,0.00001162,0.00002259,0.00000482,-0.156288,0.233951,0.022948,0.281352,0.700,1.102,1.380
1.5553,-12.705997,46.856144,-0.991862,0.0447,-0.0020,-0.0217,-12.861559,47.090186,-0.968915,0.00051376,0.00052223,0.00500481,-12.883443,47.119818,-0.957353,0.00001162,0.00002259,0.00000482,-0.155562,0.234043,0.022948,0.281025,0.700,1.102,1.380
1.5601,-12.707185,46.870371,-0.980794,-0.0051,-0.0132,0.0159,-12.864731,47.106536,-0.955231,0.00011287,0.00012358,0.00100409,-12.853456,47.114185,-0.962679,0.00001359,0.00002496,0.00000409,-0.157546,0.236165,0.025563,0.283892,0.674,1.134,1.403
1.5652,-12.702239,46.872524,-0.981975,0.0144,0.0120,-0.0067,-12.859842,47.108815,-0.956412,0.00021288,0.00022361,0.00200409,-12.853456,47.114185,-0.962679,0.00001359,0.00002496,0.00000409,-0.157602,0.236291,0.025563,0.284028,0.674,1.134,1.403
1.5703,-12.711266,46.885288,-0.984931,-0.0723,0.0468,-0.0448,-12.869192,47.121344,-0.959368,0.00031325,0.00032369,0.00300409,-12.853456,47.114185,-0.962679,0.00001359,0.00002496,0.00000409,-0.157926,0.236056,0.025563,0.284012,0.674,1.134,1.403
1.5752,-12.700771,46.878229,-0.993666,0.0258,-0.0174,-0.0355,-12.858519,47.114556,-0.968104,0.00041301,0.00042373,0.00400409,-12.853456,47.114185,-0.962679,0.00001359,0.00002496,0.00000409,-0.157749,0.236326,0.025563,0.284139,0.674,1.134,1.403
1.5801,-12.690607,46.879004,-0.995377,-0.0163,-0.0310,0.0020,-12.848379,47.115590,-0.969814,0.00061310,0.00062460,0.00600409,-12.853456,47.114185,-0.962679,0.00001359,0.00002496,0.00000409,-0.157772,0.236586,0.025563,0.284367,0.674,1.134,1.403
1.5851,-12.713689,46.885217,-0.982584,-0.0511,0.0235,-0.0205,-12.870553,47.119365,-0.955946,0.00011762,0.00013574,0.00100279,-12.847206,47.113613,-0.968738,0.00001914,0.00003891,0.00000279,-0.156864,0.234149,0.026638,0.281836,0.433,0.484,0.669
1.5901,-12.703859,46.881304,-0.978162,0.0537,0.0201,-0.0241,-12.860622,47.115716,-0.951524,0.00021763,0.00023584,0.00200279,-12.847206,47.113613,-0.968738,0.00001914,0.00003891,0.00000279,-0.156763,0.234412,0.026638,0.281999,0.433,0.484,0.669
1.5952,-12.708938,46.881092,-0.975624,-0.0533,-0.0065,0.0195,-12.865693,47.115369,-0.948986,0.00031764,0.00033579,0.00300279,-12.847206,47.113613,-0.968738,0.00001914,0.00003891,0.00000279,-0.156756,0.234277,0.026638,0.281883,0.433,0.484,0.669
1.6001,-12.716157,46.874439,-0.992813,0.0563,0.0607,0.0112,-12.872733,47.108525,-0.966175,0.00051784,0.00053616,0.00500279,-12.847206,47.113613,-0.968738,0.00001914,0.00003891,0.00000279,-0.156576,0.234087,0.026638,0.281625,0.433,0.484,0.669
1.6052,-12.682276,46.866040,-0.974837,-0.0759,-0.0204,0.0307,-12.838640,47.101032,-0.948199,0.00061843,0.00063953,0.00600279,-12.840940,47.104244,-0.951856,0.00001215,0.00002321,0.00000625,-0.156364,0.234992,0.026638,0.282260,0.630,0.955,0.669
1.6103,-12.706599,46.879382,-0.994195,-0.0609,0.1013,0.0362,-12.865447,47.116860,-0.971210,0.00011157,0.00012206,0.00100624,-12.840940,47.104244,-0.951856,0.00001215,0.00002321,0.00000625,-0.158848,0.237478,0.022985,0.285707,0.630,0.955,1.228
1.6153,-12.705410,46.858535,-0.987771,-0.0231,0.0364,0.0518,-12.863779,47.096045,-0.964787,0.00021200,0.00022207,0.00200624,-12.840940,47.104244,-0.951856,0.00001215,0.00002321,0.00000625,-0.158369,0.237511,0.022985,0.285468,0.630,0.955,1.228
1.6201,-12.705826,46.869528,-0.974872,-0.1050,0.0467,-0.0606,-12.864447,47.107026,-0.951887,0.00041179,0.00042207,0.00400624,-12.840940,47.104244,-0.951856,0.00001215,0.00002321,0.00000625,-0.158622,0.237498,0.022985,0.285598,0.630,0.955,1.228
1.6252,-12.699190,46.882119,-0.985643,-0.0194,0.0118,0.0226,-12.858102,47.119767,-0.962658,0.00051241,0.00052225,0.00500624,-12.840940,47.104244,-0.951856,0.00001215,0.00002321,0.00000625,-0.158913,0.237647,0.022985,0.285884,0.630,0.955,1.228
1.6303,-12.710390,46.880215,-0.983271,-0.0394,0.0286,0.0264,-12.869256,47.117605,-0.960286,0.00061222,0.00062227,0.00600624,-12.840940,47.104244,-0.951856,0.00001215,0.00002321,0.00000625,-0.158866,0.237390,0.022985,0.285644,0.630,0.955,1.228
1.6352,-12.714203,46.870657,-0.984631,-0.0550,-0.0443,0.0677,-12.873841,47.109318,-0.959473,0.00001863,0.00003436,0.00000735,-12.873917,47.109423,-0.959471,0.00002000,0.00003695,0.00000735,-0.159638,0.238661,0.025158,0.287129,0.614,0.991,1.431
1.6403,-12.717908,46.848830,-0.983044,-0.0083,-0.0725,-0.0665,-12.876996,47.087405,-0.957886,0.00021957,0.00023438,0.00200735,-12.873917,47.109423,-0.959471,0.00002000,0.00003695,0.00000735,-0.159088,0.238575,0.025158,0.286752,0.614,0.991,1.431
1.6453,-12.707550,46.869113,-0.981893,-0.0083,-0.0689,-0.0093,-12.867151,47.107942,-0.956735,0.00031915,0.00033447,0.00300735,-12.873917,47.109423,-0.959471,0.00002000,0.00003695,0.00000735,-0.159601,0.238829,0.025158,0.287249,0.614,0.991,1.431
1.6503,-12.705761,46.867783,-0.981541,0.0541,-0.0391,-0.0546,-12.865329,47.106657,-0.956383,0.00041913,0.00043454,0.00400735,-12.873917,47.109423,-0.959471,0.00002000,0.00003695,0.00000735,-0.159568,0.238874,0.025158,0.287268,0.614,0.991,1.431
1.6552,-12.715924,46.872578,-0.986158,0.0514,-0.0363,0.0955,-12.875610,47.111195,-0.960999,0.00051927,0.00053455,0.00500735,-12.873917,47.109423,-0.959471,0.00002000,0.00003695,0.00000735,-0.159686,0.238617,0.025158,0.287119,0.614,0.991,1.431
1.6601,-12.706000,46.884525,-0.977885,0.0445,0.0851,0.0881,-12.868728,47.127123,-0.952099,0.00012285,0.00014133,0.00100711,-12.881780,47.114703,-0.952548,0.00002524,0.00004574,0.00000712,-0.162728,0.242598,0.025786,0.292120,0.781,0.771,1.044
1.6653,-12.707669,46.879560,-0.987747,0.1323,0.0901,-0.0180,-12.870268,47.122116,-0.961961,0.00022287,0.00024133,0.00200711,-12.881780,47.114703,-0.952548,0.00002524,0.00004574,0.00000712,-0.162599,0.242557,0.025786,0.292014,0.781,0.771,1.044
1.6703,-12.701241,46.870803,-0.982532,0.0416,0.0309,0.0006,-12.863617,47.113528,-0.956747,0.00032310,0.00034140,0.00300711,-12.881780,47.114703,-0.952548,0.00002524,0.00004574,0.00000712,-0.162376,0.242726,0.025786,0.292030,0.781,0.771,1.044
1.6753,-12.714630,46.891331,-0.986923,0.1212,0.0565,-0.0361,-12.877531,47.133705,-0.961137,0.00042344,0.00044165,0.00400711,-12.881780,47.114703,-0.952548,0.00002524,0.00004574,0.00000712,-0.162900,0.242374,0.025786,0.292030,0.781,0.771,1.044
1.6802,-12.706173,46.868249,-0.984482,0.0496,0.0475,0.0056,-12.864382,47.125052,-0.963676,0.00052307,0.00054156,0.00500711,-12.881780,47.114703,-0.952548,0.00002524,0.00004574,0.00000712,-0.158210,0.256803,0.020806,0.301626,0.781,0.771,1.044
1.6853,-12.713375,46.873990,-0.981253,0.0394,-0.0316,-0.0404,-12.874781,47.114990,-0.954947,0.00011764,0.00013224,0.00100570,-12.867348,47.109327,-0.958176,0.00001899,0.00003478,0.00000571,-0.161406,0.240999,0.026306,0.290056,0.505,0.977,1.306
1.6903,-12.701199,46.857302,-0.981815,-0.0261,0.0284,-0.0956,-12.862170,47.098627,-0.955509,0.00021790,0.00023240,0.00200570,-12.867348,47.109327,-0.958176,0.00001899,0.00003478,0.00000571,-0.160971,0.241325,0.026306,0.290086,0.505,0.977,1.306
1.6953,-12.719375,46.871697,-0.986335,0.0379,-0.0112,0.0081,-12.880719,47.112539,-0.960029,0.00031784,0.00033262,0.00300570,-12.867348,47.109327,-0.958176,0.00001899,0.00003478,0.00000571,-0.161344,0.240842,0.026306,0.289891,0.505,0.977,1.306
1.7002,-12.702285,46.862063,-0.984541,0.0108,0.0005,-0.0813,-12.863381,47.103358,-0.958235,0.00051843,0.00053332,0.00500570,-12.867348,47.109327,-0.958176,0.00001899,0.00003478,0.00000571,-0.161096,0.241295,0.026306,0.290130,0.505,0.977,1.306
1.7052,-12.705199,46.892398,-0.981038,0.0615,0.0093,0.0472,-12.867093,47.133606,-0.954732,0.00062059,0.00063299,0.00600570,-12.869599,47.136734,-0.954113,0.00001693,0.00003153,0.00000251,-0.161893,0.241208,0.026306,0.290501,0.574,0.795,1.306
1.7103,-12.693336,46.880853,-0.980635,0.0093,0.0106,-0.0427,-12.857269,47.125293,-0.953711,0.00011582,0.00012940,0.00100250,-12.869599,47.136734,-0.954113,0.00001693,0.00003153,0.00000251,-0.163933,0.244439,0.026924,0.294321,0.574,0.795,1.479
1.7153,-12.699126,46.890840,-0.985287,0.0380,-0.0615,-0.0122,-12.863326,47.135119,-0.958363,0.00021592,0.00022944,0.00200250,-12.869599,47.136734,-0.954113,0.00001693,0.00003153,0.00000251,-0.164200,0.244280,0.026924,0.294337,0.574,0.795,1.479
1.7201,-12.709508,46.879233,-0.988729,-0.0764,-0.0504,0.0639,-12.873392,47.123237,-0.961805,0.00041599,0.00043000,0.00400250,-12.869599,47.136734,-0.954113,0.00001693,0.00003153,0.00000251,-0.163884,0.244004,0.026924,0.293932,0.574,0.795,1.479
1.7253,-12.715829,46.860404,-0.973928,-0.1056,0.0469,0.0207,-12.879204,47.104245,-0.947004,0.00051771,0.00053058,0.00500250,-12.869599,47.136734,-0.954113,0.00001693,0.00003153,0.00000251,-0.163375,0.243841,0.026924,0.293513,0.574,0.795,1.479
1.7303,-12.708164,46.876093,-0.978803,0.0546,0.0388,0.0277,-12.871964,47.120134,-0.951878,0.00061633,0.00062992,0.00600250,-12.869599,47.136734,-0.954113,0.00001693,0.00003153,0.00000251,-0.163800,0.244042,0.026924,0.293916,0.574,0.795,1.479
1.7353,-12.689823,46.876235,-0.990486,-0.1031,0.0016,0.1010,-12.854014,47.120986,-0.962122,0.00001427,0.00002883,0.00000259,-12.854028,47.121005,-0.962122,0.00001509,0.00003054,0.00000260,-0.164191,0.244751,0.028364,0.294724,0.579,0.996,1.255
1.7401,-12.715342,46.870714,-0.983977,0.0989,0.0140,-0.0232,-12.879367,47.114744,-0.955613,0.00021432,0.00022887,0.00200259,-12.854028,47.121005,-0.962122,0.00001509,0.00003054,0.00000260,-0.164024,0.244030,0.028364,0.294032,0.579,0.996,1.255
1.7453,-12.709576,46.878255,-0.981422,0.0739,0.0901,0.0023,-12.873817,47.122446,-0.953058,0.00031454,0.00032886,0.00300259,-12.854028,47.121005,-0.962122,0.00001509,0.00003054,0.00000260,-0.164240,0.244190,0.028364,0.294285,0.579,0.996,1.255
1.7503,-12.737234,46.872347,-0.980375,-0.0331,-0.0638,-0.0222,-12.901295,47.115755,-0.952011,0.00041438,0.00043086,0.00400259,-12.854028,47.121005,-0.962122,0.00001509,0.00003054,0.00000260,-0.164062,0.243408,0.028364,0.293537,0.579,0.996,1.255
1.7553,-12.681223,46.869867,-0.970631,0.0407,0.0812,0.0082,-12.845237,47.114865,-0.942267,0.00051438,0.00053473,0.00500259,-12.854028,47.121005,-0.962122,0.00001509,0.00003054,0.00000260,-0.164014,0.244998,0.028364,0.294830,0.579,0.996,1.255
1.7601,-12.717493,46.872450,-0.983554,-0.0234,0.1151,-0.0868,-12.880129,47.114260,-0.956153,0.00011155,0.00012305,0.00100513,-12.878120,47.127973,-0.951679,0.00001214,0.00002430,0.00000513,-0.162637,0.241810,0.027402,0.291415,0.790,1.220,1.577
1.7653,-12.707549,46.883659,-0.984283,0.0832,-0.0189,0.0051,-12.870497,47.125737,-0.956882,0.00021168,0.00022314,0.00200513,-12.878120,47.127973,-0.951679,0.00001214,0.00002430,0.00000513,-0.162948,0.242078,0.027402,0.291811,0.790,1.220,1.577
1.7703,-12.693321,46.872882,-0.981283,0.0012,-0.0457,0.0299,-12.855979,47.115355,-0.953881,0.00031165,0.00032385,0.00300513,-12.878120,47.127973,-0.951679,0.00001214,0.00002430,0.00000513,-0.162658,0.242472,0.027402,0.291976,0.790,1.220,1.577
1.7753,-12.712036,46.854731,-0.979372,0.0199,0.0347,-0.0160,-12.874190,47.096697,-0.951971,0.00041305,0.00042343,0.00400513,-12.878120,47.127973,-0.951679,0.00001214,0.00002430,0.00000513,-0.162153,0.241966,0.027402,0.291275,0.790,1.220,1.577
1.7802,-12.713957,46.904084,-0.980155,-0.0186,0.0443,-0.0052,-12.877462,47.145979,-0.952753,0.00061694,0.00062395,0.00600513,-12.878120,47.127973,-0.951679,0.00001214,0.00002430,0.00000513,-0.163505,0.241895,0.027402,0.291971,0.790,1.220,1.577
1.7853,-12.714932,46.860570,-0.990487,-0.0540,0.0736,0.0044,-12.877426,47.102772,-0.962874,0.00010950,0.00011924,0.00100371,-12.877662,47.146310,-0.952542,0.00000990,0.00002010,0.00000372,-0.162494,0.242202,0.027613,0.291661,0.776,1.217,1.560
1.7903,-12.693138,46.857587,-0.982689,-0.0144,-0.0164,0.0145,-12.855557,47.100392,-0.955076,0.00020951,0.00021972,0.00200371,-12.877662,47.146310,-0.952542,0.00000990,0.00002010,0.00000372,-0.162420,0.242805,0.027613,0.292120,0.776,1.217,1.560
1.7953,-12.713861,46.877281,-0.984407,0.0237,-0.0433,-0.0187,-12.876816,47.119506,-0.956793,0.00031015,0.00031969,0.00300371,-12.877662,47.146310,-0.952542,0.00000990,0.00002010,0.00000372,-0.162956,0.242225,0.027613,0.291937,0.776,1.217,1.560
1.8001,-12.701040,46.873128,-0.980863,-0.0764,0.0755,-0.0769,-12.863886,47.115709,-0.953250,0.00051025,0.00051992,0.00500371,-12.877662,47.146310,-0.952542,0.00000990,0.00002010,0.00000372,-0.162846,0.242581,0.027613,0.292171,0.776,1.217,1.560
1.8052,-12.715392,46.866832,-0.983320,-0.1083,0.0463,-0.0173,-12.878058,47.109019,-0.955706,0.00061038,0.00061995,0.00600371,-12.877662,47.146310,-0.952542,0.00000990,0.00002010,0.00000372,-0.162667,0.242187,0.027613,0.291744,0.776,1.217,1.560
1.8102,-12.708775,46.879848,-0.986483,0.0080,0.0462,-0.0202,-12.873214,47.124498,-0.958698,0.00010663,0.00011376,0.00100480,-12.879514,47.111374,-0.955535,0.00000682,0.00001419,0.00000481,-0.164439,0.244650,0.027785,0.294778,0.608,1.259,3.210
1.8152,-12.703403,46.876397,-0.987646,0.0654,-0.0098,-0.0125,-12.867749,47.121198,-0.959861,0.00020664,0.00021379,0.00200480,-12.879514,47.111374,-0.955535,0.00000682,0.00001419,0.00000481,-0.164346,0.244801,0.027785,0.294851,0.608,1.259,3.210
1.8201,-12.691188,46.870793,-0.987368,0.0355,-0.0716,-0.0040,-12.855382,47.115935,-0.959583,0.00040691,0.00041428,0.00400480,-12.879514,47.111374,-0.955535,0.00000682,0.00001419,0.00000481,-0.164195,0.245142,0.027785,0.295050,0.608,1.259,3.210
1.8253,-12.708797,46.876468,-0.986886,-0.0323,-0.0138,-0.0417,-12.873142,47.121119,-0.959101,0.00050674,0.00051422,0.00500480,-12.879514,47.111374,-0.955535,0.00000682,0.00001419,0.00000481,-0.164346,0.244651,0.027785,0.294726,0.608,1.259,3.210
1.8303,-12.711752,46.879683,-0.980518,0.0678,0.0524,0.0322,-12.876185,47.124251,-0.952734,0.00060675,0.00061447,0.00600480,-12.879514,47.111374,-0.955535,0.00000682,0.00001419,0.00000481,-0.164434,0.244568,0.027785,0.294706,0.608,1.259,3.210
1.8352,-12.718721,46.865421,-0.983966,-0.0326,0.0331,0.0168,-12.884866,47.113110,-0.954969,0.00000558,0.00001010,0.00000529,-12.884912,47.113177,-0.954967,0.00000567,0.00001030,0.00000529,-0.166145,0.247689,0.028997,0.298252,0.789,0.828,1.465
1.8405,-12.713973,46.901143,-0.981196,0.0820,-0.0344,-0.0234,-12.881156,47.148955,-0.952199,0.00020583,0.00021015,0.00200529,-12.884912,47.113177,-0.954967,0.00000567,0.00001030,0.00000529,-0.167183,0.247812,0.028997,0.298933,0.789,0.828,1.465
1.8452,-12.721671,46.892401,-0.993308,0.0175,-0.0086,-0.0035,-12.888598,47.139994,-0.964311,0.00030571,0.00031038,0.00300529,-12.884912,47.113177,-0.954967,0.00000567,0.00001030,0.00000529,-0.166926,0.247593,0.028997,0.298607,0.789,0.828,1.465
1.8503,-12.717008,46.890411,-0.974018,0.0284,-0.0489,-0.0615,-12.883878,47.138140,-0.945021,0.00040572,0.00041023,0.00400529,-12.884912,47.113177,-0.954967,0.00000567,0.00001030,0.00000529,-0.166870,0.247729,0.028997,0.298689,0.789,0.828,1.465
1.8552,-12.711880,46.886568,-0.986579,-0.0144,0.0358,0.0618,-12.878641,47.134447,-0.957582,0.00050583,0.00051026,0.00500529,-12.884912,47.113177,-0.954967,0.00000567,0.00001030,0.00000529,-0.166761,0.247879,0.028997,0.298753,0.789,0.828,1.465
1.8604,-12.707180,46.863695,-0.984945,-0.0867,0.0524,-0.0253,-12.870846,47.130122,-0.956925,0.00000827,0.00001582,0.00000671,-12.870854,47.130134,-0.956923,0.00000856,0.00001642,0.00000672,-0.163665,0.266427,0.028020,0.312681,0.678,1.569,1.465
1.8653,-12.712495,46.873605,-0.978443,-0.0313,-0.1235,0.0886,-12.879183,47.121715,-0.947862,0.00020836,0.00021586,0.00200671,-12.870854,47.130134,-0.956923,0.00000856,0.00001642,0.00000672,-0.166688,0.248110,0.030580,0.298904,0.678,1.569,1.987
1.8702,-12.684372,46.875389,-0.987265,0.0093,-0.0073,0.0376,-12.851128,47.124358,-0.956684,0.00030842,0.00031712,0.00300671,-12.870854,47.130134,-0.956923,0.00000856,0.00001642,0.00000672,-0.166756,0.248969,0.030580,0.299655,0.678,1.569,1.987
1.8754,-12.713679,46.868083,-0.987084,0.0485,0.0477,0.0060,-12.880197,47.116159,-0.956504,0.00040839,0.00041671,0.00400671,-12.870854,47.130134,-0.956923,0.00000856,0.00001642,0.00000672,-0.166519,0.248076,0.030580,0.298781,0.678,1.569,1.987
1.8804,-12.710041,46.875529,-0.985657,0.0985,0.0711,0.0242,-12.885311,47.126797,-0.948773,0.00050862,0.00051720,0.00500671,-12.870854,47.130134,-0.956923,0.00000856,0.00001642,0.00000672,-0.175269,0.251268,0.036884,0.306358,0.678,1.569,1.987
1.8852,-12.714159,46.884637,-0.972199,0.0009,0.0195,-0.0182,-12.881204,47.132942,-0.940474,0.00010751,0.00011265,0.00100516,-12.876804,47.123975,-0.953931,0.00000773,0.00001303,0.00000516,-0.167046,0.248305,0.031725,0.299265,0.829,0.474,1.132
1.8901,-12.693992,46.874065,-0.991968,-0.0453,-0.0245,0.0101,-12.860712,47.123015,-0.960243,0.00020762,0.00021306,0.00200516,-12.876804,47.123975,-0.953931,0.00000773,0.00001303,0.00000516,-0.166721,0.248950,0.031725,0.299619,0.829,0.474,1.132
1.8952,-12.693653,46.875155,-0.985844,-0.0722,-0.0143,0.0267,-12.860408,47.124115,-0.954119,0.00030760,0.00031307,0.00300516,-12.876804,47.123975,-0.953931,0.00000773,0.00001303,0.00000516,-0.166755,0.248960,0.031725,0.299647,0.829,0.474,1.132
1.9001,-12.708885,46.865673,-0.973140,-0.0423,0.0397,-0.0030,-12.875332,47.114155,-0.941414,0.00050826,0.00051314,0.00500516,-12.876804,47.123975,-0.953931,0.00000773,0.00001303,0.00000516,-0.166447,0.248482,0.031725,0.299078,0.829,0.474,1.132
1.9051,-12.686688,46.873342,-0.978862,-0.0209,-0.0869,0.0122,-12.853389,47.122524,-0.947136,0.00060774,0.00061428,0.00600516,-12.876804,47.123975,-0.953931,0.00000773,0.00001303,0.00000516,-0.166701,0.249182,0.031725,0.299801,0.829,0.474,1.132
1.9102,-12.714160,46.892060,-0.988098,-0.0123,0.0368,-0.0170,-12.882628,47.141922,-0.959718,0.00010672,0.00011238,0.00100579,-12.854670,47.124039,-0.950485,0.00000690,0.00001274,0.00000580,-0.168468,0.249862,0.028380,0.301351,0.719,1.021,1.214
1.9154,-12.693406,46.891636,-0.983468,0.1011,-0.0809,0.0218,-12.861870,47.142088,-0.955088,0.00020672,0.00021281,0.00200579,-12.854670,47.124039,-0.950485,0.00000690,0.00001274,0.00000580,-0.168464,0.250451,0.028380,0.301838,0.719,1.021,1.214
1.9205,-12.695240,46.879244,-0.988382,-0.0031,0.0054,0.0623,-12.863352,47.129649,-0.960002,0.00040702,0.00041303,0.00400579,-12.854670,47.124039,-0.950485,0.00000690,0.00001274,0.00000580,-0.168112,0.250404,0.028380,0.301602,0.719,1.021,1.214
1.9252,-12.695773,46.885250,-0.984907,-0.0004,0.0120,-0.0298,-12.864056,47.135637,-0.956527,0.00050684,0.00051298,0.00500579,-12.854670,47.124039,-0.950485,0.00000690,0.00001274,0.00000580,-0.168282,0.250387,0.028380,0.301683,0.719,1.021,1.214
1.9302,-12.692892,46.892222,-0.979566,0.0367,-0.0499,-0.0620,-12.861373,47.142688,-0.951186,0.00060704,0.00061318,0.00600579,-12.854670,47.124039,-0.950485,0.00000690,0.00001274,0.00000580,-0.168481,0.250466,0.028380,0.301859,0.719,1.021,1.214
1.9352,-12.713765,46.888032,-0.987182,0.0777,0.0520,0.0161,-12.881997,47.137532,-0.955045,0.00000911,0.00001705,0.00000383,-12.881990,47.137521,-0.955042,0.00000941,0.00001765,0.00000383,-0.168233,0.249500,0.032137,0.300919,0.653,0.804,1.299
1.9405,-12.718598,46.874214,-0.988174,0.0202,0.0006,0.0235,-12.886384,47.123565,-0.956037,0.00020915,0.00021760,0.00200383,-12.881990,47.137521,-0.955042,0.00000941,0.00001765,0.00000383,-0.167786,0.249352,0.032137,0.300547,0.653,0.804,1.299
1.9452,-12.695524,46.879129,-0.986289,0.0059,-0.0139,0.0406,-12.863480,47.129219,-0.954151,0.00030914,0.00031757,0.00300383,-12.881990,47.137521,-0.955042,0.00000941,0.00001765,0.00000383,-0.167956,0.250090,0.032137,0.301255,0.653,0.804,1.299
1.9504,-12.723557,46.874001,-0.983269,-0.0307,0.0710,0.0058,-12.891334,47.123193,-0.951131,0.00040919,0.00041866,0.00400383,-12.881990,47.137521,-0.955042,0.00000941,0.00001765,0.00000383,-0.167777,0.249192,0.032137,0.300409,0.653,0.804,1.299
1.9554,-12.712830,46.880234,-0.977870,-0.0200,-0.0505,-0.0002,-12.880812,47.129768,-0.945733,0.00050919,0.00051781,0.00500383,-12.881990,47.137521,-0.955042,0.00000941,0.00001765,0.00000383,-0.167982,0.249534,0.032137,0.300808,0.653,0.804,1.299
1.9601,-12.725274,46.897839,-0.991013,0.0367,0.0034,-0.0223,-12.895593,47.149477,-0.960100,0.00010687,0.00011389,0.00100447,-12.861521,47.128372,-0.954401,0.00000707,0.00001432,0.00000447,-0.170319,0.251638,0.030913,0.303859,0.734,0.991,1.756
1.9654,-12.696839,46.882117,-0.977383,-0.0493,-0.0336,-0.0120,-12.866685,47.134642,-0.946470,0.00020708,0.00021473,0.00200447,-12.861521,47.128372,-0.954401,0.00000707,0.00001432,0.00000447,-0.169847,0.252525,0.030913,0.304330,0.734,0.991,1.756
1.9703,-12.711088,46.888807,-0.981622,0.0006,0.0255,0.0036,-12.881135,47.140888,-0.950709,0.00030698,0.00031431,0.00300447,-12.861521,47.128372,-0.954401,0.00000707,0.00001432,0.00000447,-0.170047,0.252081,0.030913,0.304073,0.734,0.991,1.756
1.9752,-12.714393,46.875005,-0.981860,-0.0079,-0.0244,-0.0148,-12.884012,47.126990,-0.950948,0.00040760,0.00041433,0.00400447,-12.861521,47.128372,-0.954401,0.00000707,0.00001432,0.00000447,-0.169618,0.251985,0.030913,0.303755,0.734,0.991,1.756
1.9800,-12.717469,46.871114,-0.979083,-0.0646,-0.0781,-0.0648,-12.886966,47.123006,-0.948170,0.00060812,0.00061446,0.00600447,-12.861521,47.128372,-0.954401,0.00000707,0.00001432,0.00000447,-0.169497,0.251892,0.030913,0.303610,0.734,0.991,1.756
1.9853,-12.694367,46.875891,-0.983672,0.0747,0.0400,-0.0183,-12.864127,47.128897,-0.954456,0.00010725,0.00011555,0.00100281,-12.887089,47.123459,-0.949867,0.00000748,0.00001610,0.00000281,-0.169761,0.253005,0.029216,0.304681,0.669,0.891,1.129
1.9901,-12.720592,46.867717,-0.985782,-0.0224,-0.0765,0.0302,-12.890103,47.119960,-0.956566,0.00020732,0.00021622,0.00200281,-12.887089,47.123459,-0.949867,0.00000748,0.00001610,0.00000281,-0.169511,0.252243,0.029216,0.303908,0.669,0.891,1.129
1.9952,-12.713381,46.888660,-0.978223,-0.0463,0.0094,-0.0776,-12.883507,47.141104,-0.949007,0.00030785,0.00031597,0.00300281,-12.887089,47.123459,-0.949867,0.00000748,0.00001610,0.00000281,-0.170126,0.252444,0.029216,0.304419,0.669,0.891,1.129
2.0003,-12.694561,46.872868,-0.989375,0.0721,0.0450,-0.0498,-12.864234,47.125869,-0.960159,0.00050757,0.00051658,0.00500281,-12.887089,47.123459,-0.949867,0.00000748,0.00001610,0.00000281,-0.169673,0.253001,0.029216,0.304628,0.669,0.891,1.129
2.0053,-12.705698,46.882048,-0.985974,-0.0231,0.0683,-0.0569,-12.875634,47.134720,-0.956757,0.00060762,0.00061615,0.00600281,-12.887089,47.123459,-0.949867,0.00000748,0.00001610,0.00000281,-0.169936,0.252672,0.029216,0.304502,0.669,0.891,1.129
2.0105,-12.703520,46.879747,-0.986452,-0.0588,-0.0426,-0.0217,-12.873764,47.132857,-0.956174,0.00010767,0.00011678,0.00100304,-12.876022,47.135108,-0.955695,0.00000794,0.00001743,0.00000304,-0.170244,0.253111,0.030278,0.305038,0.650,1.013,1.528
2.0153,-12.706510,46.877698,-0.981237,-0.0012,-0.0596,-0.0368,-12.876690,47.130719,-0.950959,0.00020767,0.00021679,0.00200304,-12.876022,47.135108,-0.955695,0.00000794,0.00001743,0.00000304,-0.170181,0.253021,0.030278,0.304928,0.650,1.013,1.528
2.0201,-12.721884,46.875991,-0.975452,-0.0497,-0.0764,-0.1166,-12.892005,47.128548,-0.945174,0.00040778,0.00041785,0.00400304,-12.876022,47.135108,-0.955695,0.00000794,0.00001743,0.00000304,-0.170122,0.252556,0.030278,0.304510,0.650,1.013,1.528
2.0253,-12.704892,46.877764,-0.983061,0.1171,-0.1273,0.0537,-12.875075,47.130834,-0.952783,0.00050781,0.00051710,0.00500304,-12.876022,47.135108,-0.955695,0.00000794,0.00001743,0.00000304,-0.170183,0.253070,0.030278,0.304970,0.650,1.013,1.528
2.0303,-12.722175,46.871751,-0.986050,0.0416,-0.0629,0.0188,-12.892168,47.124300,-0.955772,0.00060787,0.00061816,0.00600304,-12.876022,47.135108,-0.955695,0.00000794,0.00001743,0.00000304,-0.169993,0.252550,0.030278,0.304432,0.650,1.013,1.528
2.0353,-12.715434,46.880392,-0.975758,-0.0230,-0.0074,0.0202,-12.885424,47.132942,-0.947081,0.00000680,0.00001408,0.00000415,-12.885419,47.132934,-0.947081,0.00000697,0.00001447,0.00000416,-0.169991,0.252549,0.028677,0.304431,0.494,0.799,1.056
2.0401,-12.708219,46.882983,-0.982199,-0.0374,-0.0225,0.0736,-12.878288,47.135739,-0.953521,0.00020711,0.00021410,0.00200415,-12.885419,47.132934,-0.947081,0.00000697,0.00001447,0.00000416,-0.170068,0.252755,0.028677,0.304645,0.494,0.799,1.056
2.0453,-12.705342,46.874331,-0.991706,-0.0244,0.0404,-0.0067,-12.875163,47.127172,-0.963029,0.00030695,0.00031414,0.00300415,-12.885419,47.132934,-0.947081,0.00000697,0.00001447,0.00000416,-0.169821,0.252841,0.028677,0.304578,0.494,0.799,1.056
2.0502,-12.708601,46.884328,-0.972179,0.0156,-0.0379,-0.0601,-12.878707,47.137072,-0.943501,0.00040725,0.00041411,0.00400415,-12.885419,47.132934,-0.947081,0.00000697,0.00001447,0.00000416,-0.170107,0.252744,0.028677,0.304657,0.494,0.799,1.056
2.0553,-12.708352,46.897512,-0.981795,-0.0131,0.0389,-0.0149,-12.878837,47.150257,-0.953117,0.00050874,0.00051411,0.00500415,-12.885419,47.132934,-0.947081,0.00000697,0.00001447,0.00000416,-0.170485,0.252745,0.028677,0.304869,0.494,0.799,1.056
2.0600,-12.715026,46.868970,-0.991639,-0.1066,-0.0371,-0.0362,-12.883861,47.120653,-0.965014,0.00010712,0.00011506,0.00100160,-12.870582,47.129487,-0.948787,0.00000734,0.00001557,0.00000160,-0.168835,0.251683,0.026625,0.303067,0.466,1.085,1.470
2.0652,-12.712611,46.875987,-0.981367,0.0797,0.0371,0.0351,-12.881633,47.127732,-0.954742,0.00020717,0.00021506,0.00200160,-12.870582,47.129487,-0.948787,0.00000734,0.00001557,0.00000160,-0.169023,0.251745,0.026625,0.303223,0.466,1.085,1.470
2.0703,-12.711737,46.887337,-0.981183,-0.0160,0.0778,-0.1179,-12.881062,47.139102,-0.954558,0.00030759,0.00031507,0.00300160,-12.870582,47.129487,-0.948787,0.00000734,0.00001557,0.00000160,-0.169325,0.251764,0.026625,0.303408,0.466,1.085,1.470
2.0753,-12.718814,46.854020,-0.992304,-0.0234,0.0841,-0.0044,-12.887249,47.105608,-0.965679,0.00040895,0.00041515,0.00400160,-12.870582,47.129487,-0.948787,0.00000734,0.00001557,0.00000160,-0.168436,0.251588,0.026625,0.302766,0.466,1.085,1.470
2.0801,-12.706461,46.882840,-0.983018,0.0511,-0.0080,0.0699,-12.875669,47.134746,-0.956393,0.00060829,0.00061535,0.00600160,-12.870582,47.129487,-0.948787,0.00000734,0.00001557,0.00000160,-0.169207,0.251906,0.026625,0.303460,0.466,1.085,1.470
2.0852,-12.724951,46.889790,-0.987451,0.0858,0.0407,-0.0258,-12.893913,47.140791,-0.960068,0.00010796,0.00011692,0.00100202,-12.875227,47.134332,-0.955636,0.00000824,0.00001758,0.00000202,-0.168962,0.251002,0.027382,0.302572,0.622,0.899,1.130
2.0903,-12.701965,46.881405,-0.987282,-0.0838,-0.0252,-0.0306,-12.870705,47.133039,-0.959900,0.00020802,0.00021746,0.00200202,-12.875227,47.134332,-0.955636,0.00000824,0.00001758,0.00000202,-0.168741,0.251634,0.027382,0.302974,0.622,0.899,1.130
2.0953,-12.707092,46.874110,-0.985055,-0.0712,-0.0056,-0.0710,-12.875631,47.125606,-0.957672,0.00030824,0.00031728,0.00300202,-12.875227,47.134332,-0.955636,0.00000824,0.00001758,0.00000202,-0.168539,0.251497,0.027382,0.302747,0.622,0.899,1.130
2.1002,-12.710208,46.867422,-0.978154,0.0835,0.0176,0.1470,-12.878562,47.118836,-0.950772,0.00050870,0.00051732,0.00500202,-12.875227,47.134332,-0.955636,0.00000824,0.00001758,0.00000202,-0.168355,0.251414,0.027382,0.302576,0.622,0.899,1.130
2.1056,-12.707991,46.881389,-0.980132,-0.0447,-0.0240,-0.0696,-12.876729,47.132859,-0.952749,0.00060837,0.00061732,0.00600202,-12.875227,47.134332,-0.955636,0.00000824,0.00001758,0.00000202,-0.168738,0.251469,0.027382,0.302836,0.622,0.899,1.130
2.1103,-12.715618,46.874986,-0.983014,0.0133,0.0531,0.0177,-12.884053,47.125882,-0.955871,0.00010964,0.00012017,0.00100202,-12.876593,47.132475,-0.952989,0.00001007,0.00002112,0.00000202,-0.168435,0.250896,0.027143,0.302191,0.484,1.234,2.802
2.1152,-12.708910,46.877953,-0.995228,0.0710,-0.0177,0.0297,-12.877428,47.129031,-0.968085,0.00020965,0.00022022,0.00200202,-12.876593,47.132475,-0.952989,0.00001007,0.00002112,0.00000202,-0.168518,0.251077,0.027143,0.302387,0.484,1.234,2.802
2.1201,-12.708652,46.880361,-0.983220,0.0427,-0.0586,0.0451,-12.877235,47.131445,-0.956077,0.00040968,0.00042024,0.00400202,-12.876593,47.132475,-0.952989,0.00001007,0.00002112,0.00000202,-0.168583,0.251083,0.027143,0.302429,0.484,1.234,2.802
2.1251,-12.712403,46.894841,-0.978602,-0.0540,0.0541,-0.0371,-12.881378,47.145818,-0.951459,0.00051075,0.00052021,0.00500202,-12.876593,47.132475,-0.952989,0.00001007,0.00002112,0.00000202,-0.168975,0.250976,0.027143,0.302558,0.484,1.234,2.802
2.1301,-12.702041,46.883375,-0.988844,0.0671,0.1142,-0.0633,-12.870709,47.134637,-0.961701,0.00060990,0.00062067,0.00600202,-12.876593,47.132475,-0.952989,0.00001007,0.00002112,0.00000202,-0.168668,0.251262,0.027143,0.302624,0.484,1.234,2.802
2.1351,-12.721081,46.882351,-0.980929,0.0570,-0.0210,0.0213,-12.888616,47.131836,-0.953984,0.00001030,0.00002215,0.00000216,-12.888576,47.131774,-0.953984,0.00001072,0.00002312,0.00000216,-0.167535,0.249484,0.026945,0.300517,0.471,0.825,1.116
2.1401,-12.700497,46.881139,-0.972319,0.0824,-0.0230,0.0021,-12.868007,47.131178,-0.945374,0.00021032,0.00022291,0.00200216,-12.888576,47.131774,-0.953984,0.00001072,0.00002312,0.00000216,-0.167510,0.250039,0.026945,0.300964,0.471,0.825,1.116
2.1453,-12.714853,46.879544,-0.973486,-0.0507,0.0412,0.0104,-12.882315,47.129197,-0.946541,0.00031035,0.00032253,0.00300216,-12.888576,47.131774,-0.953984,0.00001072,0.00002312,0.00000216,-0.167462,0.249653,0.026945,0.300616,0.471,0.825,1.116
2.1502,-12.679523,46.894430,-0.983978,-0.0047,-0.0227,-0.0151,-12.847398,47.145030,-0.957033,0.00041080,0.00042616,0.00400216,-12.888576,47.131774,-0.953984,0.00001072,0.00002312,0.00000216,-0.167876,0.250600,0.026945,0.301633,0.471,0.825,1.116
2.1553,-12.705917,46.877253,-0.984120,-0.0103,0.0304,0.0540,-12.873320,47.127147,-0.957175,0.00051073,0.00052344,0.00500216,-12.888576,47.131774,-0.953984,0.00001072,0.00002312,0.00000216,-0.167403,0.249895,0.026945,0.300784,0.471,0.825,1.116
2.1601,-12.694363,46.877737,-0.983777,-0.0418,-0.0338,0.0007,-12.861883,47.127877,-0.955412,0.00011069,0.00012504,0.00100325,-12.864840,47.128610,-0.962067,0.00001126,0.00002646,0.00000325,-0.167521,0.250140,0.028365,0.301054,0.822,1.159,1.491
