bag_time,time,count
1788878873.9965422,1788878873.9965422,0
1788878874.048466,1788878874.048466,0
1788878874.0958576,1788878874.0958576,0
1788878874.1458979,1788878874.1458979,0
1788878874.1958392,1788878874.1958392,0
1788878874.2452195,1788878874.2452195,0
1788878874.294873,1788878874.294873,0
1788878874.347622,1788878874.347622,0
1788878874.394766,1788878874.394766,0
1788878874.4467058,1788878874.4467058,0
1788878874.4951582,1788878874.4951582,0
1788878874.5478961,1788878874.5478961,0
1788878874.5958505,1788878874.5958505,0
1788878874.6468015,1788878874.6468015,0
1788878874.6948872,1788878874.6948872,0
1788878874.7471173,1788878874.7471173,0
1788878874.7950594,1788878874.7950594,0
1788878874.8458414,1788878874.8458414,0
1788878874.8948157,1788878874.8948157,0
1788878874.946778,1788878874.946778,0
1788878874.9950788,1788878874.9950788,0
1788878875.0479708,1788878875.0479708,0
1788878875.0948164,1788878875.0948164,0
1788878875.144968,1788878875.144968,0
1788878875.19582,1788878875.19582,0
1788878875.2457652,1788878875.2457652,0
1788878875.2957435,1788878875.2957435,0
1788878875.344624,1788878875.344624,0
1788878875.3947184,1788878875.3947184,0
1788878875.4472742,1788878875.4472742,0
1788878875.4957602,1788878875.4957602,0
1788878875.5470815,1788878875.5470815,0
1788878875.5951643,1788878875.5951643,0
1788878875.6468883,1788878875.6468883,0
1788878875.6957908,1788878875.6957908,0
1788878875.7468083,1788878875.7468083,0
1788878875.796163,1788878875.796163,0
1788878875.8471596,1788878875.8471596,0
1788878875.8955922,1788878875.8955922,0
1788878875.9468787,1788878875.9468787,0
1788878875.9964728,1788878875.9964728,0
1788878876.045645,1788878876.045645,0
1788878876.095991,1788878876.095991,0
1788878876.1450326,1788878876.1450326,0
1788878876.195452,1788878876.195452,0
1788878876.2457945,1788878876.2457945,0
1788878876.2948835,1788878876.2948835,0
1788878876.3486266,1788878876.3486266,0
1788878876.3960068,1788878876.3960068,0
1788878876.4450288,1788878876.4450288,0
1788878876.496034,1788878876.496034,0
1788878876.5458312,1788878876.5458312,0
1788878876.5948327,1788878876.5948327,0
1788878876.644966,1788878876.644966,0
1788878876.695294,1788878876.695294,0
1788878876.7461894,1788878876.7461894,0
1788878876.795654,1788878876.795654,0
1788878876.845064,1788878876.845064,0
1788878876.8960266,1788878876.8960266,0
1788878876.9457996,1788878876.9457996,0
1788878876.9947739,1788878876.9947739,0
1788878877.0546257,1788878877.0546257,0
1788878877.120065,1788878877.120065,0
1788878877.1709573,1788878877.1709573,0
1788878877.2200277,1788878877.2200277,0
1788878877.2700028,1788878877.2700028,0
1788878877.3214593,1788878877.3214593,0
1788878877.3708472,1788878877.3708472,0
1788878877.4218605,1788878877.4218605,0
1788878877.4699411,1788878877.4699411,0
1788878877.5196943,1788878877.5196943,0
1788878877.5701017,1788878877.5701017,0
1788878877.6207745,1788878877.6207745,0
1788878877.6704545,1788878877.6704545,0
1788878877.7209105,1788878877.7209105,0
1788878877.769908,1788878877.769908,0
1788878877.8210678,1788878877.8210678,0
1788878877.8708456,1788878877.8708456,0
1788878877.9202404,1788878877.9202404,0
1788878877.970514,1788878877.970514,0
1788878878.0210338,1788878878.0210338,0
1788878878.069769,1788878878.069769,0
1788878878.1195757,1788878878.1195757,0
1788878878.169761,1788878878.169761,0
1788878878.2198634,1788878878.2198634,0
1788878878.270476,1788878878.270476,0
1788878878.3223524,1788878878.3223524,0
1788878878.3721585,1788878878.3721585,0
1788878878.4206097,1788878878.4206097,0
1788878878.4700418,1788878878.4700418,0
1788878878.5198936,1788878878.5198936,0
1788878878.5706708,1788878878.5706708,0
1788878878.6212225,1788878878.6212225,0
1788878878.6720374,1788878878.6720374,0
1788878878.7204933,1788878878.7204933,0
1788878878.771693,1788878878.771693,0
1788878878.8199315,1788878878.8199315,0
1788878878.8698652,1788878878.8698652,0
1788878878.9210446,1788878878.9210446,0
1788878878.9717948,1788878878.9717948,0
1788878879.0207818,1788878879.0207818,0
1788878879.0701501,1788878879.0701501,0
1788878879.1213512,1788878879.1213512,0
1788878879.17099,1788878879.17099,0
1788878879.2197323,1788878879.2197323,0
1788878879.2709353,1788878879.2709353,0
1788878879.3198566,1788878879.3198566,0
1788878879.3705351,1788878879.3705351,0
1788878879.4203386,1788878879.4203386,0
1788878879.4711623,1788878879.4711623,0
1788878879.5217001,1788878879.5217001,0
1788878879.5698225,1788878879.5698225,0
1788878879.620081,1788878879.620081,0
1788878879.6699655,1788878879.6699655,0
1788878879.719961,1788878879.719961,0
1788878879.7698078,1788878879.7698078,0
1788878879.8205862,1788878879.8205862,0
1788878879.8707259,1788878879.8707259,0
1788878879.9217072,1788878879.9217072,0
1788878879.970119,1788878879.970119,0
1788878880.0211487,1788878880.0211487,0
1788878880.070875,1788878880.070875,0
1788878880.1207373,1788878880.1207373,0
1788878880.1698442,1788878880.1698442,0
1788878880.2216392,1788878880.2216392,0
1788878880.26994,1788878880.26994,0
1788878880.3197396,1788878880.3197396,0
1788878880.369753,1788878880.369753,0
1788878880.4198854,1788878880.4198854,0
1788878880.471356,1788878880.471356,0
1788878880.5205567,1788878880.5205567,0
1788878880.5688133,1788878880.5688133,0
1788878880.6201937,1788878880.6201937,0
1788878880.6718283,1788878880.6718283,0
1788878880.7220733,1788878880.7220733,0
1788878880.7709632,1788878880.7709632,0
1788878880.8202345,1788878880.8202345,0
1788878880.8729265,1788878880.8729265,0
1788878880.9207394,1788878880.9207394,0
1788878880.9699512,1788878880.9699512,0
1788878881.0208423,1788878881.0208423,0
1788878881.0709803,1788878881.0709803,0
1788878881.1207778,1788878881.1207778,0
1788878881.1697035,1788878881.1697035,0
1788878881.2194972,1788878881.2194972,0
1788878881.2704666,1788878881.2704666,0
1788878881.3209944,1788878881.3209944,0
1788878881.3696043,1788878881.3696043,0
1788878881.41956,1788878881.41956,0
1788878881.471899,1788878881.471899,0
1788878881.5198023,1788878881.5198023,0
1788878881.5712821,1788878881.5712821,0
1788878881.6201577,1788878881.6201577,0
1788878881.6698515,1788878881.6698515,0
1788878881.7199886,1788878881.7199886,0
1788878881.7698202,1788878881.7698202,0
1788878881.8195972,1788878881.8195972,0
1788878881.8700664,1788878881.8700664,0
1788878881.9225411,1788878881.9225411,0
1788878881.9715955,1788878881.9715955,0
1788878882.018879,1788878882.018879,0
1788878882.0711937,1788878882.0711937,0
1788878882.1216464,1788878882.1216464,0
1788878882.170971,1788878882.170971,0
1788878882.219657,1788878882.219657,0
1788878882.270527,1788878882.270527,0
1788878882.320056,1788878882.320056,0
1788878882.3698735,1788878882.3698735,0
1788878882.4198995,1788878882.4198995,0
1788878882.4700215,1788878882.4700215,0
1788878882.5209875,1788878882.5209875,0
1788878882.5699534,1788878882.5699534,0
1788878882.6199691,1788878882.6199691,0
1788878882.6709938,1788878882.6709938,0
1788878882.720555,1788878882.720555,0
1788878882.7708914,1788878882.7708914,0
1788878882.8225458,1788878882.8225458,0
1788878882.871385,1788878882.871385,0
1788878882.92077,1788878882.92077,0
1788878882.9696453,1788878882.9696453,0
1788878883.0197072,1788878883.0197072,0
1788878883.0707917,1788878883.0707917,0
1788878883.1200993,1788878883.1200993,0
1788878883.1722481,1788878883.1722481,0
1788878883.2210975,1788878883.2210975,0
1788878883.2706413,1788878883.2706413,0
1788878883.31971,1788878883.31971,0
1788878883.3697114,1788878883.3697114,0
1788878883.4205892,1788878883.4205892,0
1788878883.470811,1788878883.470811,0
1788878883.5210073,1788878883.5210073,0
1788878883.5698717,1788878883.5698717,0
1788878883.6218026,1788878883.6218026,0
1788878883.6717389,1788878883.6717389,0
1788878883.7212605,1788878883.7212605,0
1788878883.7745662,1788878883.7745662,0
1788878883.8209417,1788878883.8209417,0
1788878883.8700113,1788878883.8700113,0
1788878883.9211168,1788878883.9211168,0
1788878883.972002,1788878883.972002,0
1788878884.0207834,1788878884.0207834,0
1788878884.0705907,1788878884.0705907,0
1788878884.1198764,1788878884.1198764,0
1788878884.170077,1788878884.170077,0
1788878884.221906,1788878884.221906,0
1788878884.2702317,1788878884.2702317,0
1788878884.3210506,1788878884.3210506,0
1788878884.371018,1788878884.371018,0
1788878884.419908,1788878884.419908,0
1788878884.4705775,1788878884.4705775,0
1788878884.5198567,1788878884.5198567,0
1788878884.5697875,1788878884.5697875,0
1788878884.620161,1788878884.620161,0
1788878884.6697009,1788878884.6697009,0
1788878884.720782,1788878884.720782,0
1788878884.7700272,1788878884.7700272,0
1788878884.8207145,1788878884.8207145,0
1788878884.871358,1788878884.871358,0
1788878884.9207594,1788878884.9207594,0
1788878884.970747,1788878884.970747,0
1788878885.019846,1788878885.019846,0
1788878885.070928,1788878885.070928,0
1788878885.119801,1788878885.119801,0
1788878885.1701488,1788878885.1701488,0
1788878885.219952,1788878885.219952,0
1788878885.2709808,1788878885.2709808,0
1788878885.3200338,1788878885.3200338,0
1788878885.3699782,1788878885.3699782,0
1788878885.420606,1788878885.420606,0
1788878885.4697142,1788878885.4697142,0
1788878885.5195234,1788878885.5195234,0
1788878885.5722003,1788878885.5722003,0
1788878885.61949,1788878885.61949,0
1788878885.669899,1788878885.669899,0
1788878885.7200718,1788878885.7200718,0
1788878885.7726414,1788878885.7726414,0
1788878885.8206403,1788878885.8206403,0
1788878885.8700705,1788878885.8700705,0
1788878885.9207652,1788878885.9207652,0
1788878885.969509,1788878885.969509,0
1788878886.021263,1788878886.021263,0
1788878886.0697844,1788878886.0697844,0
1788878886.1201267,1788878886.1201267,0
1788878886.1695523,1788878886.1695523,0
1788878886.2218647,1788878886.2218647,0
1788878886.2700176,1788878886.2700176,0
1788878886.3198714,1788878886.3198714,0
1788878886.3708875,1788878886.3708875,0
1788878886.4196146,1788878886.4196146,0
1788878886.4705033,1788878886.4705033,0
1788878886.5208585,1788878886.5208585,0
1788878886.5702424,1788878886.5702424,0
1788878886.6201227,1788878886.6201227,0
1788878886.6712983,1788878886.6712983,0
1788878886.7208347,1788878886.7208347,0
1788878886.7706783,1788878886.7706783,0
1788878886.819676,1788878886.819676,0
1788878886.8697982,1788878886.8697982,0
1788878886.920179,1788878886.920179,0
1788878886.970675,1788878886.970675,0
1788878887.0203154,1788878887.0203154,0
1788878887.0711865,1788878887.0711865,0
1788878887.1208189,1788878887.1208189,0
1788878887.1715655,1788878887.1715655,0
1788878887.220951,1788878887.220951,0
1788878887.2705436,1788878887.2705436,0
1788878887.3216615,1788878887.3216615,0
1788878887.3695428,1788878887.3695428,0
1788878887.4196787,1788878887.4196787,0
1788878887.4697535,1788878887.4697535,0
1788878887.5215907,1788878887.5215907,0
1788878887.570675,1788878887.570675,0
1788878887.621006,1788878887.621006,0
1788878887.6715546,1788878887.6715546,0
1788878887.7209804,1788878887.7209804,0
1788878887.7709517,1788878887.7709517,0
1788878887.820813,1788878887.820813,0
1788878887.8699667,1788878887.8699667,0
1788878887.921096,1788878887.921096,0
1788878887.9711678,1788878887.9711678,0
1788878888.0199735,1788878888.0199735,0
1788878888.0697057,1788878888.0697057,0
1788878888.1223953,1788878888.1223953,0
1788878888.1709344,1788878888.1709344,0
1788878888.2205944,1788878888.2205944,0
1788878888.2706885,1788878888.2706885,0
1788878888.3197246,1788878888.3197246,0
1788878888.3695698,1788878888.3695698,0
1788878888.420014,1788878888.420014,0
1788878888.4699965,1788878888.4699965,0
1788878888.5207353,1788878888.5207353,0
1788878888.5705574,1788878888.5705574,0
1788878888.619904,1788878888.619904,0
1788878888.6715932,1788878888.6715932,0
1788878888.7187452,1788878888.7187452,0
1788878888.7698996,1788878888.7698996,0
1788878888.8213732,1788878888.8213732,0
1788878888.8696694,1788878888.8696694,0
1788878888.920931,1788878888.920931,0
1788878888.969894,1788878888.969894,0
1788878889.0197437,1788878889.0197437,0
1788878889.0697508,1788878889.0697508,0
1788878889.1198776,1788878889.1198776,0
1788878889.1695898,1788878889.1695898,0
1788878889.2232597,1788878889.2232597,0
1788878889.2700112,1788878889.2700112,0
1788878889.3196285,1788878889.3196285,0
1788878889.3696449,1788878889.3696449,0
1788878889.4211004,1788878889.4211004,0
1788878889.4709294,1788878889.4709294,0
1788878889.519778,1788878889.519778,0
1788878889.5707223,1788878889.5707223,0
1788878889.6226552,1788878889.6226552,0
1788878889.6706822,1788878889.6706822,0
1788878889.7196558,1788878889.7196558,0
1788878889.7700002,1788878889.7700002,0
1788878889.8206851,1788878889.8206851,0
1788878889.8704875,1788878889.8704875,0
1788878889.920789,1788878889.920789,0
1788878889.969489,1788878889.969489,0
1788878890.0207646,1788878890.0207646,0
1788878890.0708578,1788878890.0708578,0
1788878890.1209114,1788878890.1209114,0
1788878890.1704476,1788878890.1704476,0
1788878890.2195547,1788878890.2195547,0
1788878890.2695768,1788878890.2695768,0
1788878890.3209713,1788878890.3209713,0
1788878890.3695443,1788878890.3695443,0
1788878890.4197953,1788878890.4197953,0
1788878890.4706337,1788878890.4706337,0
1788878890.5197275,1788878890.5197275,0
1788878890.5695188,1788878890.5695188,0
1788878890.6195471,1788878890.6195471,0
1788878890.6705563,1788878890.6705563,0
1788878890.7198033,1788878890.7198033,0
1788878890.7698228,1788878890.7698228,0
1788878890.8196456,1788878890.8196456,0
1788878890.8705971,1788878890.8705971,0
1788878890.9186704,1788878890.9186704,0
1788878890.9699268,1788878890.9699268,0
1788878891.0236907,1788878891.0236907,0
1788878891.0700054,1788878891.0700054,0
1788878891.120311,1788878891.120311,0
1788878891.1704376,1788878891.1704376,0
1788878891.2214372,1788878891.2214372,0
1788878891.271562,1788878891.271562,0
1788878891.3188717,1788878891.3188717,0
1788878891.3698,1788878891.3698,0
1788878891.4202476,1788878891.4202476,0
1788878891.47093,1788878891.47093,0
1788878891.5195951,1788878891.5195951,0
1788878891.5696144,1788878891.5696144,0
1788878891.6212876,1788878891.6212876,0
1788878891.6719005,1788878891.6719005,0
1788878891.7209225,1788878891.7209225,0
1788878891.7708476,1788878891.7708476,0
1788878891.820678,1788878891.820678,0
1788878891.8698645,1788878891.8698645,0
1788878891.921715,1788878891.921715,0
1788878891.9710374,1788878891.9710374,0
1788878892.021024,1788878892.021024,0
1788878892.0698233,1788878892.0698233,0
1788878892.1223454,1788878892.1223454,0
1788878892.1709182,1788878892.1709182,0
1788878892.2207294,1788878892.2207294,0
1788878892.2709992,1788878892.2709992,0
1788878892.3196528,1788878892.3196528,0
1788878892.370053,1788878892.370053,0
1788878892.4194725,1788878892.4194725,0
1788878892.4716246,1788878892.4716246,0
1788878892.5198767,1788878892.5198767,0
1788878892.5699325,1788878892.5699325,0
1788878892.6216893,1788878892.6216893,0
1788878892.6696696,1788878892.6696696,0
1788878892.7199142,1788878892.7199142,0
1788878892.7711725,1788878892.7711725,0
1788878892.8199923,1788878892.8199923,0
1788878892.871255,1788878892.871255,0
1788878892.9206147,1788878892.9206147,0
1788878892.9703393,1788878892.9703393,0
1788878893.0216708,1788878893.0216708,0
1788878893.0707138,1788878893.0707138,0
1788878893.1198683,1788878893.1198683,0
1788878893.1699982,1788878893.1699982,0
1788878893.2209275,1788878893.2209275,0
1788878893.2697966,1788878893.2697966,0
1788878893.3217967,1788878893.3217967,0
1788878893.3705451,1788878893.3705451,0
1788878893.4187603,1788878893.4187603,0
1788878893.4706187,1788878893.4706187,0
1788878893.5205421,1788878893.5205421,0
1788878893.5695748,1788878893.5695748,0
1788878893.6210818,1788878893.6210818,0
1788878893.6710365,1788878893.6710365,0
1788878893.7214825,1788878893.7214825,0
1788878893.7714872,1788878893.7714872,0
1788878893.8215122,1788878893.8215122,0
1788878893.8718636,1788878893.8718636,0
1788878893.9201028,1788878893.9201028,0
1788878893.9714603,1788878893.9714603,0
1788878894.0210173,1788878894.0210173,0
1788878894.0707328,1788878894.0707328,0
1788878894.1206203,1788878894.1206203,0
1788878894.169907,1788878894.169907,0
1788878894.2207804,1788878894.2207804,0
1788878894.2698,1788878894.2698,0
1788878894.319649,1788878894.319649,0
1788878894.369767,1788878894.369767,0
1788878894.423875,1788878894.423875,0
1788878894.471046,1788878894.471046,0
1788878894.5197113,1788878894.5197113,0
1788878894.5717337,1788878894.5717337,0
1788878894.6206508,1788878894.6206508,0
1788878894.6698596,1788878894.6698596,0
1788878894.720034,1788878894.720034,0
1788878894.771212,1788878894.771212,0
1788878894.8208609,1788878894.8208609,0
1788878894.869872,1788878894.869872,0
1788878894.9207017,1788878894.9207017,0
1788878894.9705737,1788878894.9705737,0
1788878895.0203001,1788878895.0203001,0
1788878895.0708387,1788878895.0708387,0
1788878895.1215162,1788878895.1215162,0
1788878895.1708944,1788878895.1708944,0
1788878895.2196915,1788878895.2196915,0
1788878895.2698567,1788878895.2698567,0
1788878895.3198838,1788878895.3198838,0
1788878895.369837,1788878895.369837,0
1788878895.420238,1788878895.420238,0
1788878895.4710307,1788878895.4710307,0
1788878895.5229259,1788878895.5229259,0
1788878895.570517,1788878895.570517,0
1788878895.620365,1788878895.620365,0
1788878895.6730886,1788878895.6730886,0
1788878895.7212396,1788878895.7212396,0
1788878895.770205,1788878895.770205,0
1788878895.8201928,1788878895.8201928,0
1788878895.8709428,1788878895.8709428,0
1788878895.9202127,1788878895.9202127,0
1788878895.9713345,1788878895.9713345,0
1788878896.021028,1788878896.021028,0
1788878896.0707917,1788878896.0707917,0
1788878896.1199644,1788878896.1199644,0
1788878896.1709237,1788878896.1709237,0
1788878896.2207572,1788878896.2207572,0
1788878896.269714,1788878896.269714,0
1788878896.3199549,1788878896.3199549,0
1788878896.3751528,1788878896.3751528,0
1788878896.4229205,1788878896.4229205,0
1788878896.4707396,1788878896.4707396,0
1788878896.52201,1788878896.52201,0
1788878896.5699189,1788878896.5699189,0
1788878896.620331,1788878896.620331,0
1788878896.670877,1788878896.670877,0
1788878896.71944,1788878896.71944,0
1788878896.7704332,1788878896.7704332,0
1788878896.8218803,1788878896.8218803,0
1788878896.8700879,1788878896.8700879,0
1788878896.9209728,1788878896.9209728,0
1788878896.9708009,1788878896.9708009,0
1788878897.0207334,1788878897.0207334,0
1788878897.0707128,1788878897.0707128,0
1788878897.1209693,1788878897.1209693,0
1788878897.169715,1788878897.169715,0
1788878897.2197328,1788878897.2197328,0
1788878897.2696137,1788878897.2696137,0
1788878897.3194807,1788878897.3194807,0
1788878897.3718128,1788878897.3718128,0
1788878897.4208627,1788878897.4208627,0
1788878897.4713957,1788878897.4713957,0
1788878897.520923,1788878897.520923,0
1788878897.5706894,1788878897.5706894,0
1788878897.6204963,1788878897.6204963,0
1788878897.669701,1788878897.669701,0
1788878897.720607,1788878897.720607,0
1788878897.7706192,1788878897.7706192,0
1788878897.8198807,1788878897.8198807,0
1788878897.869753,1788878897.869753,0
1788878897.920056,1788878897.920056,0
1788878897.9707541,1788878897.9707541,0
1788878898.020486,1788878898.020486,0
1788878898.069892,1788878898.069892,0
1788878898.1200843,1788878898.1200843,0
1788878898.1708055,1788878898.1708055,0
1788878898.2219322,1788878898.2219322,0
1788878898.2696567,1788878898.2696567,0
1788878898.321612,1788878898.321612,0
1788878898.3718033,1788878898.3718033,0
1788878898.4197872,1788878898.4197872,0
1788878898.4706001,1788878898.4706001,0
1788878898.5206811,1788878898.5206811,0
1788878898.56984,1788878898.56984,0
1788878898.6200542,1788878898.6200542,0
1788878898.6708581,1788878898.6708581,0
1788878898.7196145,1788878898.7196145,0
1788878898.7695696,1788878898.7695696,0
1788878898.819732,1788878898.819732,0
1788878898.870698,1788878898.870698,0
1788878898.9199803,1788878898.9199803,0
1788878898.9708989,1788878898.9708989,0
1788878899.0209932,1788878899.0209932,0
1788878899.0709314,1788878899.0709314,0
1788878899.1202617,1788878899.1202617,0
1788878899.2094476,1788878899.2094476,0
1788878899.2710054,1788878899.2710054,0
1788878899.3212385,1788878899.3212385,0
1788878899.370937,1788878899.370937,0
1788878899.4198022,1788878899.4198022,0
1788878899.4714622,1788878899.4714622,0
1788878899.5210025,1788878899.5210025,0
1788878899.571052,1788878899.571052,0
1788878899.6208,1788878899.6208,0
1788878899.671347,1788878899.671347,0
1788878899.7217011,1788878899.7217011,0
1788878899.771738,1788878899.771738,0
1788878899.82088,1788878899.82088,0
1788878899.873897,1788878899.873897,0
1788878899.9228241,1788878899.9228241,0
1788878899.9720957,1788878899.9720957,0
1788878900.0212457,1788878900.0212457,0
1788878900.0714276,1788878900.0714276,0
1788878900.1211069,1788878900.1211069,0
1788878900.170826,1788878900.170826,0
1788878900.22145,1788878900.22145,0
1788878900.2708483,1788878900.2708483,0
1788878900.3210516,1788878900.3210516,0
1788878900.3710372,1788878900.3710372,0
1788878900.422193,1788878900.422193,0
1788878900.4719524,1788878900.4719524,0
1788878900.5197918,1788878900.5197918,0
1788878900.570658,1788878900.570658,0
1788878900.619689,1788878900.619689,0
1788878900.6695619,1788878900.6695619,0
1788878900.719723,1788878900.719723,0
1788878900.769503,1788878900.769503,0
1788878900.8216522,1788878900.8216522,0
1788878900.8696444,1788878900.8696444,0
1788878900.9205482,1788878900.9205482,0
1788878900.9707127,1788878900.9707127,0
1788878901.019937,1788878901.019937,0
1788878901.0697536,1788878901.0697536,0
1788878901.1209333,1788878901.1209333,0
1788878901.169815,1788878901.169815,0
1788878901.220625,1788878901.220625,0
1788878901.2707696,1788878901.2707696,0
1788878901.320699,1788878901.320699,0
1788878901.3699684,1788878901.3699684,0
1788878901.420261,1788878901.420261,0
1788878901.4708145,1788878901.4708145,0
1788878901.522689,1788878901.522689,0
1788878901.5710673,1788878901.5710673,0
1788878901.621131,1788878901.621131,0
1788878901.6708581,1788878901.6708581,0
1788878901.7197533,1788878901.7197533,0
1788878901.7698407,1788878901.7698407,0
1788878901.820712,1788878901.820712,0
1788878901.8696966,1788878901.8696966,0
1788878901.9202127,1788878901.9202127,0
1788878901.9696155,1788878901.9696155,0
1788878902.0209112,1788878902.0209112,0
1788878902.0705566,1788878902.0705566,0
1788878902.1207712,1788878902.1207712,0
1788878902.169635,1788878902.169635,0
1788878902.2207043,1788878902.2207043,0
1788878902.270046,1788878902.270046,0
1788878902.3197424,1788878902.3197424,0
1788878902.370801,1788878902.370801,0
1788878902.4197602,1788878902.4197602,0
1788878902.4710495,1788878902.4710495,0
1788878902.5195928,1788878902.5195928,0
1788878902.5697753,1788878902.5697753,0
1788878902.6207178,1788878902.6207178,0
1788878902.6712413,1788878902.6712413,0
1788878902.7208793,1788878902.7208793,0
1788878902.7706742,1788878902.7706742,0
1788878902.819575,1788878902.819575,0
1788878902.870676,1788878902.870676,0
1788878902.9212127,1788878902.9212127,0
1788878902.971915,1788878902.971915,0
1788878903.0198033,1788878903.0198033,0
1788878903.0709615,1788878903.0709615,0
1788878903.1196353,1788878903.1196353,0
1788878903.1700494,1788878903.1700494,0
1788878903.220812,1788878903.220812,0
1788878903.26965,1788878903.26965,0
1788878903.3241196,1788878903.3241196,0
1788878903.3704972,1788878903.3704972,0
1788878903.4214385,1788878903.4214385,0
1788878903.4717772,1788878903.4717772,0
1788878903.5204148,1788878903.5204148,0
1788878903.570406,1788878903.570406,0
1788878903.620648,1788878903.620648,0
1788878903.670019,1788878903.670019,0
1788878903.7195103,1788878903.7195103,0
1788878903.770653,1788878903.770653,0
1788878903.8210022,1788878903.8210022,0
1788878903.871423,1788878903.871423,0
1788878903.9212651,1788878903.9212651,0
1788878903.9698327,1788878903.9698327,0
1788878904.020917,1788878904.020917,0
1788878904.0711107,1788878904.0711107,0
1788878904.120293,1788878904.120293,0
1788878904.170683,1788878904.170683,0
1788878904.2199266,1788878904.2199266,0
1788878904.2714136,1788878904.2714136,0
1788878904.3213735,1788878904.3213735,0
1788878904.3709729,1788878904.3709729,0
1788878904.421023,1788878904.421023,0
1788878904.4708807,1788878904.4708807,0
1788878904.519853,1788878904.519853,0
1788878904.5712414,1788878904.5712414,0
1788878904.6197648,1788878904.6197648,0
1788878904.6718113,1788878904.6718113,0
1788878904.720702,1788878904.720702,0
1788878904.7697787,1788878904.7697787,0
1788878904.8197982,1788878904.8197982,0
1788878904.87082,1788878904.87082,0
1788878904.9198825,1788878904.9198825,0
1788878904.9705095,1788878904.9705095,0
1788878905.0205538,1788878905.0205538,0
1788878905.0697067,1788878905.0697067,0
1788878905.1198313,1788878905.1198313,0
1788878905.1744156,1788878905.1744156,0
1788878905.221374,1788878905.221374,0
1788878905.2703016,1788878905.2703016,0
1788878905.3205628,1788878905.3205628,0
1788878905.3695076,1788878905.3695076,0
1788878905.4209042,1788878905.4209042,0
1788878905.470759,1788878905.470759,0
1788878905.5198016,1788878905.5198016,0
1788878905.5715954,1788878905.5715954,0
1788878905.6227407,1788878905.6227407,0
1788878905.6698627,1788878905.6698627,0
1788878905.721573,1788878905.721573,0
1788878905.770897,1788878905.770897,0
1788878905.8197713,1788878905.8197713,0
1788878905.8698668,1788878905.8698668,0
1788878905.921033,1788878905.921033,0
1788878905.9716108,1788878905.9716108,0
1788878906.0206416,1788878906.0206416,0
1788878906.0718098,1788878906.0718098,0
1788878906.1206965,1788878906.1206965,0
1788878906.1698842,1788878906.1698842,0
1788878906.2197597,1788878906.2197597,0
1788878906.2704947,1788878906.2704947,0
1788878906.3208237,1788878906.3208237,0
1788878906.36982,1788878906.36982,0
1788878906.4218354,1788878906.4218354,0
1788878906.4709177,1788878906.4709177,0
1788878906.520858,1788878906.520858,0
1788878906.5696757,1788878906.5696757,0
1788878906.620815,1788878906.620815,0
1788878906.6699889,1788878906.6699889,0
1788878906.719902,1788878906.719902,0
1788878906.7698395,1788878906.7698395,0
1788878906.8209133,1788878906.8209133,0
1788878906.8707743,1788878906.8707743,0
1788878906.9211702,1788878906.9211702,0
1788878906.9698277,1788878906.9698277,0
1788878907.0196867,1788878907.0196867,0
1788878907.0716364,1788878907.0716364,0
1788878907.1218133,1788878907.1218133,0
1788878907.1706305,1788878907.1706305,0
1788878907.2207785,1788878907.2207785,0
1788878907.2706594,1788878907.2706594,0
1788878907.3217716,1788878907.3217716,0
1788878907.3706884,1788878907.3706884,0
1788878907.421319,1788878907.421319,0
1788878907.4705229,1788878907.4705229,0
1788878907.5208082,1788878907.5208082,0
1788878907.571704,1788878907.571704,0
1788878907.6221318,1788878907.6221318,0
1788878907.6719108,1788878907.6719108,0
1788878907.7244523,1788878907.7244523,0
1788878907.7727177,1788878907.7727177,0
1788878907.8230317,1788878907.8230317,0
1788878907.8710005,1788878907.8710005,0
1788878907.920719,1788878907.920719,0
1788878907.9716606,1788878907.9716606,0
1788878908.0196168,1788878908.0196168,0
1788878908.0707712,1788878908.0707712,0
1788878908.1208096,1788878908.1208096,0
1788878908.1713147,1788878908.1713147,0
1788878908.2208438,1788878908.2208438,0
1788878908.2711377,1788878908.2711377,0
1788878908.3214192,1788878908.3214192,0
1788878908.3716662,1788878908.3716662,0
1788878908.4214416,1788878908.4214416,0
1788878908.4724264,1788878908.4724264,0
1788878908.5216427,1788878908.5216427,0
1788878908.571062,1788878908.571062,0
1788878908.621554,1788878908.621554,0
1788878908.6710498,1788878908.6710498,0
1788878908.721329,1788878908.721329,0
1788878908.7708755,1788878908.7708755,0
1788878908.8235767,1788878908.8235767,0
1788878908.8717353,1788878908.8717353,0
1788878908.921462,1788878908.921462,0
1788878908.9698231,1788878908.9698231,0
1788878909.0209532,1788878909.0209532,0
1788878909.0707498,1788878909.0707498,0
1788878909.1210778,1788878909.1210778,0
1788878909.1707563,1788878909.1707563,0
1788878909.2217264,1788878909.2217264,0
1788878909.2705963,1788878909.2705963,0
1788878909.3197684,1788878909.3197684,0
1788878909.369805,1788878909.369805,0
1788878909.4212778,1788878909.4212778,0
1788878909.470647,1788878909.470647,0
1788878909.5210018,1788878909.5210018,0
1788878909.570356,1788878909.570356,0
1788878909.6207483,1788878909.6207483,0
1788878909.6705492,1788878909.6705492,0
1788878909.7197917,1788878909.7197917,0
1788878909.7707212,1788878909.7707212,0
1788878909.8197176,1788878909.8197176,0
1788878909.8704624,1788878909.8704624,0
1788878909.9215124,1788878909.9215124,0
1788878909.9715216,1788878909.9715216,0
1788878910.021741,1788878910.021741,0
1788878910.07156,1788878910.07156,0
1788878910.1198835,1788878910.1198835,0
1788878910.1715622,1788878910.1715622,0
1788878910.2216423,1788878910.2216423,0
1788878910.2696345,1788878910.2696345,0
1788878910.3231153,1788878910.3231153,0
1788878910.3717022,1788878910.3717022,0
1788878910.419678,1788878910.419678,0
1788878910.4708638,1788878910.4708638,0
1788878910.5217211,1788878910.5217211,0
1788878910.5696685,1788878910.5696685,0
1788878910.621625,1788878910.621625,0
1788878910.6704268,1788878910.6704268,0
1788878910.7227306,1788878910.7227306,0
1788878910.771924,1788878910.771924,0
1788878910.820705,1788878910.820705,0
1788878910.8727841,1788878910.8727841,0
1788878910.921535,1788878910.921535,0
1788878910.971024,1788878910.971024,0
1788878911.0208247,1788878911.0208247,0
1788878911.0712233,1788878911.0712233,0
1788878911.1206706,1788878911.1206706,0
1788878911.1709423,1788878911.1709423,0
1788878911.220834,1788878911.220834,0
1788878911.2730405,1788878911.2730405,0
1788878911.3216007,1788878911.3216007,0
1788878911.3707445,1788878911.3707445,0
1788878911.4223022,1788878911.4223022,0
1788878911.472244,1788878911.472244,0
1788878911.5217,1788878911.5217,0
1788878911.5715723,1788878911.5715723,0
1788878911.6217964,1788878911.6217964,0
1788878911.6710744,1788878911.6710744,0
1788878911.72073,1788878911.72073,0
1788878911.770789,1788878911.770789,0
1788878911.821804,1788878911.821804,0
1788878911.871042,1788878911.871042,0
1788878911.9211698,1788878911.9211698,0
1788878911.9728003,1788878911.9728003,0
1788878912.0217366,1788878912.0217366,0
1788878912.070899,1788878912.070899,0
1788878912.1225908,1788878912.1225908,0
1788878912.1711187,1788878912.1711187,0
1788878912.2207928,1788878912.2207928,0
1788878912.2709763,1788878912.2709763,0
1788878912.3219044,1788878912.3219044,0
1788878912.371219,1788878912.371219,0
1788878912.4224138,1788878912.4224138,0
1788878912.4716208,1788878912.4716208,0
1788878912.5221188,1788878912.5221188,0
1788878912.5709548,1788878912.5709548,0
1788878912.6213372,1788878912.6213372,0
1788878912.671602,1788878912.671602,0
1788878912.7209244,1788878912.7209244,0
1788878912.7710187,1788878912.7710187,0
1788878912.8209157,1788878912.8209157,0
1788878912.8723192,1788878912.8723192,0
1788878912.9222856,1788878912.9222856,0
1788878912.9707663,1788878912.9707663,0
1788878913.0221615,1788878913.0221615,0
1788878913.0727546,1788878913.0727546,0
1788878913.1218786,1788878913.1218786,0
1788878913.170957,1788878913.170957,0
1788878913.2216673,1788878913.2216673,0
1788878913.2710257,1788878913.2710257,0
1788878913.3213496,1788878913.3213496,0
1788878913.3708322,1788878913.3708322,0
1788878913.4219675,1788878913.4219675,0
1788878913.472061,1788878913.472061,0
1788878913.5220068,1788878913.5220068,0
1788878913.571151,1788878913.571151,0
1788878913.620833,1788878913.620833,0
1788878913.6709955,1788878913.6709955,0
1788878913.7209678,1788878913.7209678,0
1788878913.7720528,1788878913.7720528,0
1788878913.8207986,1788878913.8207986,0
1788878913.871988,1788878913.871988,0
1788878913.922439,1788878913.922439,0
1788878913.9721448,1788878913.9721448,0
1788878914.0217931,1788878914.0217931,0
1788878914.0758238,1788878914.0758238,0
1788878914.1250868,1788878914.1250868,0
1788878914.172313,1788878914.172313,0
1788878914.2219086,1788878914.2219086,0
1788878914.2709646,1788878914.2709646,0
1788878914.3219833,1788878914.3219833,0
1788878914.372132,1788878914.372132,0
1788878914.4224675,1788878914.4224675,0
1788878914.471881,1788878914.471881,0
1788878914.521839,1788878914.521839,0
1788878914.5711646,1788878914.5711646,0
1788878914.621928,1788878914.621928,0
1788878914.6708572,1788878914.6708572,0
1788878914.721402,1788878914.721402,0
1788878914.7718194,1788878914.7718194,0
1788878914.8209612,1788878914.8209612,0
1788878914.8710775,1788878914.8710775,0
1788878914.9224799,1788878914.9224799,0
1788878914.9730718,1788878914.9730718,0
1788878915.0211809,1788878915.0211809,0
1788878915.0730338,1788878915.0730338,0
1788878915.1212316,1788878915.1212316,0
1788878915.1710432,1788878915.1710432,0
1788878915.222164,1788878915.222164,0
1788878915.271752,1788878915.271752,0
1788878915.320917,1788878915.320917,0
1788878915.3707345,1788878915.3707345,0
1788878915.421372,1788878915.421372,0
1788878915.4730957,1788878915.4730957,0
1788878915.5222034,1788878915.5222034,0
1788878915.5719452,1788878915.5719452,0
1788878915.6250315,1788878915.6250315,0
1788878915.6727786,1788878915.6727786,0
1788878915.7239301,1788878915.7239301,0
1788878915.774021,1788878915.774021,0
1788878915.8230312,1788878915.8230312,0
1788878915.8732524,1788878915.8732524,0
1788878915.925957,1788878915.925957,0
1788878915.9750156,1788878915.9750156,0
1788878916.0230434,1788878916.0230434,0
1788878916.0720668,1788878916.0720668,0
1788878916.1213105,1788878916.1213105,0
1788878916.1728609,1788878916.1728609,0
1788878916.2231462,1788878916.2231462,0
1788878916.272363,1788878916.272363,0
1788878916.321163,1788878916.321163,0
1788878916.3717728,1788878916.3717728,0
1788878916.4223769,1788878916.4223769,0
1788878916.471791,1788878916.471791,0
1788878916.5232773,1788878916.5232773,0
1788878916.5730238,1788878916.5730238,0
1788878916.6219316,1788878916.6219316,0
1788878916.6719031,1788878916.6719031,0
1788878916.721357,1788878916.721357,0
1788878916.7719817,1788878916.7719817,0
1788878916.8209617,1788878916.8209617,0
1788878916.8729138,1788878916.8729138,0
1788878916.9221547,1788878916.9221547,0
1788878916.9729939,1788878916.9729939,0
1788878917.024366,1788878917.024366,0
1788878917.0739262,1788878917.0739262,0
1788878917.1221495,1788878917.1221495,0
1788878917.1712599,1788878917.1712599,0
1788878917.2219772,1788878917.2219772,0
1788878917.2711263,1788878917.2711263,0
1788878917.3220682,1788878917.3220682,0
1788878917.3721933,1788878917.3721933,0
1788878917.4235058,1788878917.4235058,0
1788878917.472388,1788878917.472388,0
1788878917.5233228,1788878917.5233228,0
1788878917.5712025,1788878917.5712025,0
1788878917.622053,1788878917.622053,0
1788878917.673984,1788878917.673984,0
1788878917.7232344,1788878917.7232344,0
1788878917.771926,1788878917.771926,0
1788878917.825023,1788878917.825023,0
1788878917.8729951,1788878917.8729951,0
1788878917.922285,1788878917.922285,0
1788878917.9735723,1788878917.9735723,0
1788878918.0235605,1788878918.0235605,0
1788878918.0721045,1788878918.0721045,0
1788878918.1219776,1788878918.1219776,0
1788878918.1723354,1788878918.1723354,0
1788878918.2215233,1788878918.2215233,0
1788878918.2730951,1788878918.2730951,0
1788878918.3222046,1788878918.3222046,0
1788878918.371026,1788878918.371026,0
1788878918.422438,1788878918.422438,0
1788878918.4733012,1788878918.4733012,0
1788878918.5231128,1788878918.5231128,0
1788878918.572284,1788878918.572284,0
1788878918.6222107,1788878918.6222107,0
1788878918.6720698,1788878918.6720698,0
1788878918.7223623,1788878918.7223623,0
1788878918.772013,1788878918.772013,0
1788878918.822406,1788878918.822406,0
1788878918.8722224,1788878918.8722224,0
1788878918.9226623,1788878918.9226623,0
1788878918.9730494,1788878918.9730494,0
1788878919.0224822,1788878919.0224822,0
1788878919.0720713,1788878919.0720713,0
1788878919.123144,1788878919.123144,0
1788878919.1734145,1788878919.1734145,0
1788878919.2221758,1788878919.2221758,0
1788878919.273114,1788878919.273114,0
1788878919.3232923,1788878919.3232923,0
1788878919.371456,1788878919.371456,0
1788878919.4235206,1788878919.4235206,0
1788878919.4724007,1788878919.4724007,0
1788878919.5225024,1788878919.5225024,0
1788878919.5746508,1788878919.5746508,0
1788878919.621935,1788878919.621935,0
1788878919.6724343,1788878919.6724343,0
1788878919.7249184,1788878919.7249184,0
1788878919.7731204,1788878919.7731204,0
1788878919.8220127,1788878919.8220127,0
1788878919.8730974,1788878919.8730974,0
1788878919.9237673,1788878919.9237673,0
1788878919.9725204,1788878919.9725204,0
1788878920.0250785,1788878920.0250785,0
1788878920.0749314,1788878920.0749314,0
1788878920.1227343,1788878920.1227343,0
1788878920.1750884,1788878920.1750884,0
1788878920.224047,1788878920.224047,0
1788878920.2725537,1788878920.2725537,0
1788878920.3246262,1788878920.3246262,0
1788878920.3726454,1788878920.3726454,0
1788878920.4228654,1788878920.4228654,0
1788878920.4734776,1788878920.4734776,0
1788878920.5242372,1788878920.5242372,0
1788878920.5740068,1788878920.5740068,0
1788878920.6230888,1788878920.6230888,0
1788878920.6734421,1788878920.6734421,0
1788878920.7224805,1788878920.7224805,0
1788878920.7732394,1788878920.7732394,0
1788878920.8235848,1788878920.8235848,0
1788878920.8734198,1788878920.8734198,0
1788878920.9233968,1788878920.9233968,0
1788878920.9735768,1788878920.9735768,0
1788878921.0224812,1788878921.0224812,0
1788878921.0740697,1788878921.0740697,0
1788878921.1234949,1788878921.1234949,0
1788878921.1731815,1788878921.1731815,0
1788878921.2221298,1788878921.2221298,0
1788878921.2721193,1788878921.2721193,0
1788878921.323186,1788878921.323186,0
1788878921.3725793,1788878921.3725793,0
1788878921.4227352,1788878921.4227352,0
1788878921.473297,1788878921.473297,0
1788878921.522369,1788878921.522369,0
1788878921.5723689,1788878921.5723689,0
1788878921.6226344,1788878921.6226344,0
1788878921.6734264,1788878921.6734264,0
1788878921.7223425,1788878921.7223425,0
1788878921.77351,1788878921.77351,0
1788878921.8225536,1788878921.8225536,0
1788878921.8724058,1788878921.8724058,0
1788878921.9238315,1788878921.9238315,0
1788878921.972157,1788878921.972157,0
1788878922.023346,1788878922.023346,0
1788878922.074416,1788878922.074416,0
1788878922.1232905,1788878922.1232905,0
1788878922.1722102,1788878922.1722102,0
1788878922.2239826,1788878922.2239826,0
1788878922.2725892,1788878922.2725892,0
1788878922.3251853,1788878922.3251853,0
1788878922.3746204,1788878922.3746204,0
1788878922.4246092,1788878922.4246092,0
1788878922.4741068,1788878922.4741068,0
1788878922.5249755,1788878922.5249755,0
1788878922.573546,1788878922.573546,0
1788878922.6225424,1788878922.6225424,0
1788878922.6732752,1788878922.6732752,0
1788878922.7227662,1788878922.7227662,0
1788878922.7724242,1788878922.7724242,0
1788878922.8241227,1788878922.8241227,0
1788878922.8726711,1788878922.8726711,0
1788878922.9237096,1788878922.9237096,0
1788878922.973353,1788878922.973353,0
1788878923.0223382,1788878923.0223382,0
1788878923.0723758,1788878923.0723758,0
1788878923.1231267,1788878923.1231267,0
1788878923.172561,1788878923.172561,0
1788878923.222181,1788878923.222181,0
1788878923.2732499,1788878923.2732499,0
1788878923.3222618,1788878923.3222618,0
1788878923.3731492,1788878923.3731492,0
1788878923.4227552,1788878923.4227552,0
1788878923.472592,1788878923.472592,0
1788878923.5240726,1788878923.5240726,0
1788878923.5725832,1788878923.5725832,0
1788878923.6221614,1788878923.6221614,0
1788878923.6752095,1788878923.6752095,0
1788878923.723406,1788878923.723406,0
1788878923.7723322,1788878923.7723322,0
1788878923.8232632,1788878923.8232632,0
1788878923.8736806,1788878923.8736806,0
1788878923.9237773,1788878923.9237773,0
1788878923.973617,1788878923.973617,0
1788878924.024184,1788878924.024184,0
1788878924.074234,1788878924.074234,0
1788878924.124515,1788878924.124515,0
1788878924.1751165,1788878924.1751165,0
1788878924.2235932,1788878924.2235932,0
1788878924.2736168,1788878924.2736168,0
1788878924.3233476,1788878924.3233476,0
1788878924.4173615,1788878924.4173615,0
1788878924.4764237,1788878924.4764237,0
1788878924.5301325,1788878924.5301325,0
1788878924.5831387,1788878924.5831387,0
1788878924.649258,1788878924.649258,0
1788878924.6985126,1788878924.6985126,0
1788878924.748484,1788878924.748484,0
1788878924.799423,1788878924.799423,0
1788878924.8473556,1788878924.8473556,0
1788878924.8986976,1788878924.8986976,0
1788878924.9476752,1788878924.9476752,0
1788878924.9978936,1788878924.9978936,0
1788878925.0475554,1788878925.0475554,0
1788878925.097355,1788878925.097355,0
1788878925.1491814,1788878925.1491814,0
1788878925.1995394,1788878925.1995394,0
1788878925.250064,1788878925.250064,0
1788878925.2991939,1788878925.2991939,0
1788878925.3475914,1788878925.3475914,0
1788878925.3973298,1788878925.3973298,0
1788878925.4486148,1788878925.4486148,0
1788878925.4975836,1788878925.4975836,0
1788878925.5477002,1788878925.5477002,0
1788878925.5981655,1788878925.5981655,0
1788878925.6475456,1788878925.6475456,0
1788878925.6986997,1788878925.6986997,0
1788878925.751122,1788878925.751122,0
1788878925.800592,1788878925.800592,0
1788878925.850456,1788878925.850456,0
1788878925.9003012,1788878925.9003012,0
1788878925.950377,1788878925.950377,0
1788878925.9988358,1788878925.9988358,0
1788878926.0494697,1788878926.0494697,0
1788878926.098482,1788878926.098482,0
1788878926.149488,1788878926.149488,0
1788878926.1987846,1788878926.1987846,0
1788878926.2483504,1788878926.2483504,0
1788878926.299202,1788878926.299202,0
1788878926.3482978,1788878926.3482978,0
1788878926.3989716,1788878926.3989716,0
1788878926.4489877,1788878926.4489877,0
1788878926.4987423,1788878926.4987423,0
1788878926.548935,1788878926.548935,0
1788878926.5982769,1788878926.5982769,0
1788878926.6490018,1788878926.6490018,0
1788878926.6993313,1788878926.6993313,0
1788878926.7502842,1788878926.7502842,0
1788878926.7998781,1788878926.7998781,0
1788878926.8488376,1788878926.8488376,0
1788878926.8993497,1788878926.8993497,0
1788878926.9488883,1788878926.9488883,0
1788878926.9981189,1788878926.9981189,0
1788878927.0501406,1788878927.0501406,0
1788878927.0990949,1788878927.0990949,0
1788878927.1488843,1788878927.1488843,0
1788878927.2011628,1788878927.2011628,0
1788878927.24976,1788878927.24976,0
1788878927.29954,1788878927.29954,0
1788878927.3495677,1788878927.3495677,0
1788878927.3975708,1788878927.3975708,0
1788878927.447553,1788878927.447553,0
1788878927.4992614,1788878927.4992614,0
1788878927.5486794,1788878927.5486794,0
1788878927.5974057,1788878927.5974057,0
1788878927.650457,1788878927.650457,0
1788878927.6996217,1788878927.6996217,0
1788878927.7486284,1788878927.7486284,0
1788878927.7983923,1788878927.7983923,0
1788878927.8483517,1788878927.8483517,0
1788878927.8984244,1788878927.8984244,0
1788878927.9486806,1788878927.9486806,0
1788878927.9988449,1788878927.9988449,0
1788878928.0484872,1788878928.0484872,0
1788878928.0988996,1788878928.0988996,0
1788878928.1487813,1788878928.1487813,0
1788878928.1986058,1788878928.1986058,0
1788878928.251573,1788878928.251573,0
1788878928.300392,1788878928.300392,0
1788878928.3514242,1788878928.3514242,0
1788878928.3997223,1788878928.3997223,0
1788878928.4485626,1788878928.4485626,0
1788878928.4975014,1788878928.4975014,0
1788878928.547894,1788878928.547894,0
1788878928.5987582,1788878928.5987582,0
1788878928.6488986,1788878928.6488986,0
1788878928.7062922,1788878928.7062922,0
1788878928.7727711,1788878928.7727711,0
1788878928.824158,1788878928.824158,0
1788878928.8725033,1788878928.8725033,0
1788878928.9231215,1788878928.9231215,0
1788878928.9763145,1788878928.9763145,0
1788878929.0245483,1788878929.0245483,0
1788878929.07276,1788878929.07276,0
1788878929.1235,1788878929.1235,0
1788878929.1736805,1788878929.1736805,0
1788878929.2237315,1788878929.2237315,0
1788878929.2754786,1788878929.2754786,0
1788878929.32582,1788878929.32582,0
1788878929.374831,1788878929.374831,0
1788878929.4237773,1788878929.4237773,0
1788878929.4727347,1788878929.4727347,0
1788878929.5229802,1788878929.5229802,0
1788878929.5766485,1788878929.5766485,0
1788878929.6266434,1788878929.6266434,0
1788878929.6755507,1788878929.6755507,0
1788878929.7245452,1788878929.7245452,0
1788878929.774614,1788878929.774614,0
1788878929.8224604,1788878929.8224604,0
1788878929.8734627,1788878929.8734627,0
1788878929.9237304,1788878929.9237304,0
1788878929.9737473,1788878929.9737473,0
1788878930.0243556,1788878930.0243556,0
1788878930.073676,1788878930.073676,0
1788878930.1241844,1788878930.1241844,0
1788878930.1756504,1788878930.1756504,0
1788878930.2257133,1788878930.2257133,0
1788878930.274901,1788878930.274901,0
1788878930.3238242,1788878930.3238242,0
1788878930.3735733,1788878930.3735733,0
1788878930.4237423,1788878930.4237423,0
1788878930.474467,1788878930.474467,0
1788878930.5235958,1788878930.5235958,0
1788878930.572415,1788878930.572415,0
1788878930.623597,1788878930.623597,0
1788878930.6736414,1788878930.6736414,0
1788878930.7237422,1788878930.7237422,0
1788878930.7745855,1788878930.7745855,0
1788878930.8241239,1788878930.8241239,0
1788878930.8738875,1788878930.8738875,0
1788878930.9248626,1788878930.9248626,0
1788878930.974809,1788878930.974809,0
1788878931.0245898,1788878931.0245898,0
1788878931.0746303,1788878931.0746303,0
1788878931.124833,1788878931.124833,0
1788878931.1751037,1788878931.1751037,0
1788878931.2247264,1788878931.2247264,0
1788878931.274937,1788878931.274937,0
1788878931.324872,1788878931.324872,0
1788878931.3735082,1788878931.3735082,0
1788878931.4249077,1788878931.4249077,0
1788878931.476713,1788878931.476713,0
1788878931.524326,1788878931.524326,0
1788878931.5729098,1788878931.5729098,0
1788878931.6232963,1788878931.6232963,0
1788878931.674957,1788878931.674957,0
1788878931.7245393,1788878931.7245393,0
1788878931.776181,1788878931.776181,0
1788878931.824614,1788878931.824614,0
1788878931.8749404,1788878931.8749404,0
1788878931.9246142,1788878931.9246142,0
1788878931.9737606,1788878931.9737606,0
1788878932.0234807,1788878932.0234807,0
1788878932.0738323,1788878932.0738323,0
1788878932.1246302,1788878932.1246302,0
1788878932.1724734,1788878932.1724734,0
1788878932.2262375,1788878932.2262375,0
1788878932.2745953,1788878932.2745953,0
1788878932.3237295,1788878932.3237295,0
1788878932.3736293,1788878932.3736293,0
1788878932.4269016,1788878932.4269016,0
1788878932.4746234,1788878932.4746234,0
1788878932.52445,1788878932.52445,0
1788878932.5735722,1788878932.5735722,0
1788878932.6247644,1788878932.6247644,0
1788878932.674423,1788878932.674423,0
1788878932.7237666,1788878932.7237666,0
1788878932.7763119,1788878932.7763119,0
1788878932.8267386,1788878932.8267386,0
1788878932.8761716,1788878932.8761716,0
1788878932.9274461,1788878932.9274461,0
1788878932.9770503,1788878932.9770503,0
1788878933.025617,1788878933.025617,0
1788878933.076459,1788878933.076459,0
1788878933.1250412,1788878933.1250412,0
1788878933.1736076,1788878933.1736076,0
1788878933.2252157,1788878933.2252157,0
1788878933.2748752,1788878933.2748752,0
1788878933.3268216,1788878933.3268216,0
1788878933.3810132,1788878933.3810132,0
1788878933.4490616,1788878933.4490616,0
1788878933.5001335,1788878933.5001335,0
1788878933.5497553,1788878933.5497553,0
1788878933.599382,1788878933.599382,0
1788878933.6509783,1788878933.6509783,0
1788878933.70031,1788878933.70031,0
1788878933.7482984,1788878933.7482984,0
1788878933.799519,1788878933.799519,0
1788878933.8499131,1788878933.8499131,0
1788878933.8989224,1788878933.8989224,0
1788878933.9487312,1788878933.9487312,0
1788878933.9990022,1788878933.9990022,0
1788878934.048818,1788878934.048818,0
1788878934.0983577,1788878934.0983577,0
1788878934.1483557,1788878934.1483557,0
1788878934.1993399,1788878934.1993399,0
1788878934.2509139,1788878934.2509139,0
1788878934.3000247,1788878934.3000247,0
1788878934.348489,1788878934.348489,0
1788878934.3994813,1788878934.3994813,0
1788878934.448984,1788878934.448984,0
1788878934.5006251,1788878934.5006251,0
1788878934.5496929,1788878934.5496929,0
1788878934.5991645,1788878934.5991645,0
1788878934.6499057,1788878934.6499057,0
1788878934.7015462,1788878934.7015462,0
1788878934.749581,1788878934.749581,0
1788878934.800001,1788878934.800001,0
1788878934.8502707,1788878934.8502707,0
1788878934.9004412,1788878934.9004412,0
1788878934.9521093,1788878934.9521093,0
1788878935.0014467,1788878935.0014467,0
1788878935.0507703,1788878935.0507703,0
1788878935.0997386,1788878935.0997386,0
1788878935.1507015,1788878935.1507015,0
1788878935.2019665,1788878935.2019665,0
1788878935.251457,1788878935.251457,0
1788878935.3014693,1788878935.3014693,0
1788878935.3526065,1788878935.3526065,0
1788878935.4021883,1788878935.4021883,0
1788878935.4517875,1788878935.4517875,0
1788878935.5004406,1788878935.5004406,0
1788878935.5485241,1788878935.5485241,0
1788878935.6000268,1788878935.6000268,0
1788878935.6497605,1788878935.6497605,0
1788878935.69841,1788878935.69841,0
1788878935.7493029,1788878935.7493029,0
1788878935.7985132,1788878935.7985132,0
1788878935.8486564,1788878935.8486564,0
1788878935.9003077,1788878935.9003077,0
1788878935.950798,1788878935.950798,0
1788878936.0015996,1788878936.0015996,0
1788878936.0506687,1788878936.0506687,0
1788878936.0996387,1788878936.0996387,0
1788878936.1488616,1788878936.1488616,0
1788878936.1988156,1788878936.1988156,0
1788878936.2490065,1788878936.2490065,0
1788878936.3011186,1788878936.3011186,0
1788878936.349419,1788878936.349419,0
1788878936.3993342,1788878936.3993342,0
1788878936.450637,1788878936.450637,0
1788878936.4996438,1788878936.4996438,0
1788878936.5499725,1788878936.5499725,0
1788878936.600073,1788878936.600073,0
1788878936.6492128,1788878936.6492128,0
1788878936.6996996,1788878936.6996996,0
1788878936.7513554,1788878936.7513554,0
1788878936.799594,1788878936.799594,0
1788878936.8504415,1788878936.8504415,0
1788878936.8994515,1788878936.8994515,0
1788878936.9490497,1788878936.9490497,0
1788878936.9989507,1788878936.9989507,0
1788878937.0494354,1788878937.0494354,0
1788878937.0988286,1788878937.0988286,0
1788878937.1489244,1788878937.1489244,0
1788878937.2027202,1788878937.2027202,0
1788878937.2734876,1788878937.2734876,0
1788878937.3247266,1788878937.3247266,0
1788878937.374365,1788878937.374365,0
1788878937.424055,1788878937.424055,0
1788878937.4750257,1788878937.4750257,0
1788878937.5246015,1788878937.5246015,0
1788878937.5748794,1788878937.5748794,0
1788878937.6245918,1788878937.6245918,0
1788878937.6736414,1788878937.6736414,0
1788878937.7262075,1788878937.7262075,0
1788878937.7755828,1788878937.7755828,0
1788878937.825682,1788878937.825682,0
1788878937.87393,1788878937.87393,0
1788878937.9248273,1788878937.9248273,0
1788878937.9746196,1788878937.9746196,0
1788878938.0253391,1788878938.0253391,0
1788878938.075009,1788878938.075009,0
1788878938.1239877,1788878938.1239877,0
1788878938.174908,1788878938.174908,0
1788878938.2248003,1788878938.2248003,0
1788878938.275245,1788878938.275245,0
1788878938.324602,1788878938.324602,0
1788878938.3747997,1788878938.3747997,0
1788878938.4241345,1788878938.4241345,0
1788878938.4740467,1788878938.4740467,0
1788878938.526392,1788878938.526392,0
1788878938.576681,1788878938.576681,0
1788878938.625743,1788878938.625743,0
1788878938.6754987,1788878938.6754987,0
1788878938.7251425,1788878938.7251425,0
1788878938.7743652,1788878938.7743652,0
1788878938.824872,1788878938.824872,0
1788878938.8754473,1788878938.8754473,0
1788878938.9256432,1788878938.9256432,0
1788878938.9749901,1788878938.9749901,0
1788878939.0251892,1788878939.0251892,0
1788878939.0741339,1788878939.0741339,0
1788878939.1239054,1788878939.1239054,0
1788878939.1742492,1788878939.1742492,0
1788878939.225678,1788878939.225678,0
1788878939.2757168,1788878939.2757168,0
1788878939.3255002,1788878939.3255002,0
1788878939.374645,1788878939.374645,0
1788878939.4249434,1788878939.4249434,0
1788878939.4756052,1788878939.4756052,0
1788878939.5257716,1788878939.5257716,0
1788878939.5746408,1788878939.5746408,0
1788878939.6240075,1788878939.6240075,0
1788878939.6741786,1788878939.6741786,0
1788878939.7239785,1788878939.7239785,0
1788878939.7758281,1788878939.7758281,0
1788878939.8255613,1788878939.8255613,0
1788878939.8773553,1788878939.8773553,0
1788878939.9267395,1788878939.9267395,0
1788878939.9749396,1788878939.9749396,0
1788878940.025654,1788878940.025654,0
1788878940.0756743,1788878940.0756743,0
1788878940.1247814,1788878940.1247814,0
1788878940.174995,1788878940.174995,0
1788878940.2247264,1788878940.2247264,0
1788878940.2737825,1788878940.2737825,0
1788878940.3241842,1788878940.3241842,0
1788878940.3766234,1788878940.3766234,0
1788878940.4248288,1788878940.4248288,0
1788878940.4741106,1788878940.4741106,0
1788878940.525787,1788878940.525787,0
1788878940.5742536,1788878940.5742536,0
1788878940.6239085,1788878940.6239085,0
1788878940.67574,1788878940.67574,0
1788878940.7256548,1788878940.7256548,0
1788878940.7755475,1788878940.7755475,0
1788878940.8246083,1788878940.8246083,0
1788878940.8751097,1788878940.8751097,0
1788878940.9244096,1788878940.9244096,0
1788878940.9740086,1788878940.9740086,0
1788878941.0237963,1788878941.0237963,0
1788878941.0741637,1788878941.0741637,0
1788878941.1252146,1788878941.1252146,0
1788878941.1736119,1788878941.1736119,0
1788878941.2257917,1788878941.2257917,0
1788878941.2747543,1788878941.2747543,0
1788878941.324015,1788878941.324015,0
1788878941.3752558,1788878941.3752558,0
1788878941.4239771,1788878941.4239771,0
1788878941.474094,1788878941.474094,0
1788878941.5248842,1788878941.5248842,0
1788878941.5740001,1788878941.5740001,0
1788878941.6238422,1788878941.6238422,0
1788878941.6747684,1788878941.6747684,0
1788878941.724138,1788878941.724138,0
1788878941.7739823,1788878941.7739823,0
1788878941.824051,1788878941.824051,0
1788878941.8740168,1788878941.8740168,0
1788878941.9249008,1788878941.9249008,0
1788878941.9767601,1788878941.9767601,0
1788878942.0247028,1788878942.0247028,0
1788878942.0755944,1788878942.0755944,0
1788878942.1248753,1788878942.1248753,0
1788878942.1743798,1788878942.1743798,0
1788878942.2249167,1788878942.2249167,0
1788878942.2740502,1788878942.2740502,0
1788878942.3238232,1788878942.3238232,0
1788878942.3749423,1788878942.3749423,0
1788878942.424077,1788878942.424077,0
1788878942.474993,1788878942.474993,0
1788878942.5262132,1788878942.5262132,0
1788878942.576539,1788878942.576539,0
1788878942.6247888,1788878942.6247888,0
1788878942.6767468,1788878942.6767468,0
1788878942.7260017,1788878942.7260017,0
1788878942.776291,1788878942.776291,0
1788878942.8307848,1788878942.8307848,0
1788878942.9011085,1788878942.9011085,0
1788878942.9511871,1788878942.9511871,0
1788878943.001165,1788878943.001165,0
1788878943.051354,1788878943.051354,0
1788878943.1013203,1788878943.1013203,0
1788878943.1526864,1788878943.1526864,0
1788878943.205439,1788878943.205439,0
1788878943.2736564,1788878943.2736564,0
1788878943.3251138,1788878943.3251138,0
1788878943.373954,1788878943.373954,0
1788878943.4255683,1788878943.4255683,0
1788878943.4758565,1788878943.4758565,0
1788878943.5266423,1788878943.5266423,0
1788878943.5771217,1788878943.5771217,0
1788878943.6244578,1788878943.6244578,0
1788878943.6745746,1788878943.6745746,0
1788878943.725355,1788878943.725355,0
1788878943.7761915,1788878943.7761915,0
1788878943.8268833,1788878943.8268833,0
1788878943.8756595,1788878943.8756595,0
1788878943.9246576,1788878943.9246576,0
1788878943.9739954,1788878943.9739954,0
1788878944.0247502,1788878944.0247502,0
1788878944.0737326,1788878944.0737326,0
1788878944.123684,1788878944.123684,0
1788878944.1749692,1788878944.1749692,0
1788878944.2240908,1788878944.2240908,0
1788878944.2753263,1788878944.2753263,0
1788878944.326734,1788878944.326734,0
1788878944.3754778,1788878944.3754778,0
1788878944.4253435,1788878944.4253435,0
1788878944.4747589,1788878944.4747589,0
1788878944.5247378,1788878944.5247378,0
1788878944.5742736,1788878944.5742736,0
1788878944.625189,1788878944.625189,0
1788878944.6764834,1788878944.6764834,0
1788878944.7246017,1788878944.7246017,0
1788878944.7739692,1788878944.7739692,0
1788878944.8238862,1788878944.8238862,0
1788878944.8734882,1788878944.8734882,0
1788878944.923984,1788878944.923984,0
1788878944.9750853,1788878944.9750853,0
1788878945.023935,1788878945.023935,0
1788878945.0736735,1788878945.0736735,0
1788878945.1238124,1788878945.1238124,0
1788878945.1745439,1788878945.1745439,0
1788878945.2239664,1788878945.2239664,0
1788878945.273897,1788878945.273897,0
1788878945.3248894,1788878945.3248894,0
1788878945.3745875,1788878945.3745875,0
1788878945.4238,1788878945.4238,0
1788878945.475263,1788878945.475263,0
1788878945.523759,1788878945.523759,0
1788878945.575431,1788878945.575431,0
1788878945.6252613,1788878945.6252613,0
1788878945.6734731,1788878945.6734731,0
1788878945.724572,1788878945.724572,0
1788878945.7745972,1788878945.7745972,0
1788878945.8242154,1788878945.8242154,0
1788878945.8739035,1788878945.8739035,0
1788878945.9240348,1788878945.9240348,0
1788878945.976042,1788878945.976042,0
1788878946.024824,1788878946.024824,0
1788878946.0736914,1788878946.0736914,0
1788878946.1235838,1788878946.1235838,0
1788878946.173951,1788878946.173951,0
1788878946.2238517,1788878946.2238517,0
1788878946.2738376,1788878946.2738376,0
1788878946.3238406,1788878946.3238406,0
1788878946.3754177,1788878946.3754177,0
1788878946.4251018,1788878946.4251018,0
1788878946.4750838,1788878946.4750838,0
1788878946.5250869,1788878946.5250869,0
1788878946.574773,1788878946.574773,0
1788878946.6248617,1788878946.6248617,0
1788878946.6747308,1788878946.6747308,0
1788878946.7248359,1788878946.7248359,0
1788878946.7738388,1788878946.7738388,0
1788878946.8255768,1788878946.8255768,0
1788878946.876519,1788878946.876519,0
1788878946.9258506,1788878946.9258506,0
1788878946.9762437,1788878946.9762437,0
1788878947.0248566,1788878947.0248566,0
1788878947.0755916,1788878947.0755916,0
1788878947.126706,1788878947.126706,0
1788878947.1757731,1788878947.1757731,0
1788878947.224405,1788878947.224405,0
1788878947.2747428,1788878947.2747428,0
1788878947.3236752,1788878947.3236752,0
1788878947.3743815,1788878947.3743815,0
1788878947.4271152,1788878947.4271152,0
1788878947.4757502,1788878947.4757502,0
1788878947.525967,1788878947.525967,0
1788878947.5765424,1788878947.5765424,0
1788878947.6244452,1788878947.6244452,0
1788878947.6745842,1788878947.6745842,0
1788878947.7244658,1788878947.7244658,0
1788878947.7744358,1788878947.7744358,0
1788878947.826724,1788878947.826724,0
1788878947.8758507,1788878947.8758507,0
1788878947.9248486,1788878947.9248486,0
1788878947.9758134,1788878947.9758134,0
1788878948.027017,1788878948.027017,0
1788878948.075515,1788878948.075515,0
1788878948.124912,1788878948.124912,0
1788878948.174556,1788878948.174556,0
1788878948.224422,1788878948.224422,0
1788878948.2735956,1788878948.2735956,0
1788878948.323594,1788878948.323594,0
1788878948.3739147,1788878948.3739147,0
1788878948.4238443,1788878948.4238443,0
1788878948.4747424,1788878948.4747424,0
1788878948.525638,1788878948.525638,0
1788878948.5735202,1788878948.5735202,0
1788878948.623861,1788878948.623861,0
1788878948.67394,1788878948.67394,0
1788878948.7246253,1788878948.7246253,0
1788878948.773687,1788878948.773687,0
1788878948.823683,1788878948.823683,0
1788878948.8743439,1788878948.8743439,0
1788878948.9239106,1788878948.9239106,0
1788878948.974051,1788878948.974051,0
1788878949.025385,1788878949.025385,0
1788878949.0747132,1788878949.0747132,0
1788878949.1249056,1788878949.1249056,0
1788878949.1736395,1788878949.1736395,0
1788878949.225603,1788878949.225603,0
1788878949.2747917,1788878949.2747917,0
1788878949.3242905,1788878949.3242905,0
1788878949.3735468,1788878949.3735468,0
1788878949.4237251,1788878949.4237251,0
1788878949.473992,1788878949.473992,0
1788878949.5256214,1788878949.5256214,0
1788878949.615431,1788878949.615431,0
1788878949.6745608,1788878949.6745608,0
1788878949.7247858,1788878949.7247858,0
1788878949.7744849,1788878949.7744849,0
1788878949.8254564,1788878949.8254564,0
1788878949.874461,1788878949.874461,0
1788878949.9249542,1788878949.9249542,0
1788878949.975719,1788878949.975719,0
1788878950.023753,1788878950.023753,0
1788878950.073602,1788878950.073602,0
1788878950.1245544,1788878950.1245544,0
1788878950.1736295,1788878950.1736295,0
1788878950.2254171,1788878950.2254171,0
1788878950.2765625,1788878950.2765625,0
1788878950.3259635,1788878950.3259635,0
1788878950.3759966,1788878950.3759966,0
1788878950.42516,1788878950.42516,0
1788878950.4757977,1788878950.4757977,0
1788878950.52585,1788878950.52585,0
1788878950.5779521,1788878950.5779521,0
1788878950.6496155,1788878950.6496155,0
1788878950.6997344,1788878950.6997344,0
1788878950.7506592,1788878950.7506592,0
1788878950.800754,1788878950.800754,0
1788878950.8505116,1788878950.8505116,0
1788878950.9007242,1788878950.9007242,0
1788878950.9498794,1788878950.9498794,0
1788878950.9998944,1788878950.9998944,0
1788878951.052116,1788878951.052116,0
1788878951.1007493,1788878951.1007493,0
1788878951.1507082,1788878951.1507082,0
1788878951.2014704,1788878951.2014704,0
1788878951.2512648,1788878951.2512648,0
1788878951.3015888,1788878951.3015888,0
1788878951.3505418,1788878951.3505418,0
1788878951.3997588,1788878951.3997588,0
1788878951.4501598,1788878951.4501598,0
1788878951.5009847,1788878951.5009847,0
1788878951.5495493,1788878951.5495493,0
1788878951.6004472,1788878951.6004472,0
1788878951.6496446,1788878951.6496446,0
1788878951.6997883,1788878951.6997883,0
1788878951.7495806,1788878951.7495806,0
1788878951.7998495,1788878951.7998495,0
1788878951.848561,1788878951.848561,0
1788878951.8997228,1788878951.8997228,0
1788878951.9518998,1788878951.9518998,0
1788878952.0003347,1788878952.0003347,0
1788878952.05032,1788878952.05032,0
1788878952.0997376,1788878952.0997376,0
1788878952.1498537,1788878952.1498537,0
1788878952.20051,1788878952.20051,0
1788878952.2516139,1788878952.2516139,0
1788878952.3007965,1788878952.3007965,0
1788878952.3487163,1788878952.3487163,0
1788878952.4010332,1788878952.4010332,0
1788878952.4521222,1788878952.4521222,0
1788878952.5017424,1788878952.5017424,0
1788878952.5515878,1788878952.5515878,0
1788878952.6011214,1788878952.6011214,0
1788878952.6499934,1788878952.6499934,0
1788878952.7023787,1788878952.7023787,0
1788878952.7740653,1788878952.7740653,0
1788878952.8241484,1788878952.8241484,0
1788878952.8746612,1788878952.8746612,0
1788878952.924916,1788878952.924916,0
1788878952.9749835,1788878952.9749835,0
1788878953.0255497,1788878953.0255497,0
1788878953.0746324,1788878953.0746324,0
1788878953.1256983,1788878953.1256983,0
1788878953.1751537,1788878953.1751537,0
1788878953.2247462,1788878953.2247462,0
1788878953.2748306,1788878953.2748306,0
1788878953.3253906,1788878953.3253906,0
1788878953.375009,1788878953.375009,0
1788878953.4252486,1788878953.4252486,0
1788878953.47505,1788878953.47505,0
1788878953.5255227,1788878953.5255227,0
1788878953.576386,1788878953.576386,0
1788878953.6249444,1788878953.6249444,0
1788878953.6747754,1788878953.6747754,0
1788878953.7297943,1788878953.7297943,0
1788878953.7995896,1788878953.7995896,0
1788878953.85037,1788878953.85037,0
1788878953.9003825,1788878953.9003825,0
1788878953.9511912,1788878953.9511912,0
1788878954.0010524,1788878954.0010524,0
1788878954.0500581,1788878954.0500581,0
1788878954.1012766,1788878954.1012766,0
1788878954.150953,1788878954.150953,0
1788878954.2000287,1788878954.2000287,0
1788878954.250206,1788878954.250206,0
1788878954.300793,1788878954.300793,0
1788878954.350001,1788878954.350001,0
1788878954.4015071,1788878954.4015071,0
1788878954.456959,1788878954.456959,0
1788878954.5247793,1788878954.5247793,0
1788878954.5745835,1788878954.5745835,0
1788878954.6269505,1788878954.6269505,0
1788878954.6802068,1788878954.6802068,0
1788878954.7487385,1788878954.7487385,0
1788878954.7998538,1788878954.7998538,0
1788878954.8502216,1788878954.8502216,0
1788878954.9011586,1788878954.9011586,0
1788878954.9515634,1788878954.9515634,0
1788878955.0003638,1788878955.0003638,0
1788878955.0566401,1788878955.0566401,0
1788878955.1252866,1788878955.1252866,0
1788878955.177145,1788878955.177145,0
1788878955.2309918,1788878955.2309918,0
1788878955.3008776,1788878955.3008776,0
1788878955.3516884,1788878955.3516884,0
1788878955.4060495,1788878955.4060495,0
1788878955.4763546,1788878955.4763546,0
1788878955.5259187,1788878955.5259187,0
1788878955.5747457,1788878955.5747457,0
1788878955.6270719,1788878955.6270719,0
1788878955.6770976,1788878955.6770976,0
1788878955.726663,1788878955.726663,0
1788878955.7761457,1788878955.7761457,0
1788878955.8277626,1788878955.8277626,0
1788878955.8769736,1788878955.8769736,0
1788878955.9261658,1788878955.9261658,0
1788878955.9759216,1788878955.9759216,0
1788878956.025573,1788878956.025573,0
1788878956.0751352,1788878956.0751352,0
1788878956.1251802,1788878956.1251802,0
1788878956.174997,1788878956.174997,0
1788878956.2257118,1788878956.2257118,0
1788878956.2751837,1788878956.2751837,0
1788878956.3259046,1788878956.3259046,0
1788878956.3758485,1788878956.3758485,0
1788878956.4252028,1788878956.4252028,0
1788878956.4758701,1788878956.4758701,0
1788878956.5256655,1788878956.5256655,0
1788878956.5748742,1788878956.5748742,0
1788878956.6252027,1788878956.6252027,0
1788878956.6756446,1788878956.6756446,0
1788878956.7250454,1788878956.7250454,0
1788878956.7748299,1788878956.7748299,0
1788878956.8276043,1788878956.8276043,0
1788878956.8998833,1788878956.8998833,0
1788878956.950409,1788878956.950409,0
1788878957.001274,1788878957.001274,0
1788878957.0503297,1788878957.0503297,0
1788878957.101746,1788878957.101746,0
1788878957.151439,1788878957.151439,0
1788878957.2009804,1788878957.2009804,0
1788878957.2511146,1788878957.2511146,0
1788878957.2997959,1788878957.2997959,0
1788878957.3498988,1788878957.3498988,0
1788878957.4019928,1788878957.4019928,0
1788878957.4516158,1788878957.4516158,0
1788878957.5029893,1788878957.5029893,0
1788878957.5556662,1788878957.5556662,0
1788878957.624979,1788878957.624979,0
1788878957.67501,1788878957.67501,0
1788878957.7261183,1788878957.7261183,0
1788878957.775897,1788878957.775897,0
1788878957.8247943,1788878957.8247943,0
1788878957.8760295,1788878957.8760295,0
1788878957.925328,1788878957.925328,0
1788878957.9766386,1788878957.9766386,0
1788878958.026069,1788878958.026069,0
1788878958.0757883,1788878958.0757883,0
1788878958.1250434,1788878958.1250434,0
1788878958.1749105,1788878958.1749105,0
1788878958.224512,1788878958.224512,0
1788878958.2757525,1788878958.2757525,0
1788878958.3260386,1788878958.3260386,0
1788878958.3749216,1788878958.3749216,0
1788878958.4266865,1788878958.4266865,0
1788878958.4761715,1788878958.4761715,0
1788878958.5259428,1788878958.5259428,0
1788878958.5765126,1788878958.5765126,0
1788878958.6272461,1788878958.6272461,0
1788878958.6772444,1788878958.6772444,0
1788878958.7309697,1788878958.7309697,0
1788878958.799845,1788878958.799845,0
1788878958.8497832,1788878958.8497832,0
1788878958.9030168,1788878958.9030168,0
1788878958.952131,1788878958.952131,0
1788878959.0077102,1788878959.0077102,0
1788878959.0763397,1788878959.0763397,0
1788878959.1257625,1788878959.1257625,0
1788878959.1751878,1788878959.1751878,0
1788878959.2261133,1788878959.2261133,0
1788878959.2745905,1788878959.2745905,0
1788878959.325401,1788878959.325401,0
1788878959.3757772,1788878959.3757772,0
1788878959.4259577,1788878959.4259577,0
1788878959.4761882,1788878959.4761882,0
1788878959.5260856,1788878959.5260856,0
1788878959.5768745,1788878959.5768745,0
1788878959.6272762,1788878959.6272762,0
