motion_regime,force_curve_region,wheel_speed_bin_mps,median_wheel_speed_mps,median_body_vx_mps,median_slip_speed_mps,median_slip_ratio,slip_ratio_mad,slip_ratio_p10,slip_ratio_p90,samples
braking,asymptotic,0.0,0.0,6.21715,-6.209099999999999,-1.0,0.0,-1.0,-1.0,6100
braking,asymptotic,2.0,2.5739856106516186,3.0178000000000003,0.04304246170845483,0.07305871879969539,0.8493816307376593,-0.8148655640027043,1.0189351200433967,8
braking,asymptotic,4.0,4.849228819773235,7.27835,-2.7721693506639467,-0.3871485697781908,0.1330277301181139,-0.4956023944491114,0.5215110648373699,18
braking,asymptotic,6.0,7.161517106206569,4.9216,2.3337905412652065,0.47419346173301496,0.7449237447523857,-0.33650233725807754,1.873945352360361,13
braking,asymptotic,8.0,8.459263835571035,14.4271,-5.752872294914125,-0.3993736159410839,0.09826960977759575,-0.5847561906374972,1.3807235522260364,15
braking,asymptotic,10.0,11.25739653617863,16.955199999999998,-5.8596482678735935,-0.33353340474224136,0.11720086294307544,-0.43144563512192713,1.144155323683686,12
braking,asymptotic,12.0,12.643169719242362,18.836399999999998,-6.1932302807576365,-0.3281954544252548,0.009795877848263024,-0.3379913322735178,-0.31839957657699175,2
braking,asymptotic,14.0,15.160883568896303,8.4834,6.75994051649174,0.8658853329806193,0.5502222476619861,0.2517443429363114,1.4343398958479707,8
braking,asymptotic,16.0,17.14375119387553,9.65335,7.490401193875532,0.8138826202986231,0.2246298094527841,0.589252810845839,1.0385124297514072,2
braking,asymptotic,18.0,19.469796933049036,11.49225,7.925552769812655,0.7626709209859537,0.3601827525726651,0.2625548114756922,1.1228536735586188,6
braking,asymptotic,20.0,20.92043389912761,12.2013,8.357649124520956,0.6602922476413948,0.20492039225721476,0.45537185538418007,12.965576701687322,7
braking,asymptotic,22.0,22.901478401542494,11.514,11.387478401542495,0.9890114991786083,0.473606721248206,0.5154047779304023,1.5429480837713847,5
braking,asymptotic,24.0,25.61859390832003,10.5918,15.02679390832003,1.4187195668649362,0.0,0.3613518638441855,1.4187195668649362,3
braking,asymptotic,26.0,27.327619410798857,17.7866,8.740964646314936,0.490938069274044,0.03658347028271758,0.4543545989913264,1.282532421031435,3
braking,asymptotic,28.0,29.321280827592453,14.2418,15.14581335631117,1.080322512339007,0.05346850390619351,0.8469363138232253,1.8727508026827828,5
braking,asymptotic,30.0,30.648214427925666,11.16285,19.23260782241871,1.7598100741263307,0.4952797153782691,1.0943783724161693,30.224551875774033,4
braking,asymptotic,32.0,33.04033671093844,18.5655,14.47483671093844,0.779663176910853,0.09739184909013354,0.6822713278207194,6.2339908913605155,3
braking,asymptotic,34.0,35.688828433101946,16.9196,18.769228433101947,1.109679595805795,0.02759356571974636,1.0820860300860486,1.1372731615255414,2
braking,asymptotic,36.0,37.370921120392524,19.2681,18.102821120392527,0.9753267050149412,0.2676305871536111,0.7076961178613301,1.2429572921685523,2
braking,asymptotic,38.0,39.01273838901295,11.41005,27.602688389012947,4.646879060253253,3.508192594308109,1.1386864659451443,8.155071654561363,2
braking,asymptotic,40.0,40.82036199584577,19.1505,22.14195464090184,1.1515193569800592,0.07667372206337908,1.0748456349166802,1.3718528593860788,6
braking,asymptotic,42.0,42.92491995766466,16.2493,26.67561995766466,1.6416473298951129,0.0,1.6416473298951129,2.304331036838614,3
braking,asymptotic,44.0,44.92575076201438,18.8715,26.05425076201438,1.3806136640974156,0.0,1.2924321386475894,1.3806136640974156,3
braking,asymptotic,46.0,47.29749830465214,17.398899999999998,29.898598304652136,1.8361834406168578,0.5679446074497628,1.2682388331670948,2.4041280480666205,2
braking,asymptotic,48.0,49.29323029335876,2.4859,46.80733029335876,18.829128401528124,0.0,18.829128401528124,18.829128401528124,1
braking,asymptotic,50.0,50.41637254509922,16.13805,34.398756519828204,2.1327038612925255,0.056994515595949036,1.7570190253632234,2.1896983768884746,4
braking,asymptotic,54.0,54.79735460576319,20.7925,34.00485460576319,1.637575370060547,0.07002565204213163,1.5675497180184155,1.7076010221026787,2
braking,asymptotic,56.0,56.988588509915665,20.247,36.741588509915665,1.8406979977296347,0.2914954923209325,1.5492025054087022,2.1321934900505672,2
braking,asymptotic,58.0,58.3420946061174,18.0044,40.337694606117395,2.240435371693441,0.0,2.240435371693441,2.240435371693441,1
braking,post_extremum,0.0,1.4223937544665812,1.7455,-0.3231062455334188,-0.2184028964685787,0.005521999745628253,-0.2252971642254729,-0.16320183155794352,4
braking,post_extremum,2.0,3.1557010535928307,4.1699,-0.7955375338247568,-0.22815694327728295,0.01751445491373449,-0.24567139819101744,-0.17615778301731833,7
braking,post_extremum,4.0,4.4972900985878255,5.52395,-1.0238773618791717,-0.16979034762054468,0.02987523981904755,-0.21709066546639672,-0.15529339821912808,8
braking,post_extremum,6.0,7.18886255610674,8.49325,-1.526568259638275,-0.18506227462079614,0.020669722807141466,-0.21123869074430554,-0.15510554646941807,10
braking,post_extremum,8.0,8.84782583749302,11.0537,-2.258535450719915,-0.20015379747606477,0.03492706378709784,-0.2350808612631626,0.1718508983077519,3
braking,post_extremum,10.0,10.347307688763587,13.22515,-2.877842311236413,-0.21744405180903906,0.0062111732218792515,-0.2236552250309183,-0.2112328785871598,2
braking,post_extremum,12.0,13.419611056634855,16.5978,-3.2707889433651456,-0.19596827777435805,0.03661170140444614,-0.23257997917880419,-0.15037846151474882,3
braking,post_extremum,14.0,14.423434683327121,17.3495,-2.9260653166728776,-0.16865415814132267,0.0027920548240581156,-0.1742382677894389,-0.16031119424385132,4
braking,post_extremum,16.0,17.06574022223847,21.4868,-3.859558794233582,-0.18559854169392848,0.02284737832699532,-0.24051676343608547,-0.16275116336693315,3
braking,post_extremum,18.0,18.290998723076235,15.5838,2.6333316568718246,0.16897878931145321,0.07312294552941767,-0.20069400255745448,0.24210173484087089,3
braking,post_extremum,26.0,27.922251070289395,22.6506,5.271651070289394,0.2327378113731819,0.0,0.2327378113731819,0.2327378113731819,1
braking,pre_extremum,0.0,1.5565665237293114,1.5502500000000001,0.11678770235555647,0.07801359136044622,0.036416835755885626,-0.03523782214931325,0.12756995066353458,4
braking,pre_extremum,2.0,3.4175602754437255,3.7096,-0.3420664024176494,-0.1311252357180394,0.01606996142296646,-0.14719519714100587,-0.07872539480166985,3
braking,pre_extremum,4.0,5.469504006953815,4.9216,-0.4855454255054834,-0.09765224851301785,0.024819394561449354,-0.1224716430744672,0.1216700908080751,5
braking,pre_extremum,6.0,7.229081800532804,8.0225,-0.6872967954603948,-0.08092032677463883,0.021608177769231032,-0.10720369091533198,-0.062099424803807535,6
braking,pre_extremum,8.0,9.505928114340112,9.6633,-0.39007188565988926,-0.0394171266834973,0.04849615882014869,-0.11062832701909575,0.0940546769864342,5
braking,pre_extremum,10.0,10.663601530097843,11.9725,-1.3088984699021573,-0.1093254098895099,0.013929575790628201,-0.1232549856801381,-0.018010021335657073,5
braking,pre_extremum,12.0,13.147820292386022,13.451699999999999,-0.8851591722488221,-0.06373506939242102,0.03566356097856563,-0.1202586054789453,0.011857632628286145,6
braking,pre_extremum,14.0,14.683266900549926,15.4822,-0.6777330994500748,-0.044120376241786,0.002445905759682364,-0.1412608546241771,-0.04167447048210363,3
braking,pre_extremum,16.0,16.996268078562643,18.7496,-1.8942607894106551,-0.10037680043508226,0.048484791181907516,-0.14886159161698978,-0.043149329563587226,9
braking,pre_extremum,18.0,18.984769659711517,21.3219,-1.997594392018506,-0.09561723139878603,0.016838185320824685,-0.11400044928700857,-0.05639057206474051,8
braking,pre_extremum,20.0,20.680086295112762,20.158,0.8767862951127618,0.04427475699064105,0.02334994283802163,-0.08929052071672507,0.06762469982866268,3
braking,pre_extremum,22.0,22.23958009430434,22.1224,0.11718009430434151,0.005296897909103059,0.0,0.005296897909103059,0.005296897909103059,1
steady,asymptotic,0.0,0.0,12.0129,-12.0129,-1.0,0.0,-1.0,-1.0,12653
steady,asymptotic,2.0,2.9695485923995992,2.0063,0.986243181135267,0.5769777025468287,0.8475924889066457,-0.5497102080358034,1.6741134073467734,152
steady,asymptotic,4.0,5.141233806477937,3.2215,2.0520226459161357,0.602148999906607,0.869739838960264,-0.456597982045971,2.2065935065515276,178
steady,asymptotic,6.0,7.129040474433031,3.4658,3.3393993080516546,0.9826030100137935,0.6577989762757737,-0.3108611457802916,2.212234192116619,173
steady,asymptotic,8.0,8.942865627756149,4.67945,4.293764594797226,0.9599523631601423,0.7171164354151892,-0.47379508240718904,2.0307667976747976,188
steady,asymptotic,10.0,10.921302488962313,5.8838,4.787019371899194,0.8309334524725203,0.90788889182455,-0.3779213621109733,4.3922830124954935,189
steady,asymptotic,12.0,12.909430870881547,7.071199999999999,5.915281611344742,0.8944475702009411,0.6157522077991707,-0.28943509653827626,3.1076081733722187,158
steady,asymptotic,14.0,15.040283477431144,7.7853,7.44805100549908,0.9782382073953781,0.4630764825262754,0.3243759293688552,4.870706820031103,187
steady,asymptotic,16.0,17.051434218760008,7.7867,9.167439667759599,1.1513650377613227,0.4991684714205099,0.41881035461007077,5.057600383314241,205
steady,asymptotic,18.0,19.025196456753946,8.4545,10.6516373678121,1.2863834404520098,0.5485614665415656,0.5442398825002617,5.19545564378317,232
steady,asymptotic,20.0,20.941589611298426,9.43,11.343914769705906,1.2013622150394663,0.49430398751291416,0.46438060181123,5.474025866679793,254
steady,asymptotic,22.0,23.094295714475656,10.1282,12.696402397067358,1.2547018739335012,0.5220828117700012,0.5286135473008131,5.947514644256505,234
steady,asymptotic,24.0,25.11034036781249,10.823,14.554336148954034,1.355707592466506,0.5905845361146398,0.49576010541907345,5.193681982830511,221
steady,asymptotic,26.0,27.002906762134266,11.284,15.782652462771424,1.3963504549483985,0.584845735915307,0.6430055876709279,8.114240002705808,205
steady,asymptotic,28.0,28.871244857264244,11.9737,17.199393259106344,1.4347870290804687,0.696306906092218,0.5291079383583361,5.787516420582698,241
steady,asymptotic,30.0,31.027854673788273,12.0427,19.03820024229016,1.5888918107333856,0.750421953621546,0.6514307017178252,5.441436095937729,209
steady,asymptotic,32.0,33.024650114427395,13.3389,19.726253728619767,1.4847052086817576,0.700018947715364,0.5923452485611056,6.675234629660648,257
steady,asymptotic,34.0,35.006337452683994,13.533100000000001,21.32107500955908,1.5924140351693845,0.6888821255827353,0.8422271522455682,8.969408393157972,234
steady,asymptotic,36.0,37.05409291903614,14.4546,23.13294329393853,1.608393864792658,0.573146606375879,0.9699351567900024,8.620637615516799,223
steady,asymptotic,38.0,38.99957096289769,14.6749,24.395686105114695,1.6630828281561982,0.636449784817638,0.8975943519818642,9.385658499699367,223
steady,asymptotic,40.0,40.91678883746346,15.033750000000001,25.833447985340356,1.7443514697608595,0.600252538931184,0.94739194777344,6.401214693420731,226
steady,asymptotic,42.0,42.906297467743485,15.86865,26.87887948517027,1.691805317555878,0.6184004852863744,1.011171789790873,8.87664614441103,210
steady,asymptotic,44.0,44.90707838585636,16.0275,28.90229892529623,1.7958840799279472,0.588763902150589,1.1186841095981095,6.40296225032404,201
steady,asymptotic,46.0,47.01589553412794,15.2284,31.760989201975413,2.0943835515264166,0.7108545397694335,1.226267159296924,10.244760716770502,245
steady,asymptotic,48.0,48.91483943759057,16.189149999999998,32.3185974055016,1.9964243051546207,0.617321176614192,1.248807270588565,5.37044546425982,196
steady,asymptotic,50.0,51.06785257319945,15.7519,35.34123623814177,2.228410899360328,0.6408075977845602,1.3593104437947303,6.98347751805519,189
steady,asymptotic,52.0,52.913119707451706,14.6782,38.36412022921897,2.615301036899733,0.9018327023748909,1.4827735651465193,7.207648478532773,163
steady,asymptotic,54.0,54.88734902464568,17.36455,37.6778687579507,2.1898881033438378,0.6273095519625275,1.4909774548811243,9.854362619589361,136
steady,asymptotic,56.0,56.87937331847333,16.3061,40.987024901159394,2.5069908159924674,0.7711346876682663,1.6887586709553193,12.47247760129489,123
steady,asymptotic,58.0,59.07570303525076,17.349449999999997,41.81344031143503,2.42004938235956,0.7100646644103507,1.6621173569650343,9.610347661791126,134
steady,post_extremum,0.0,1.215386262999606,1.498,-0.26176840292156833,-0.19150131989049063,0.018859643306839563,-0.23387999427364645,-0.15980340496647574,77
steady,post_extremum,2.0,2.6935986187175702,3.2215,-0.6459279077883977,-0.1895767906920675,0.028988838640865294,-0.2376082555429635,-0.1546734902243763,102
steady,post_extremum,4.0,4.978279218706132,6.3621,-1.208957031942413,-0.1949705803013092,0.02604471934471886,-0.2395886353303159,-0.1543512221974143,102
steady,post_extremum,6.0,6.850001513361812,8.2583,-1.6594026237866188,-0.19719525057794215,0.023546079966784178,-0.23338281316361528,-0.15403124417579378,165
steady,post_extremum,8.0,8.91556533850017,10.823,-2.0861488887050346,-0.19155876444489978,0.022503436047115355,-0.2331796710586361,-0.1584933565084296,144
steady,post_extremum,10.0,11.144063486362098,13.5636,-2.408038174224755,-0.17978130204716777,0.02645345220394768,-0.2262103840162907,0.189278717023206,91
steady,post_extremum,12.0,12.999371979577996,15.5838,-2.8090563351756526,-0.1799552107071022,0.023501608862667084,-0.22972182048327622,0.2002818745191963,117
steady,post_extremum,14.0,14.908268744949687,18.6446,-3.4750000461377555,-0.1859923887172581,0.02243136161118818,-0.2387863472740909,-0.151816055787753,130
steady,post_extremum,16.0,17.100301023576726,21.2125,-3.780160960126187,-0.1796959072100798,0.026074430229209217,-0.23276541313825086,0.17447409893761778,114
steady,post_extremum,18.0,18.576430702652722,22.055,-3.496959382571294,-0.160246797781786,0.018231900012833008,-0.1877893964049462,0.20855966293605135,52
steady,post_extremum,20.0,21.25474885883814,17.7479,3.384421406867297,0.19021758381835605,0.02760888463065278,0.15580252308342615,0.23612655659028708,39
steady,post_extremum,22.0,22.349711691975376,18.6992,4.1481889996438035,0.22594493280393277,0.01952219927712967,0.16842313998750766,0.24546713208106244,19
steady,post_extremum,24.0,24.993308093798618,21.0063,4.121232573346241,0.1999552255320909,0.00886157113069834,0.18079493283892126,0.2073834975704313,6
steady,post_extremum,26.0,26.993743767932934,22.4468,4.587680709141587,0.2041736891849657,0.019357225969251074,0.19673308873915876,0.2260983251147368,7
steady,pre_extremum,0.0,1.4345464782277098,1.4981,-0.14559322929975216,-0.10085038269619462,0.02842292353131738,-0.144840112061012,0.03704887476140208,79
steady,pre_extremum,2.0,3.100895362113135,3.2215,-0.237146542842382,-0.07543888808867992,0.03976961050544892,-0.13508397762989835,0.009796634916040539,112
steady,pre_extremum,4.0,5.185157074679255,5.644,-0.6276584150826823,-0.10096892828483908,0.03627109475295692,-0.1436372772575925,0.09477661596005967,71
steady,pre_extremum,6.0,6.8984517607641775,7.7867,-0.6516103101886692,-0.08406497445067883,0.04255021710766297,-0.14514792983922098,0.02509342195277931,165
steady,pre_extremum,8.0,9.011125072154503,9.6633,-0.9387324747150316,-0.09353385734776479,0.03193557378552256,-0.13683730653709913,0.04998072521012475,195
steady,pre_extremum,10.0,10.827921384232036,11.7434,-0.848189457743457,-0.07537460500095203,0.040154124349988905,-0.13458724433604538,0.03401317275087322,185
steady,pre_extremum,12.0,13.110059628573076,14.4664,-1.4519352266027097,-0.09819373956891062,0.03102952611529098,-0.1377938218058568,-0.007738738459700527,168
steady,pre_extremum,14.0,15.096961944617302,16.2493,-1.5101612471968409,-0.09043123050515336,0.03557737431753694,-0.14023568477411696,0.010880082854345422,191
steady,pre_extremum,16.0,16.95576584599991,18.438850000000002,-1.4341811725676568,-0.07909636848750101,0.041282698771347257,-0.13348724486518312,0.021178243706245634,238
steady,pre_extremum,18.0,19.083827050691845,20.58165,-1.3562411145287285,-0.06630649899256663,0.049645813307058244,-0.1351035689124577,0.06438032497518176,258
steady,pre_extremum,20.0,20.750787489588127,21.2168,-0.534396878311636,-0.02400769465087271,0.047811725396550694,-0.08638274698504088,0.10549722015741979,163
steady,pre_extremum,22.0,22.809349334759634,21.8458,1.0185354570704845,0.04654053295288646,0.032007673064687964,-0.007291885203344847,0.11034080984239197,49
steady,pre_extremum,24.0,24.253166845186538,22.262349999999998,2.4351941780181026,0.10940810491313266,0.023332268794609035,0.06931119351038195,0.1380090335354083,14
traction,asymptotic,0.0,0.0,11.462299999999999,-11.462299999999999,-1.0,0.0,-1.0,-1.0,3372
traction,asymptotic,2.0,3.47148676334397,1.7194500000000001,1.3702894352459571,0.7033702847856358,0.363810652076372,0.257453237658604,2.0214041276055865,30
traction,asymptotic,4.0,5.0607846787107995,2.824,2.1039056881987546,0.7111340533938248,0.4451391027621639,0.25778874198702667,4.421745330679927,50
traction,asymptotic,6.0,7.045397184194917,3.60375,3.6057885456446597,0.9942102789524758,0.6391042482112771,0.26963041777003105,4.013983951928723,90
traction,asymptotic,8.0,8.991892970109093,4.61755,4.324121221311739,0.867097339732434,0.5552760115756132,0.3054777084370454,3.652267021280141,106
traction,asymptotic,10.0,11.014404075989063,5.6273,4.972998709824076,0.8820131008408226,0.5232491226315235,0.31937253956842215,4.972799889381993,161
traction,asymptotic,12.0,13.072833404748309,6.2001,6.924286964489415,1.1372220996566214,0.6850799629438142,0.3382180867738396,6.311940336781781,179
traction,asymptotic,14.0,15.078640337727528,7.7563,7.1241142652739065,0.926928406796748,0.5138339644507024,0.3361853354066291,4.624361000146048,237
traction,asymptotic,16.0,16.965861219987424,8.73295,8.106445696701122,0.9012839035361608,0.5625155865394506,0.33698873731807005,5.588705693721557,296
traction,asymptotic,18.0,18.975090539396945,9.6438,9.54055849930783,0.9933142085356585,0.6112408529087416,0.336919481045649,5.803769495936649,303
traction,asymptotic,20.0,20.938178081699352,11.51015,9.494787140535664,0.8188315290187184,0.4827258299124148,0.31685700284038104,4.971247716157796,220
traction,asymptotic,22.0,22.861290081020407,13.1895,9.53548080884786,0.7251942641365798,0.40540177245382947,0.30392764022948254,4.5135425334003525,145
traction,asymptotic,24.0,25.053108431970735,12.924,12.170778831954644,0.9622489300600057,0.5194873488051557,0.4365864994798495,6.432092464674541,87
traction,asymptotic,26.0,26.9209864639646,12.6537,13.877770217927969,1.090574535377983,0.5429989425685459,0.535412418814172,8.114240002705808,55
traction,asymptotic,28.0,28.801998741092923,10.2207,18.55075414430658,1.8237592040602437,1.161352797721604,0.5834218020449112,9.363599161391987,53
traction,asymptotic,30.0,31.121493035099952,11.1285,20.384620900164443,1.828397501113513,1.0148351934516502,0.7559616984251362,16.26149876389904,49
traction,asymptotic,32.0,33.003399054397406,10.1608,22.429825073151434,2.2074861303392876,1.2753321821856232,0.8577728000240218,10.315169416127066,47
traction,asymptotic,34.0,35.04562760046841,12.5467,21.947662086306998,1.7492776655460798,0.7845702374686851,0.8963284932165585,4.60576795331236,47
traction,asymptotic,36.0,36.904336735828046,8.2269,28.677436735828046,3.485813214677223,1.622002800709816,1.349051729012171,14.52887260593567,33
traction,asymptotic,38.0,39.08485334067142,9.361699999999999,29.969027993184874,3.2029077452709127,1.9302128535565757,1.2223681346352055,9.385658499699367,42
traction,asymptotic,40.0,40.819677168150754,11.3324,29.000982626509057,2.5591209828905668,1.363374514532311,1.163349107432379,19.54949730457654,45
traction,asymptotic,42.0,42.85466638238957,13.8022,29.01189677821277,2.1277815794115145,0.7615953492106782,1.2949297996296563,6.375345675000531,43
traction,asymptotic,44.0,44.9125905983056,10.1543,34.58730203222987,3.3997466962919454,1.648805489264808,1.4888210780187607,14.065648762237455,42
traction,asymptotic,46.0,46.781787314578054,14.182,33.46518855724633,2.359694581670168,0.7910817110956829,1.5557720772518,16.042626859759025,51
traction,asymptotic,48.0,49.08274358339912,13.3445,36.094019643940214,2.704786214840587,1.0302632870586883,1.6454833492805678,7.4134421606449745,35
traction,asymptotic,50.0,51.44133248822988,11.5626,39.58097846575696,3.4489416297571385,1.2653157881215717,1.856886208492201,8.82554939358244,29
traction,asymptotic,52.0,52.96453319600052,12.90045,39.55743422493366,3.104396933206865,1.1853287378147406,1.9030282894706925,24.87461314339428,40
traction,asymptotic,54.0,54.82552560640682,8.4905,46.7157339543341,5.502118126651445,3.463241127923849,2.0388769987275963,18.43415872815748,23
traction,asymptotic,56.0,56.95592488647643,11.046,46.32742661150086,4.152283107648739,1.8138001538070574,2.0603205175932557,14.814500870880586,23
traction,asymptotic,58.0,58.85302339289842,13.5066,44.84144297357969,3.3199652742792183,0.9926174338851594,2.302876358604762,23.05246713116706,23
traction,post_extremum,0.0,1.3151769656537713,1.7387,-0.355427593408316,-0.17865171822483839,0.05572495108397221,-0.24358603229207376,0.15152157983112788,5
traction,post_extremum,2.0,2.6617047444615434,2.754,-0.1261354413896183,-0.013609190431328202,0.19689082606310557,-0.22271575888863093,0.20373400971234065,12
traction,post_extremum,4.0,5.014638554160731,5.5947,-1.0441354737450235,-0.19127213792980702,0.02778734145105216,-0.21905947938085918,0.22442645688212204,11
traction,post_extremum,6.0,7.195397650633932,8.49915,-1.5091779046220495,-0.18143237415640237,0.0298276355692893,-0.2308096702317506,0.2146382826970426,30
traction,post_extremum,8.0,9.260226502919128,10.6093,-1.7617575098985476,-0.16255473243381727,0.0737862946621024,-0.23634102709591967,0.22859073264088065,21
traction,post_extremum,10.0,10.87043495036345,10.2569,1.3673084151181527,0.15534241642351682,0.08838373197529584,-0.199636114104976,0.23036862212631543,27
traction,post_extremum,12.0,13.028932826272676,13.23405,-0.30093306367571593,0.0009459341184668291,0.20155713963640648,-0.232280245900026,0.21585785332813145,38
traction,post_extremum,14.0,14.992523099207313,17.901400000000002,-3.2577806248965873,-0.17766357097737503,0.036699389860394976,-0.2207634992262578,0.2143970833821598,50
traction,post_extremum,16.0,16.96628364465899,14.651250000000001,2.5690738234316743,0.17443482079112815,0.042016560287910676,-0.18976212685434848,0.23646411037159742,70
traction,post_extremum,18.0,19.08947806415987,16.0681,2.9920260961862954,0.18422181510465396,0.023619538945357982,0.1515963571341696,0.2341367616940225,55
traction,post_extremum,20.0,20.723733725797118,17.4764,3.3441337257971178,0.19465466979072196,0.026252746799395515,0.1590841953746901,0.232037773709049,49
traction,post_extremum,22.0,22.966592984385127,19.0826,4.116673316505185,0.21456205002007597,0.016640852731473865,0.19259281311564194,0.24210207229876424,17
traction,post_extremum,24.0,24.62461200328091,20.5439,4.080712003280906,0.2000923660076553,0.04078610962809727,0.159306256379558,0.24087847563575254,2
traction,post_extremum,26.0,27.283269628432965,21.937,5.346269628432964,0.24371015309445063,0.0,0.24371015309445063,0.24371015309445063,1
traction,pre_extremum,0.0,1.5975105821073212,1.61245,-0.01493941789267883,-0.019962530039397207,0.11974428093958481,-0.13970681097898202,0.09978175090018761,2
traction,pre_extremum,2.0,3.481799816026223,3.3488,-0.03295144037099762,-0.009839775552734596,0.05347275253545216,-0.09320287069557463,0.14457587640572758,13
traction,pre_extremum,4.0,5.241338176873638,5.121449999999999,-0.31398493658761906,-0.05511145452236654,0.07378265331831059,-0.13090467055643923,0.08897649817023752,22
traction,pre_extremum,6.0,7.039484473842358,7.3078,-0.41166906790485847,-0.05614248570676061,0.055685345960220824,-0.12114104299204002,0.08845810460293993,35
traction,pre_extremum,8.0,9.06652050965255,9.456800000000001,-0.16776364858631787,-0.018356972857761777,0.07961639802366882,-0.13426560198856347,0.0746793025757402,42
traction,pre_extremum,10.0,11.304322145452376,11.3018,-0.25783829460950614,-0.022464478166995375,0.07290504882536122,-0.11871526471115014,0.08078433520186729,73
traction,pre_extremum,12.0,13.073014845557132,13.0652,-0.23889900108881612,-0.01839071000360396,0.07091444160767398,-0.12289718507761767,0.12338748677442087,93
traction,pre_extremum,14.0,15.085438212531397,15.1766,-0.2517490591055651,-0.016597598801775148,0.06286948795467219,-0.1045528944920462,0.11386115700043632,141
traction,pre_extremum,16.0,16.96138079440758,17.01925,0.008944271254893721,0.0005471334210167634,0.06122524641667639,-0.11719896051023591,0.10444290030428897,152
traction,pre_extremum,18.0,18.778063267128978,18.36135,0.66670796308909,0.0366705085387226,0.07505452397183499,-0.09885323758072698,0.1259477188309239,166
traction,pre_extremum,20.0,20.753056605800595,19.5375,1.3348389416026691,0.06982982180013544,0.05445044022161022,-0.041501643328178746,0.13548148360511675,79
traction,pre_extremum,22.0,22.61625932708766,21.3819,1.3642335964216592,0.06544373696610169,0.029772510989147183,0.02677277556534536,0.1228204158614812,15
traction,pre_extremum,24.0,24.195166846715857,22.0217,2.173466846715856,0.09986045070882273,0.03516745425168137,0.06469299645714136,0.1350279049605041,2
