stamp_s,time_s,gt_x_m,gt_y_m,gt_yaw_rad,amcl_x_m,amcl_y_m,amcl_yaw_rad,amcl_error_m,amcl_error_rad,ekf_x_m,ekf_y_m,ekf_yaw_rad,ekf_error_m,ekf_error_rad,odom_x_m,odom_y_m,odom_yaw_rad,odom_error_m,odom_error_rad,gt_speed_mps
1788155446.033765,0.193982,0.500735,-0.154194,0.020216,0.500735,-0.154194,0.020216,0.000000,0.000000,0.493645,-0.145498,0.022503,0.011220,0.002287,nan,nan,nan,nan,nan,nan
1788155446.133756,0.293973,0.500735,-0.154194,0.020216,0.500735,-0.154194,0.020216,0.000000,0.000000,0.493276,-0.145727,0.022442,0.011284,0.002226,nan,nan,nan,nan,nan,0.000000
1788155446.133756,0.293973,0.500735,-0.154194,0.020216,0.500735,-0.154194,0.020216,0.000000,0.000000,0.494602,-0.147236,0.022019,0.009275,0.001803,nan,nan,nan,nan,nan,0.000000
1788155446.242214,0.402431,0.501235,-0.154184,0.020229,0.479709,-0.135167,0.030898,0.028723,0.010668,0.501069,-0.147094,0.022074,0.007092,0.001844,nan,nan,nan,nan,nan,0.004629
1788155446.242214,0.402431,0.501235,-0.154184,0.020229,0.479709,-0.135167,0.030898,0.028723,0.010668,0.501069,-0.147094,0.022074,0.007092,0.001844,nan,nan,nan,nan,nan,0.004629
1788155446.307309,0.467526,0.541524,-0.153272,0.025165,0.577523,-0.127114,0.035987,0.044499,0.010822,0.589223,-0.142685,0.028531,0.048859,0.003366,nan,nan,nan,nan,nan,0.615793
1788155446.307309,0.467526,0.541524,-0.153272,0.025165,0.577523,-0.127114,0.035987,0.044499,0.010822,0.589223,-0.142685,0.028531,0.048859,0.003366,nan,nan,nan,nan,nan,0.615793
1788155446.403161,0.563378,0.586609,-0.152063,0.030832,0.647776,-0.119680,0.041706,0.069210,0.010874,0.656083,-0.138204,0.035469,0.070843,0.004636,nan,nan,nan,nan,nan,0.472961
1788155446.403161,0.563378,0.586609,-0.152063,0.030832,0.647776,-0.119680,0.041706,0.069210,0.010874,0.656083,-0.138204,0.035469,0.070843,0.004636,nan,nan,nan,nan,nan,0.472961
1788155446.508326,0.668543,0.715133,-0.146971,0.048239,0.850565,-0.105348,0.058530,0.141684,0.010291,0.857987,-0.126663,0.053887,0.144290,0.005648,nan,nan,nan,nan,nan,1.272063
1788155446.508326,0.668543,0.715133,-0.146971,0.048239,0.850565,-0.105348,0.058530,0.141684,0.010291,0.857105,-0.123904,0.054837,0.143834,0.006598,nan,nan,nan,nan,nan,1.272063
1788155446.605260,0.765477,0.887269,-0.137099,0.066864,0.873568,-0.123445,0.050011,0.019343,0.016853,1.087054,-0.109132,0.073462,0.201733,0.006598,nan,nan,nan,nan,nan,1.705904
1788155446.605260,0.765477,0.887269,-0.137099,0.066864,0.873568,-0.123445,0.050011,0.019343,0.016853,1.087054,-0.109132,0.073462,0.201733,0.006598,nan,nan,nan,nan,nan,1.705904
1788155446.704162,0.864379,1.115866,-0.119787,0.085045,1.361633,-0.059241,0.093338,0.253114,0.008293,1.343649,-0.089711,0.088394,0.229760,0.003348,nan,nan,nan,nan,nan,2.298106
1788155446.704162,0.864379,1.115866,-0.119787,0.085045,1.361633,-0.059241,0.093338,0.253114,0.008293,1.345701,-0.085601,0.089835,0.232364,0.004790,nan,nan,nan,nan,nan,2.298106
1788155446.810470,0.970687,1.420211,-0.094146,0.080088,1.361633,-0.059241,0.093338,0.068190,0.013250,1.679497,-0.056416,0.084866,0.262017,0.004778,nan,nan,nan,nan,nan,2.914662
1788155446.810470,0.970687,1.420211,-0.094146,0.080088,1.361633,-0.059241,0.093338,0.068190,0.013250,1.650924,-0.055365,0.086544,0.233950,0.006456,nan,nan,nan,nan,nan,2.914662
1788155446.885753,1.045970,1.732182,-0.074653,0.035318,2.030892,-0.004131,0.042442,0.306922,0.007124,1.986316,-0.033817,0.041774,0.257395,0.006456,nan,nan,nan,nan,nan,4.181366
1788155446.885753,1.045970,1.732182,-0.074653,0.035318,2.030892,-0.004131,0.042442,0.306922,0.007124,1.990525,-0.029805,0.042875,0.262207,0.007557,nan,nan,nan,nan,nan,4.181366
1788155446.987013,1.147229,2.028020,-0.073589,-0.036877,2.361572,-0.022410,-0.037023,0.337455,0.000146,2.300253,-0.027679,-0.029284,0.276077,0.007593,nan,nan,nan,nan,nan,2.879787
1788155446.987013,1.147229,2.028020,-0.073589,-0.036877,2.361572,-0.022410,-0.037023,0.337455,0.000146,2.300253,-0.027679,-0.029284,0.276077,0.007593,nan,nan,nan,nan,nan,2.879787
1788155447.087994,1.248210,2.356261,-0.102078,-0.142968,2.701303,-0.048487,-0.143133,0.349178,0.000165,2.648019,-0.056386,-0.136205,0.295314,0.006762,nan,nan,nan,nan,nan,3.275658
1788155447.087994,1.248210,2.356261,-0.102078,-0.142968,2.701303,-0.048487,-0.143133,0.349178,0.000165,2.648019,-0.056386,-0.136205,0.295314,0.006762,nan,nan,nan,nan,nan,3.275658
1788155447.190709,1.350926,2.694454,-0.167773,-0.242437,3.052484,-0.113023,-0.243225,0.362191,0.000788,3.004130,-0.122249,-0.236136,0.313004,0.006301,nan,nan,nan,nan,nan,3.381240
1788155447.190709,1.350926,2.694454,-0.167773,-0.242437,3.052484,-0.113023,-0.243225,0.362191,0.000788,3.003925,-0.122287,-0.236138,0.312796,0.006299,nan,nan,nan,nan,nan,3.381240
1788155447.288089,1.448305,3.030722,-0.262014,-0.303117,3.368619,-0.183313,-0.300068,0.346941,0.003049,3.356635,-0.216539,-0.297050,0.329070,0.006067,nan,nan,nan,nan,nan,3.550381
1788155447.288089,1.448305,3.030722,-0.262014,-0.303117,3.368619,-0.183313,-0.300068,0.346941,0.003049,3.356635,-0.216539,-0.297050,0.329070,0.006067,nan,nan,nan,nan,nan,3.550381
1788155447.390348,1.550565,3.365428,-0.363087,-0.273266,3.739722,-0.307774,-0.276775,0.378359,0.003509,3.704935,-0.311688,-0.266023,0.343375,0.007243,nan,nan,nan,nan,nan,3.443863
1788155447.390348,1.550565,3.365428,-0.363087,-0.273266,3.739722,-0.307774,-0.276775,0.378359,0.003509,3.704935,-0.311688,-0.266023,0.343375,0.007243,nan,nan,nan,nan,nan,3.443863
1788155447.487543,1.647759,3.707338,-0.439510,-0.143453,4.065021,-0.360287,-0.146868,0.366351,0.003415,4.064983,-0.385027,-0.136908,0.361771,0.006545,nan,nan,nan,nan,nan,3.559078
1788155447.487543,1.647759,3.707338,-0.439510,-0.143453,4.065021,-0.360287,-0.146868,0.366351,0.003415,4.064983,-0.385027,-0.136908,0.361771,0.006545,nan,nan,nan,nan,nan,3.559078
1788155447.588102,1.748319,4.034640,-0.461116,0.034274,4.389520,-0.381975,0.027822,0.363597,0.006452,4.393117,-0.397943,0.040840,0.364001,0.006566,nan,nan,nan,nan,nan,3.271389
1788155447.588102,1.748319,4.034640,-0.461116,0.034274,4.389520,-0.381975,0.027822,0.363597,0.006452,4.393117,-0.397943,0.040840,0.364001,0.006566,nan,nan,nan,nan,nan,3.271389
1788155447.688123,1.848340,4.326142,-0.423532,0.236255,4.657227,-0.374831,0.223909,0.334648,0.012345,4.635462,-0.362229,0.242174,0.315336,0.005919,nan,nan,nan,nan,nan,2.939414
1788155447.688123,1.848340,4.326142,-0.423532,0.236255,4.657227,-0.374831,0.223909,0.334648,0.012345,4.635462,-0.362229,0.242174,0.315336,0.005919,nan,nan,nan,nan,nan,2.939414
1788155447.745719,1.905936,4.527366,-0.363163,0.347790,4.735973,-0.318254,0.335389,0.213386,0.012401,4.749368,-0.331448,0.351517,0.224257,0.003727,nan,nan,nan,nan,nan,3.660905
1788155447.745719,1.905936,4.527366,-0.363163,0.347790,4.735973,-0.318254,0.335389,0.213386,0.012401,4.749368,-0.331448,0.351517,0.224257,0.003727,nan,nan,nan,nan,nan,3.660905
1788155447.836859,1.997076,4.627513,-0.324836,0.373649,4.760985,-0.303436,0.359143,0.135177,0.014507,4.780093,-0.318917,0.376259,0.152694,0.002610,nan,nan,nan,nan,nan,1.173798
1788155447.836859,1.997076,4.627513,-0.324836,0.373649,4.760985,-0.303436,0.359143,0.135177,0.014507,4.780093,-0.318917,0.376259,0.152694,0.002610,nan,nan,nan,nan,nan,1.173798
1788155447.938875,2.099092,4.764599,-0.268161,0.401860,4.853881,-0.288617,0.383763,0.091596,0.018097,4.848680,-0.289585,0.403170,0.086768,0.001310,nan,nan,nan,nan,nan,1.454242
1788155447.938875,2.099092,4.764599,-0.268161,0.401860,4.853881,-0.288617,0.383763,0.091596,0.018097,4.848680,-0.289585,0.403170,0.086768,0.001310,nan,nan,nan,nan,nan,1.454242
1788155448.033519,2.193736,4.878974,-0.221146,0.358431,4.940046,-0.218363,0.341503,0.061135,0.016928,4.971745,-0.241472,0.357850,0.094972,0.000582,nan,nan,nan,nan,nan,1.302298
1788155448.033519,2.193736,4.878974,-0.221146,0.358431,4.940046,-0.218363,0.341503,0.061135,0.016928,4.971745,-0.241472,0.357850,0.094972,0.000582,nan,nan,nan,nan,nan,1.302298
1788155448.137936,2.298153,5.024737,-0.173198,0.267463,5.176712,-0.166488,0.247771,0.152123,0.019693,5.183359,-0.171052,0.265737,0.158636,0.001726,nan,nan,nan,nan,nan,1.475096
1788155448.137936,2.298153,5.024737,-0.173198,0.267463,5.176712,-0.166488,0.247771,0.152123,0.019693,5.183359,-0.171052,0.265737,0.158636,0.001726,nan,nan,nan,nan,nan,1.475096
1788155448.239101,2.399318,5.235930,-0.131032,0.114947,5.439992,-0.094924,0.097640,0.207232,0.017307,5.491891,-0.112943,0.111460,0.256599,0.003487,nan,nan,nan,nan,nan,2.139778
1788155448.239101,2.399318,5.235930,-0.131032,0.114947,5.439992,-0.094924,0.097640,0.207232,0.017307,5.487862,-0.111570,0.110784,0.252682,0.004163,nan,nan,nan,nan,nan,2.139778
1788155448.329563,2.489779,5.510658,-0.124692,-0.080786,5.793660,-0.109707,-0.098902,0.283398,0.018116,5.823427,-0.107235,-0.084949,0.313255,0.004163,nan,nan,nan,nan,nan,3.060370
1788155448.329563,2.489779,5.510658,-0.124692,-0.080786,5.793660,-0.109707,-0.098902,0.283398,0.018116,5.823427,-0.107235,-0.084949,0.313255,0.004163,nan,nan,nan,nan,nan,3.060370
1788155448.419744,2.579961,5.748577,-0.162904,-0.247981,6.050569,-0.156657,-0.263015,0.302056,0.015034,6.089586,-0.154450,-0.253527,0.341114,0.005545,nan,nan,nan,nan,nan,2.636273
1788155448.419744,2.579961,5.748577,-0.162904,-0.247981,6.050569,-0.156657,-0.263015,0.302056,0.015034,6.089586,-0.154450,-0.253527,0.341114,0.005545,nan,nan,nan,nan,nan,2.636273
1788155448.521336,2.681553,6.035020,-0.261349,-0.415204,6.294619,-0.245767,-0.427330,0.260067,0.012126,6.383836,-0.260265,-0.421784,0.348818,0.006580,nan,nan,nan,nan,nan,2.968121
1788155448.521336,2.681553,6.035020,-0.261349,-0.415204,6.294619,-0.245767,-0.427330,0.260067,0.012126,6.383836,-0.260265,-0.421784,0.348818,0.006580,nan,nan,nan,nan,nan,2.968121
1788155448.620896,2.781113,6.319563,-0.399541,-0.483275,6.620514,-0.407008,-0.495716,0.301043,0.012440,6.676649,-0.405732,-0.490045,0.357139,0.006770,nan,nan,nan,nan,nan,3.191630
1788155448.620896,2.781113,6.319563,-0.399541,-0.483275,6.620514,-0.407008,-0.495716,0.301043,0.012440,6.676649,-0.405732,-0.490045,0.357139,0.006770,nan,nan,nan,nan,nan,3.191630
1788155448.721932,2.882149,6.608082,-0.546355,-0.439831,6.872092,-0.544443,-0.454287,0.264017,0.014456,6.972357,-0.559089,-0.447594,0.364498,0.007763,nan,nan,nan,nan,nan,3.205606
1788155448.721932,2.882149,6.608082,-0.546355,-0.439831,6.872092,-0.544443,-0.454287,0.264017,0.014456,6.972357,-0.559089,-0.447594,0.364498,0.007763,nan,nan,nan,nan,nan,3.205606
1788155448.822913,2.983130,6.914642,-0.670300,-0.302613,7.166003,-0.670108,-0.321549,0.251361,0.018936,7.273892,-0.682503,-0.311501,0.359457,0.008888,nan,nan,nan,nan,nan,3.250370
1788155448.822913,2.983130,6.914642,-0.670300,-0.302613,7.166003,-0.670108,-0.321549,0.251361,0.018936,7.273892,-0.682503,-0.311501,0.359457,0.008888,nan,nan,nan,nan,nan,3.250370
1788155448.879003,3.039220,7.193211,-0.735397,-0.135181,7.398373,-0.735377,-0.159338,0.205161,0.024157,7.470394,-0.731618,-0.145910,0.277209,0.010729,nan,nan,nan,nan,nan,5.311959
1788155448.879003,3.039220,7.193211,-0.735397,-0.135181,7.398373,-0.735377,-0.159338,0.205161,0.024157,7.470394,-0.731618,-0.145910,0.277209,0.010729,nan,nan,nan,nan,nan,5.311959
1788155448.988441,3.148657,7.347580,-0.747188,-0.001483,7.442719,-0.733402,-0.029330,0.096132,0.027847,7.562012,-0.742363,-0.014399,0.214486,0.012916,nan,nan,nan,nan,nan,1.390190
1788155448.988441,3.148657,7.347580,-0.747188,-0.001483,7.442719,-0.733402,-0.029330,0.096132,0.027847,7.562012,-0.742363,-0.014399,0.214486,0.012916,nan,nan,nan,nan,nan,1.390190
1788155449.091270,3.251487,7.526950,-0.733969,0.147695,7.537544,-0.743429,0.118076,0.014202,0.029619,7.618965,-0.739890,0.132542,0.092205,0.015152,nan,nan,nan,nan,nan,1.761203
1788155449.091270,3.251487,7.526950,-0.733969,0.147695,7.537544,-0.743429,0.118076,0.014202,0.029619,7.618965,-0.739890,0.132542,0.092205,0.015152,nan,nan,nan,nan,nan,1.761203
1788155449.190007,3.350224,7.650110,-0.710882,0.212169,7.537556,-0.725260,0.182015,0.113468,0.030153,7.656588,-0.734455,0.194942,0.024447,0.017226,nan,nan,nan,nan,nan,1.257078
1788155449.190007,3.350224,7.650110,-0.710882,0.212169,7.537556,-0.725260,0.182015,0.113468,0.030153,7.656588,-0.734455,0.194942,0.024447,0.017226,nan,nan,nan,nan,nan,1.257078
1788155449.287991,3.448208,7.719200,-0.694786,0.232403,7.569886,-0.717352,0.202324,0.151009,0.030080,7.682639,-0.727964,0.213383,0.049371,0.019020,nan,nan,nan,nan,nan,0.723331
1788155449.287991,3.448208,7.719200,-0.694786,0.232403,7.569886,-0.717352,0.202324,0.151009,0.030080,7.673701,-0.728000,0.211973,0.056332,0.020430,nan,nan,nan,nan,nan,0.723331
1788155449.389850,3.550067,7.748858,-0.687486,0.232932,7.602849,-0.709646,0.202864,0.147681,0.030068,7.709853,-0.719913,0.212543,0.050724,0.020389,nan,nan,nan,nan,nan,0.300581
1788155449.389850,3.550067,7.748858,-0.687486,0.232932,7.602849,-0.709646,0.202864,0.147681,0.030068,7.709853,-0.719913,0.212543,0.050724,0.020389,nan,nan,nan,nan,nan,0.300581
1788155449.490408,3.650625,7.811569,-0.672519,0.230796,7.717426,-0.699615,0.200042,0.097966,0.030754,7.792079,-0.700393,0.209222,0.034012,0.021574,nan,nan,nan,nan,nan,0.641797
1788155449.490408,3.650625,7.811569,-0.672519,0.230796,7.717426,-0.699615,0.200042,0.097966,0.030754,7.792079,-0.700393,0.209222,0.034012,0.021574,nan,nan,nan,nan,nan,0.641797
1788155449.539063,3.699280,7.911324,-0.649403,0.223631,7.794300,-0.668317,0.192754,0.118542,0.030877,7.897589,-0.678167,0.200894,0.031875,0.022737,nan,nan,nan,nan,nan,2.105428
1788155449.539063,3.699280,7.911324,-0.649403,0.223631,7.794300,-0.668317,0.192754,0.118542,0.030877,7.889770,-0.677845,0.200167,0.035686,0.023464,nan,nan,nan,nan,nan,2.105428
1788155449.641644,3.801861,7.993964,-0.630734,0.219278,7.878911,-0.650903,0.187948,0.116807,0.031330,7.981735,-0.659395,0.195815,0.031161,0.023464,nan,nan,nan,nan,nan,0.826746
1788155449.641644,3.801861,7.993964,-0.630734,0.219278,7.878911,-0.650903,0.187948,0.116807,0.031330,7.981735,-0.659395,0.195815,0.031161,0.023464,nan,nan,nan,nan,nan,0.826746
1788155449.696409,3.856626,8.146722,-0.597347,0.210955,8.059950,-0.628220,0.179161,0.092101,0.031794,8.135642,-0.627545,0.186862,0.032166,0.024093,nan,nan,nan,nan,nan,2.876152
1788155449.696409,3.856626,8.146722,-0.597347,0.210955,8.059950,-0.628220,0.179161,0.092101,0.031794,8.135642,-0.627545,0.186862,0.032166,0.024093,nan,nan,nan,nan,nan,2.876152
1788155449.791473,3.951690,8.232180,-0.579521,0.196400,8.128209,-0.604292,0.165397,0.106881,0.031003,8.231917,-0.609651,0.171604,0.030131,0.024796,nan,nan,nan,nan,nan,0.911822
1788155449.791473,3.951690,8.232180,-0.579521,0.196400,8.128209,-0.604292,0.165397,0.106881,0.031003,8.231917,-0.609651,0.171604,0.030131,0.024796,nan,nan,nan,nan,nan,0.911822
1788155449.888868,4.049085,8.458537,-0.540350,0.143609,8.366759,-0.570352,0.112225,0.096557,0.031384,8.471133,-0.573476,0.118452,0.035440,0.025157,nan,nan,nan,nan,nan,2.360511
1788155449.888868,4.049085,8.458537,-0.540350,0.143609,8.366759,-0.570352,0.112225,0.096557,0.031384,8.471133,-0.573476,0.118452,0.035440,0.025157,nan,nan,nan,nan,nan,2.360511
1788155449.948555,4.108772,8.679902,-0.516582,0.063869,8.591023,-0.553816,0.031982,0.096364,0.031887,8.694822,-0.555310,0.038408,0.041502,0.025460,nan,nan,nan,nan,nan,3.830410
1788155449.948555,4.108772,8.679902,-0.516582,0.063869,8.591023,-0.553816,0.031982,0.096364,0.031887,8.687288,-0.555453,0.038091,0.039566,0.025777,nan,nan,nan,nan,nan,3.830410
1788155450.044147,4.204364,8.808032,-0.511798,0.007359,8.738867,-0.559378,-0.025282,0.083950,0.032641,8.821807,-0.554480,-0.018459,0.044849,0.025818,nan,nan,nan,nan,nan,1.340378
1788155450.044147,4.204364,8.808032,-0.511798,0.007359,8.738867,-0.559378,-0.025282,0.083950,0.032641,8.815743,-0.555323,-0.019098,0.044202,0.026457,nan,nan,nan,nan,nan,1.340378
1788155450.108284,4.268501,9.069242,-0.524535,-0.110580,8.993667,-0.580959,-0.142875,0.094315,0.032295,9.080546,-0.576038,-0.137037,0.052728,0.026457,nan,nan,nan,nan,nan,4.073604
1788155450.108284,4.268501,9.069242,-0.524535,-0.110580,8.993667,-0.580959,-0.142875,0.094315,0.032295,9.080546,-0.576038,-0.137037,0.052728,0.026457,nan,nan,nan,nan,nan,4.073604
1788155450.205366,4.365583,9.211313,-0.546476,-0.197658,9.100570,-0.599892,-0.227545,0.122953,0.029888,9.208392,-0.601497,-0.224738,0.055099,0.027080,nan,nan,nan,nan,nan,1.459120
1788155450.205366,4.365583,9.211313,-0.546476,-0.197658,9.100570,-0.599892,-0.227545,0.122953,0.029888,9.208392,-0.601497,-0.224738,0.055099,0.027080,nan,nan,nan,nan,nan,1.459120
1788155450.306125,4.466342,9.380824,-0.589967,-0.301739,9.254636,-0.646693,-0.330449,0.138352,0.028710,9.360803,-0.647076,-0.329038,0.060516,0.027299,nan,nan,nan,nan,nan,1.735511
1788155450.306125,4.466342,9.380824,-0.589967,-0.301739,9.254636,-0.646693,-0.330449,0.138352,0.028710,9.352952,-0.647245,-0.329315,0.063700,0.027576,nan,nan,nan,nan,nan,1.735511
1788155450.409008,4.569225,9.515219,-0.637968,-0.381138,9.343982,-0.684509,-0.407502,0.177449,0.026364,9.446911,-0.683586,-0.408714,0.082141,0.027576,nan,nan,nan,nan,nan,1.407008
1788155450.409008,4.569225,9.515219,-0.637968,-0.381138,9.343982,-0.684509,-0.407502,0.177449,0.026364,9.439234,-0.683791,-0.408844,0.088733,0.027707,nan,nan,nan,nan,nan,1.407008
1788155450.505618,4.665835,9.593109,-0.671404,-0.420035,9.405985,-0.713870,-0.445205,0.191882,0.025170,9.487368,-0.705772,-0.447741,0.111186,0.027707,nan,nan,nan,nan,nan,0.865423
1788155450.505618,4.665835,9.593109,-0.671404,-0.420035,9.405985,-0.713870,-0.445205,0.191882,0.025170,9.487368,-0.705772,-0.447741,0.111186,0.027707,nan,nan,nan,nan,nan,0.865423
1788155450.607021,4.767238,9.639857,-0.693166,-0.437733,9.433845,-0.734471,-0.457393,0.210112,0.019660,9.528934,-0.730041,-0.465554,0.116892,0.027821,nan,nan,nan,nan,nan,0.507973
1788155450.607021,4.767238,9.639857,-0.693166,-0.437733,9.433845,-0.734471,-0.457393,0.210112,0.019660,9.528934,-0.730041,-0.465554,0.116892,0.027821,nan,nan,nan,nan,nan,0.507973
1788155450.706402,4.866618,9.699448,-0.721871,-0.452633,9.493970,-0.767513,-0.469991,0.210486,0.017358,9.583903,-0.762035,-0.479920,0.122326,0.027287,nan,nan,nan,nan,nan,0.666091
1788155450.706402,4.866618,9.699448,-0.721871,-0.452633,9.493970,-0.767513,-0.469991,0.210486,0.017358,9.583903,-0.762035,-0.479920,0.122326,0.027287,nan,nan,nan,nan,nan,0.666091
1788155450.807308,4.967525,9.773707,-0.758781,-0.465984,9.568279,-0.809477,-0.480808,0.211591,0.014824,9.654193,-0.802631,-0.492534,0.127305,0.026550,nan,nan,nan,nan,nan,0.821287
1788155450.807308,4.967525,9.773707,-0.758781,-0.465984,9.568279,-0.809477,-0.480808,0.211591,0.014824,9.654193,-0.802631,-0.492534,0.127305,0.026550,nan,nan,nan,nan,nan,0.821287
1788155450.871907,5.032124,9.864765,-0.805355,-0.478750,9.675344,-0.865697,-0.494493,0.198799,0.015744,9.743483,-0.855521,-0.504501,0.131248,0.025751,nan,nan,nan,nan,nan,1.602240
1788155450.871907,5.032124,9.864765,-0.805355,-0.478750,9.675344,-0.865697,-0.494493,0.198799,0.015744,9.743483,-0.855521,-0.504501,0.131248,0.025751,nan,nan,nan,nan,nan,1.602240
1788155450.977757,5.137974,9.953724,-0.852071,-0.486815,9.768932,-0.919382,-0.501461,0.196670,0.014646,9.835112,-0.910077,-0.512017,0.132036,0.025202,nan,nan,nan,nan,nan,0.961779
1788155450.977757,5.137974,9.953724,-0.852071,-0.486815,9.768932,-0.919382,-0.501461,0.196670,0.014646,9.830168,-0.910738,-0.511417,0.136777,0.024602,nan,nan,nan,nan,nan,0.961779
1788155451.046065,5.206282,10.099022,-0.929858,-0.497185,9.900563,-0.997295,-0.505368,0.209604,0.008184,9.978027,-0.994730,-0.521787,0.137289,0.024602,nan,nan,nan,nan,nan,2.345747
1788155451.046065,5.206282,10.099022,-0.929858,-0.497185,9.900563,-0.997295,-0.505368,0.209604,0.008184,9.978027,-0.994730,-0.521787,0.137289,0.024602,nan,nan,nan,nan,nan,2.345747
1788155451.156879,5.317096,10.191770,-0.980899,-0.508895,9.900563,-0.997295,-0.505368,0.291668,0.003526,10.064139,-1.047880,-0.532398,0.144139,0.023503,nan,nan,nan,nan,nan,0.952993
1788155451.156879,5.317096,10.191770,-0.980899,-0.508895,9.900563,-0.997295,-0.505368,0.291668,0.003526,10.064132,-1.047879,-0.532398,0.144145,0.023503,nan,nan,nan,nan,nan,0.952993
1788155451.253719,5.413936,10.321484,-1.054699,-0.523538,10.110357,-1.120825,-0.530557,0.221240,0.007019,10.165820,-1.110007,-0.544434,0.165198,0.020895,nan,nan,nan,nan,nan,1.539238
1788155451.253719,5.413936,10.321484,-1.054699,-0.523538,10.110357,-1.120825,-0.530557,0.221240,0.007019,10.165820,-1.110007,-0.544434,0.165198,0.020895,nan,nan,nan,nan,nan,1.539238
1788155451.357388,5.517605,10.414588,-1.108533,-0.523686,10.104034,-1.115514,-0.528827,0.310632,0.005141,10.161677,-1.111122,-0.543785,0.252925,0.020099,nan,nan,nan,nan,nan,1.041428
1788155451.357388,5.517605,10.414588,-1.108533,-0.523686,10.104034,-1.115514,-0.528827,0.310632,0.005141,10.161671,-1.111121,-0.543785,0.252931,0.020099,nan,nan,nan,nan,nan,1.041428
1788155451.468730,5.628947,10.460431,-1.135014,-0.523645,10.104034,-1.115514,-0.528827,0.356930,0.005183,10.157409,-1.111235,-0.542541,0.303954,0.018896,nan,nan,nan,nan,nan,0.488249
1788155451.468730,5.628947,10.460431,-1.135014,-0.523645,10.104034,-1.115514,-0.528827,0.356930,0.005183,10.153392,-1.111405,-0.541327,0.307945,0.017682,nan,nan,nan,nan,nan,0.488249
1788155451.544225,5.704442,10.462353,-1.136076,-0.523601,10.104034,-1.115514,-0.528827,0.358908,0.005227,10.153432,-1.110992,-0.541240,0.309937,0.017640,nan,nan,nan,nan,nan,0.028304
1788155451.544225,5.704442,10.462353,-1.136076,-0.523601,10.104034,-1.115514,-0.528827,0.358908,0.005227,10.149749,-1.111229,-0.540113,0.313590,0.016513,nan,nan,nan,nan,nan,0.028304
1788155451.638144,5.798361,10.462557,-1.136271,-0.523768,10.104034,-1.115514,-0.528827,0.359123,0.005060,10.155586,-1.115171,-0.540322,0.307695,0.016554,nan,nan,nan,nan,nan,0.002977
1788155451.638144,5.798361,10.462557,-1.136271,-0.523768,10.104034,-1.115514,-0.528827,0.359123,0.005060,10.155591,-1.115172,-0.540322,0.307690,0.016554,nan,nan,nan,nan,nan,0.002977
1788155451.690008,5.850224,10.486645,-1.150289,-0.539114,10.156395,-1.146400,-0.538679,0.330273,0.000435,10.193955,-1.140372,-0.554525,0.292858,0.015410,nan,nan,nan,nan,nan,0.545293
1788155451.690008,5.850224,10.486645,-1.150289,-0.539114,10.156395,-1.146400,-0.538679,0.330273,0.000435,10.193955,-1.140372,-0.554525,0.292858,0.015410,nan,nan,nan,nan,nan,0.545293
1788155451.793960,5.954176,10.524015,-1.173240,-0.563055,10.162327,-1.151154,-0.540343,0.362362,0.022712,10.250284,-1.178459,-0.576987,0.273781,0.013932,nan,nan,nan,nan,nan,0.424610
1788155451.793960,5.954176,10.524015,-1.173240,-0.563055,10.162327,-1.151154,-0.540343,0.362362,0.022712,10.244135,-1.175653,-0.573068,0.279890,0.010013,nan,nan,nan,nan,nan,0.424610
1788155451.887029,6.047246,10.617802,-1.236162,-0.620267,10.333464,-1.262301,-0.616761,0.285538,0.003506,10.354340,-1.251321,-0.630280,0.263898,0.010013,nan,nan,nan,nan,nan,1.196377
1788155451.887029,6.047246,10.617802,-1.236162,-0.620267,10.333464,-1.262301,-0.616761,0.285538,0.003506,10.354340,-1.251321,-0.630280,0.263898,0.010013,nan,nan,nan,nan,nan,1.196377
1788155451.987225,6.147441,10.730886,-1.323500,-0.695315,10.450892,-1.351058,-0.683609,0.281347,0.011706,10.471257,-1.344994,-0.704065,0.260517,0.008750,nan,nan,nan,nan,nan,1.429138
1788155451.987225,6.147441,10.730886,-1.323500,-0.695315,10.450892,-1.351058,-0.683609,0.281347,0.011706,10.471257,-1.344994,-0.704065,0.260517,0.008750,nan,nan,nan,nan,nan,1.429138
1788155452.090873,6.251090,10.843496,-1.427051,-0.792931,10.568912,-1.457282,-0.778149,0.276243,0.014783,10.584628,-1.451745,-0.797369,0.260044,0.004438,nan,nan,nan,nan,nan,1.484242
1788155452.090873,6.251090,10.843496,-1.427051,-0.792931,10.568912,-1.457282,-0.778149,0.276243,0.014783,10.584628,-1.451745,-0.797369,0.260044,0.004438,nan,nan,nan,nan,nan,1.484242
1788155452.157390,6.317606,10.932245,-1.527783,-0.900084,10.662838,-1.560274,-0.886952,0.271359,0.013132,10.674000,-1.554174,-0.904563,0.259590,0.004480,nan,nan,nan,nan,nan,2.050271
1788155452.157390,6.317606,10.932245,-1.527783,-0.900084,10.662838,-1.560274,-0.886952,0.271359,0.013132,10.674000,-1.554174,-0.904563,0.259590,0.004480,nan,nan,nan,nan,nan,2.050271
1788155452.255035,6.415252,10.982560,-1.597482,-0.983428,10.704458,-1.612911,-0.966926,0.278531,0.016502,10.712238,-1.606931,-0.986153,0.270487,0.002725,nan,nan,nan,nan,nan,0.863375
1788155452.255035,6.415252,10.982560,-1.597482,-0.983428,10.704458,-1.612911,-0.966926,0.278531,0.016502,10.712168,-1.606818,-0.984178,0.270553,0.000750,nan,nan,nan,nan,nan,0.863375
1788155452.338520,6.498737,11.022213,-1.659196,-0.995659,10.704031,-1.613072,-0.965132,0.321507,0.030527,10.712166,-1.606818,-0.996409,0.314440,0.000750,nan,nan,nan,nan,nan,0.893815
1788155452.338520,6.498737,11.022213,-1.659196,-0.995659,10.704031,-1.613072,-0.965132,0.321507,0.030527,10.712168,-1.606818,-0.996409,0.314437,0.000750,nan,nan,nan,nan,nan,0.893815
1788155452.439897,6.600114,11.034499,-1.678252,-0.995852,10.704031,-1.613072,-0.965132,0.336835,0.030721,10.719288,-1.617248,-0.993281,0.321060,0.002571,nan,nan,nan,nan,nan,0.221957
1788155452.439897,6.600114,11.034499,-1.678252,-0.995852,10.704031,-1.613072,-0.965132,0.336835,0.030721,10.719285,-1.617248,-0.993281,0.321063,0.002571,nan,nan,nan,nan,nan,0.221957
1788155452.546581,6.706798,11.054022,-1.708964,-1.025305,10.748145,-1.674703,-1.002737,0.307790,0.022568,10.750281,-1.666562,-1.019683,0.306687,0.005622,nan,nan,nan,nan,nan,0.343667
1788155452.546581,6.706798,11.054022,-1.708964,-1.025305,10.748145,-1.674703,-1.002737,0.307790,0.022568,10.750448,-1.666863,-1.017821,0.306480,0.007484,nan,nan,nan,nan,nan,0.343667
1788155452.640663,6.800880,11.079349,-1.754663,-1.090229,10.780840,-1.728160,-1.068123,0.299683,0.022106,10.777607,-1.713699,-1.082703,0.304510,0.007526,nan,nan,nan,nan,nan,0.549169
1788155452.640663,6.800880,11.079349,-1.754663,-1.090229,10.780840,-1.728160,-1.068123,0.299683,0.022106,10.777607,-1.713699,-1.082703,0.304510,0.007526,nan,nan,nan,nan,nan,0.549169
1788155452.705803,6.866019,11.111152,-1.823936,-1.190348,10.824156,-1.812242,-1.165469,0.287234,0.024879,10.816569,-1.796866,-1.181268,0.295823,0.009080,nan,nan,nan,nan,nan,1.192297
1788155452.705803,6.866019,11.111152,-1.823936,-1.190348,10.824156,-1.812242,-1.165469,0.287234,0.024879,10.816569,-1.796866,-1.181268,0.295823,0.009080,nan,nan,nan,nan,nan,1.192297
1788155452.791990,6.952207,11.126187,-1.865241,-1.251579,10.846938,-1.866218,-1.225618,0.279251,0.025961,10.836220,-1.847343,-1.240783,0.290519,0.010796,nan,nan,nan,nan,nan,0.502500
1788155452.791990,6.952207,11.126187,-1.865241,-1.251579,10.846938,-1.866218,-1.225618,0.279251,0.025961,10.836220,-1.847343,-1.240783,0.290519,0.010796,nan,nan,nan,nan,nan,0.502500
1788155452.890135,7.050352,11.154123,-1.980802,-1.415674,10.887085,-2.010225,-1.389094,0.268653,0.026580,10.873162,-1.988148,-1.403171,0.281057,0.012503,nan,nan,nan,nan,nan,1.211318
1788155452.890135,7.050352,11.154123,-1.980802,-1.415674,10.887085,-2.010225,-1.389094,0.268653,0.026580,10.874666,-1.989570,-1.401554,0.279595,0.014120,nan,nan,nan,nan,nan,1.211318
1788155452.948834,7.109051,11.163169,-2.107045,-1.585662,10.903650,-2.162701,-1.560333,0.265420,0.025328,10.887202,-2.138016,-1.571542,0.277700,0.014120,nan,nan,nan,nan,nan,2.191673
1788155452.948834,7.109051,11.163169,-2.107045,-1.585662,10.903650,-2.162701,-1.560333,0.265420,0.025328,10.887202,-2.138016,-1.571542,0.277700,0.014120,nan,nan,nan,nan,nan,2.191673
1788155453.052468,7.212685,11.158552,-2.180653,-1.683190,10.902949,-2.250466,-1.659007,0.264966,0.024183,10.884681,-2.225851,-1.667784,0.277576,0.015407,nan,nan,nan,nan,nan,0.704465
1788155453.052468,7.212685,11.158552,-2.180653,-1.683190,10.902949,-2.250466,-1.659007,0.264966,0.024183,10.884681,-2.225851,-1.667784,0.277576,0.015407,nan,nan,nan,nan,nan,0.704465
1788155453.126039,7.286256,11.122952,-2.339703,-1.898164,10.873323,-2.426575,-1.873350,0.264313,0.024814,10.850056,-2.404120,-1.881565,0.280395,0.016599,nan,nan,nan,nan,nan,2.275549
1788155453.126039,7.286256,11.122952,-2.339703,-1.898164,10.873323,-2.426575,-1.873350,0.264313,0.024814,10.850056,-2.404120,-1.881565,0.280395,0.016599,nan,nan,nan,nan,nan,2.275549
1788155453.224583,7.384800,11.084679,-2.435694,-1.970212,10.866955,-2.456278,-1.948290,0.218695,0.021922,10.843524,-2.430298,-1.952325,0.241216,0.017887,nan,nan,nan,nan,nan,1.038769
1788155453.224583,7.384800,11.084679,-2.435694,-1.970212,10.866955,-2.456278,-1.948290,0.218695,0.021922,10.843524,-2.430298,-1.952325,0.241216,0.017887,nan,nan,nan,nan,nan,1.038769
1788155453.330292,7.490509,11.030063,-2.554519,-2.051201,10.813633,-2.586913,-2.031518,0.218841,0.019683,10.789828,-2.556684,-2.032521,0.240245,0.018680,nan,nan,nan,nan,nan,1.238140
1788155453.330292,7.490509,11.030063,-2.554519,-2.051201,10.813633,-2.586913,-2.031518,0.218841,0.019683,10.789828,-2.556684,-2.032521,0.240245,0.018680,nan,nan,nan,nan,nan,1.238140
