time_s,gt_x_m,gt_y_m,gt_yaw_rad,amcl_x_m,amcl_y_m,amcl_yaw_rad,amcl_error_m,amcl_error_rad,ekf_x_m,ekf_y_m,ekf_yaw_rad,ekf_error_m,ekf_error_rad,odom_x_m,odom_y_m,odom_yaw_rad,odom_error_m,odom_error_rad,gt_speed_mps
0.576099,0.784945,-0.071709,0.029458,0.784945,-0.071709,0.029458,0.000000,0.000000,0.784945,-0.071709,0.029458,0.000000,0.000000,0.784945,-0.071709,0.029458,0.000000,0.000000,0.000000
0.678450,0.784945,-0.071709,0.029458,0.784945,-0.071709,0.029458,0.000000,0.000000,0.784945,-0.071709,0.029458,0.000000,0.000000,0.784945,-0.071709,0.029458,0.000000,0.000000,0.000000
0.797794,0.784945,-0.071709,0.029458,0.784945,-0.071709,0.029458,0.000000,0.000000,0.784945,-0.071709,0.029458,0.000000,0.000000,0.784945,-0.071709,0.029458,0.000000,0.000000,0.000000
0.910696,0.784945,-0.071709,0.029458,0.784945,-0.071709,0.029458,0.000000,0.000000,0.784945,-0.071709,0.029458,0.000000,0.000000,0.784945,-0.071709,0.029458,0.000000,0.000000,0.000000
1.010300,0.784945,-0.071709,0.029458,0.784945,-0.071709,0.029458,0.000000,0.000000,0.784945,-0.071709,0.029458,0.000000,0.000000,0.784945,-0.071709,0.029458,0.000000,0.000000,0.000000
1.110108,0.784945,-0.071709,0.029458,0.784945,-0.071709,0.029458,0.000000,0.000000,0.784945,-0.071709,0.029458,0.000000,0.000000,0.784945,-0.071709,0.029458,0.000000,0.000000,0.000000
1.208065,0.784945,-0.071709,0.029458,0.784945,-0.071709,0.029458,0.000000,0.000000,0.784945,-0.071709,0.029458,0.000000,0.000000,0.784945,-0.071709,0.029458,0.000000,0.000000,0.000000
1.309521,0.784945,-0.071709,0.029458,0.784945,-0.071709,0.029458,0.000000,0.000000,0.784945,-0.071709,0.029458,0.000000,0.000000,0.784945,-0.071709,0.029458,0.000000,0.000000,0.000000
1.410625,0.784945,-0.071709,0.029458,0.784945,-0.071709,0.029458,0.000000,0.000000,0.785144,-0.071704,0.029458,0.000199,0.000000,0.785144,-0.071704,0.029458,0.000199,0.000000,0.000000
1.511134,0.813233,-0.070878,0.025045,0.839676,-0.070185,0.025033,0.026452,0.000012,0.839665,-0.070218,0.025045,0.026441,0.000000,0.839686,-0.070217,0.025045,0.026462,0.000000,0.281624
1.612221,0.894521,-0.069287,0.012591,0.951389,-0.068048,0.012565,0.056881,0.000026,0.951434,-0.068111,0.012590,0.056925,0.000001,0.951453,-0.068113,0.012591,0.056944,0.000000,0.804303
1.730370,1.058092,-0.069279,-0.011500,1.150093,-0.067913,-0.011535,0.092011,0.000035,1.150139,-0.067998,-0.011503,0.092057,0.000004,1.150163,-0.068005,-0.011500,0.092080,0.000000,1.389390
1.829356,1.251905,-0.073683,-0.033853,1.371156,-0.072913,-0.033899,0.119253,0.000046,1.371190,-0.073007,-0.033859,0.119287,0.000006,1.371217,-0.073019,-0.033853,0.119314,0.000000,1.967769
1.930409,1.503126,-0.084302,-0.048513,1.653611,-0.084545,-0.048578,0.150486,0.000066,1.653625,-0.084642,-0.048522,0.150500,0.000009,1.653655,-0.084657,-0.048513,0.150530,0.000000,2.501031
2.029035,1.788238,-0.097526,-0.042928,1.963792,-0.098730,-0.043006,0.175558,0.000078,1.963799,-0.098833,-0.042941,0.175566,0.000014,1.963830,-0.098848,-0.042928,0.175598,0.000000,2.874335
2.142602,2.156849,-0.109495,-0.020454,2.357881,-0.111216,-0.020580,0.201040,0.000126,2.357968,-0.111332,-0.020472,0.201128,0.000018,2.358000,-0.111344,-0.020454,0.201160,0.000000,3.236751
2.243701,2.493509,-0.113400,-0.003422,2.715745,-0.115486,-0.003599,0.222246,0.000176,2.715799,-0.115613,-0.003448,0.222301,0.000025,2.715837,-0.115616,-0.003422,0.222339,0.000000,3.318990
2.344339,2.834782,-0.114267,-0.002017,3.071800,-0.116483,-0.002254,0.237029,0.000237,3.071877,-0.116597,-0.002053,0.237107,0.000035,3.071919,-0.116584,-0.002017,0.237149,0.000000,3.393320
2.452083,3.181126,-0.117487,-0.018830,3.431807,-0.120297,-0.019153,0.250696,0.000323,3.431883,-0.120379,-0.018879,0.250773,0.000049,3.431930,-0.120337,-0.018830,0.250820,0.000000,3.243041
2.511073,3.506930,-0.126413,-0.037526,3.770037,-0.129944,-0.037929,0.263131,0.000403,3.770165,-0.129959,-0.037594,0.263259,0.000068,3.770217,-0.129872,-0.037526,0.263310,0.000000,5.492465
2.616369,3.773603,-0.138579,-0.052536,4.046918,-0.142564,-0.053029,0.273345,0.000493,4.047128,-0.142503,-0.052628,0.273553,0.000092,4.047190,-0.142353,-0.052536,0.273613,0.000000,2.517919
2.730936,4.168311,-0.160285,-0.055183,4.456637,-0.164955,-0.055738,0.288363,0.000554,4.456965,-0.164700,-0.055305,0.288687,0.000122,4.457042,-0.164448,-0.055183,0.288760,0.000000,3.462951
2.792315,4.507567,-0.177619,-0.047198,4.809036,-0.183318,-0.047813,0.301523,0.000616,4.809506,-0.182898,-0.047356,0.301985,0.000158,4.809605,-0.182512,-0.047198,0.302078,0.000000,5.507878
2.896055,4.743101,-0.188899,-0.050467,5.053345,-0.195526,-0.051162,0.310315,0.000695,5.053977,-0.194997,-0.050665,0.310936,0.000198,5.054105,-0.194461,-0.050467,0.311053,0.000000,2.270201
2.951144,5.078809,-0.208039,-0.062602,5.401816,-0.215652,-0.063372,0.323097,0.000769,5.402652,-0.214930,-0.062845,0.323917,0.000243,5.402819,-0.214196,-0.062602,0.324069,0.000000,6.120553
3.045120,5.262235,-0.219851,-0.065570,5.592334,-0.228025,-0.066339,0.330200,0.000769,5.593132,-0.227351,-0.065862,0.330981,0.000292,5.593346,-0.226423,-0.065570,0.331176,0.000000,1.963164
3.109120,5.608077,-0.243395,-0.070632,5.951315,-0.252787,-0.071401,0.343367,0.000769,5.952082,-0.252079,-0.070968,0.344115,0.000336,5.952346,-0.250909,-0.070632,0.344351,0.000000,5.411070
3.194145,5.793841,-0.256439,-0.068835,6.142151,-0.266484,-0.069653,0.348455,0.000818,6.143086,-0.265618,-0.069212,0.349366,0.000377,6.143394,-0.264254,-0.068835,0.349640,0.000000,2.179661
3.294605,6.117615,-0.278030,-0.064393,6.473206,-0.288842,-0.065211,0.355755,0.000818,6.474104,-0.287977,-0.064813,0.356628,0.000420,6.474467,-0.286340,-0.064393,0.356949,0.000000,3.232494
3.396987,6.449295,-0.299689,-0.065886,6.816900,-0.311543,-0.066704,0.367796,0.000818,6.817762,-0.310687,-0.066348,0.368631,0.000462,6.818180,-0.308761,-0.065886,0.368996,0.000000,3.250076
3.497862,6.788625,-0.322924,-0.071206,7.174783,-0.336407,-0.072023,0.386394,0.000818,7.175611,-0.335565,-0.071707,0.387192,0.000501,7.176083,-0.333333,-0.071206,0.387598,0.000000,3.380131
3.558978,7.150180,-0.350106,-0.079587,7.551283,-0.365158,-0.080405,0.401385,0.000818,7.552078,-0.364334,-0.080125,0.402150,0.000538,7.552606,-0.361775,-0.079587,0.402595,0.000000,5.953954
3.666334,7.366499,-0.367955,-0.085614,7.774572,-0.383827,-0.086431,0.408382,0.000818,7.775334,-0.383070,-0.086186,0.409115,0.000572,7.775911,-0.380262,-0.085614,0.409597,0.000000,2.009051
3.779216,7.761328,-0.403963,-0.098324,8.176283,-0.421208,-0.099142,0.415313,0.000818,8.177017,-0.420470,-0.098927,0.416017,0.000602,8.177652,-0.417315,-0.098324,0.416538,0.000000,3.513727
3.880897,8.065243,-0.437443,-0.122909,8.466813,-0.453718,-0.123726,0.401899,0.000818,8.467518,-0.453031,-0.123540,0.402577,0.000631,8.468208,-0.449587,-0.122909,0.403148,0.000000,3.047069
3.982904,8.310132,-0.470859,-0.149432,8.675393,-0.482471,-0.150249,0.365446,0.000818,8.676070,-0.481845,-0.150089,0.366103,0.000657,8.676812,-0.478169,-0.149432,0.366753,0.000000,2.423820
4.080120,8.499420,-0.501707,-0.175060,8.762040,-0.496726,-0.175877,0.262667,0.000818,8.762687,-0.496171,-0.175739,0.263325,0.000680,8.763471,-0.492354,-0.175060,0.264216,0.000000,1.945662
4.179325,8.628588,-0.525921,-0.195877,8.820701,-0.507782,-0.196695,0.192968,0.000818,8.821320,-0.507287,-0.196576,0.193631,0.000699,8.822141,-0.503362,-0.195877,0.194863,0.000000,1.324939
4.247991,8.701162,-0.540994,-0.209709,8.878294,-0.519674,-0.210526,0.178410,0.000818,8.878887,-0.519228,-0.210423,0.179052,0.000714,8.879743,-0.515206,-0.209709,0.180433,0.000000,1.092835
4.347161,8.749394,-0.551580,-0.219111,8.931595,-0.531326,-0.219929,0.183323,0.000818,8.932163,-0.530921,-0.219839,0.183932,0.000728,8.933053,-0.526815,-0.219111,0.185321,0.000000,0.493790
4.409826,8.828972,-0.570049,-0.234663,9.014643,-0.550570,-0.235481,0.186691,0.000818,9.015189,-0.550198,-0.235402,0.187272,0.000739,9.016118,-0.545991,-0.234663,0.188686,0.000000,1.309696
4.526476,8.893973,-0.586145,-0.250047,9.088570,-0.568910,-0.250865,0.195359,0.000818,9.089095,-0.568566,-0.250796,0.195912,0.000749,9.090060,-0.564271,-0.250047,0.197303,0.000000,0.579801
4.591597,8.974235,-0.607495,-0.268410,9.174575,-0.591793,-0.269228,0.200954,0.000818,9.175079,-0.591474,-0.269168,0.201481,0.000758,9.176083,-0.587084,-0.268410,0.202877,0.000000,1.255943
4.699075,9.130962,-0.653707,-0.304152,9.338092,-0.640073,-0.304969,0.207578,0.000818,9.338578,-0.639771,-0.304917,0.208083,0.000766,9.339639,-0.635229,-0.304152,0.209494,0.000000,1.517592
4.797086,9.277254,-0.702328,-0.335945,9.491737,-0.691137,-0.336762,0.214775,0.000818,9.492205,-0.690853,-0.336718,0.215257,0.000773,9.493326,-0.686168,-0.335945,0.216675,0.000000,1.567950
4.847180,9.420157,-0.754749,-0.367054,9.639071,-0.745305,-0.367872,0.219117,0.000818,9.639522,-0.745039,-0.367835,0.219579,0.000781,9.640704,-0.740215,-0.367054,0.221025,0.000000,3.088518
4.945402,9.497391,-0.785392,-0.385619,9.715483,-0.775573,-0.386437,0.218313,0.000818,9.715917,-0.775327,-0.386406,0.218757,0.000787,9.717141,-0.770421,-0.385619,0.220259,0.000000,0.840973
5.044738,9.622910,-0.838625,-0.417187,9.838053,-0.827716,-0.418005,0.215419,0.000818,9.838470,-0.827486,-0.417980,0.215847,0.000793,9.839753,-0.822464,-0.417187,0.217444,0.000000,1.370408
5.145599,9.715920,-0.881809,-0.448606,9.916749,-0.864162,-0.449424,0.201603,0.000818,9.917150,-0.863948,-0.449405,0.202021,0.000798,9.918480,-0.858846,-0.448606,0.203857,0.000000,1.015472
5.247871,9.781815,-0.914686,-0.473069,9.982560,-0.896904,-0.473887,0.201531,0.000818,9.982945,-0.896705,-0.473872,0.201932,0.000803,9.984317,-0.891533,-0.473069,0.203821,0.000000,0.721998
5.346744,9.828563,-0.939423,-0.492816,10.029375,-0.921500,-0.493634,0.201611,0.000818,10.029745,-0.921315,-0.493624,0.201996,0.000807,10.031152,-0.916092,-0.492816,0.203929,0.000000,0.534589
5.453512,9.872191,-0.963551,-0.514917,10.074892,-0.946644,-0.515734,0.203405,0.000818,10.075247,-0.946471,-0.515727,0.203773,0.000811,10.076690,-0.941198,-0.514917,0.205717,0.000000,0.469028
5.513444,9.925947,-0.995284,-0.544394,10.131911,-0.980088,-0.545211,0.206524,0.000818,10.132252,-0.979927,-0.545208,0.206876,0.000814,10.133736,-0.974596,-0.544394,0.208816,0.000000,1.038763
5.613955,9.975887,-1.026529,-0.573183,10.185512,-1.013664,-0.574001,0.210019,0.000818,10.185840,-1.013513,-0.574000,0.210356,0.000816,10.187364,-1.008128,-0.573183,0.212276,0.000000,0.585115
5.667333,10.049899,-1.076875,-0.617151,10.263083,-1.066277,-0.617968,0.213447,0.000818,10.263398,-1.066135,-0.617969,0.213769,0.000819,10.264978,-1.060677,-0.617151,0.215688,0.000000,1.673597
5.782362,10.102564,-1.115744,-0.649824,10.317921,-1.106624,-0.650642,0.215550,0.000818,10.318224,-1.106491,-0.650645,0.215858,0.000821,10.319850,-1.100979,-0.649824,0.217787,0.000000,0.577662
5.880511,10.182486,-1.179922,-0.700905,10.400957,-1.173248,-0.701722,0.218573,0.000818,10.401247,-1.173124,-0.701728,0.218867,0.000823,10.402939,-1.167536,-0.700905,0.220801,0.000000,1.024032
5.979349,10.258823,-1.248108,-0.753212,10.480436,-1.244072,-0.754030,0.221649,0.000818,10.480715,-1.243956,-0.754037,0.221931,0.000825,10.482477,-1.238295,-0.753212,0.223869,0.000000,1.038757
6.080461,10.335607,-1.324683,-0.811301,10.559947,-1.323215,-0.812119,0.224344,0.000818,10.560214,-1.323106,-0.812128,0.224612,0.000826,10.562052,-1.317372,-0.811301,0.226563,0.000000,1.077131
6.144499,10.402549,-1.399948,-0.870137,10.627990,-1.399361,-0.870954,0.225442,0.000818,10.628246,-1.399259,-0.870964,0.225698,0.000828,10.630158,-1.393463,-0.870137,0.227701,0.000000,1.559806
6.245725,10.441173,-1.447833,-0.909109,10.667527,-1.448218,-0.909927,0.226354,0.000818,10.667773,-1.448122,-0.909939,0.226600,0.000829,10.669735,-1.442287,-0.909109,0.228629,0.000000,0.606670
6.328974,10.494547,-1.520996,-0.966781,10.722845,-1.523764,-0.967598,0.228315,0.000818,10.723080,-1.523675,-0.967611,0.228549,0.000830,10.725114,-1.517788,-0.966781,0.230589,0.000000,1.090840
6.431793,10.535115,-1.583930,-1.023599,10.764953,-1.588770,-1.024417,0.229889,0.000818,10.765178,-1.588687,-1.024431,0.230112,0.000831,10.767275,-1.582760,-1.023599,0.232163,0.000000,0.727810
6.531448,10.579475,-1.663561,-1.095173,10.811339,-1.671582,-1.095991,0.232002,0.000818,10.811554,-1.671504,-1.096005,0.232214,0.000832,10.813729,-1.665534,-1.095173,0.234262,0.000000,0.913673
6.634379,10.617176,-1.744687,-1.168927,10.850795,-1.755845,-1.169745,0.233885,0.000818,10.851000,-1.755771,-1.169760,0.234086,0.000833,10.853254,-1.749764,-1.168927,0.236132,0.000000,0.875474
6.696743,10.651053,-1.835231,-1.248638,10.886323,-1.849893,-1.249455,0.235727,0.000818,10.886519,-1.849824,-1.249472,0.235918,0.000834,10.888859,-1.843783,-1.248638,0.237960,0.000000,1.544178
6.797617,10.667443,-1.889072,-1.295430,10.904079,-1.907712,-1.296248,0.237369,0.000818,10.904266,-1.907647,-1.296265,0.237550,0.000834,10.906662,-1.901588,-1.295430,0.239546,0.000000,0.556121
6.899831,10.691729,-1.993703,-1.385313,10.930150,-2.019258,-1.386131,0.239787,0.000818,10.930328,-2.019197,-1.386148,0.239957,0.000835,10.932824,-2.013112,-1.385313,0.241875,0.000000,1.056758
6.955513,10.707446,-2.109691,-1.481920,10.947036,-2.142323,-1.482737,0.241803,0.000818,10.947205,-2.142265,-1.482755,0.241962,0.000835,10.949811,-2.136163,-1.481920,0.243807,0.000000,2.090696
7.064330,10.711855,-2.194999,-1.551341,10.951803,-2.231587,-1.552159,0.242721,0.000818,10.951963,-2.231533,-1.552177,0.242871,0.000836,10.954651,-2.225424,-1.551341,0.244694,0.000000,0.781284
7.163375,10.707775,-2.318172,-1.650615,10.947815,-2.360187,-1.651433,0.243690,0.000818,10.947967,-2.360136,-1.651451,0.243830,0.000836,10.950768,-2.354027,-1.650615,0.245625,0.000000,1.244084
7.263349,10.691502,-2.441804,-1.746752,10.931162,-2.488859,-1.747570,0.244236,0.000818,10.931306,-2.488809,-1.747588,0.244367,0.000836,10.934221,-2.482712,-1.746752,0.246142,0.000000,1.247333
7.363302,10.665116,-2.558330,-1.835255,10.904319,-2.608325,-1.836073,0.244371,0.000818,10.904454,-2.608278,-1.836092,0.244494,0.000836,10.907475,-2.602201,-1.835255,0.246297,0.000000,1.195226
7.468515,10.632321,-2.661038,-1.917173,10.871481,-2.712183,-1.917991,0.244567,0.000818,10.871608,-2.712138,-1.918010,0.244682,0.000837,10.874722,-2.706086,-1.917173,0.246550,0.000000,1.024724
7.579266,10.596102,-2.749341,-1.991603,10.836257,-2.799255,-1.992421,0.245288,0.000818,10.836378,-2.799211,-1.992440,0.245397,0.000837,10.839569,-2.793186,-1.991603,0.247384,0.000000,0.862393
7.682501,10.567620,-2.808204,-2.039976,10.807497,-2.859437,-2.040794,0.245287,0.000818,10.807611,-2.859394,-2.040812,0.245390,0.000836,10.810858,-2.853391,-2.039976,0.247400,0.000000,0.634697
7.737946,10.539723,-2.859746,-2.083315,10.778897,-2.912841,-2.084133,0.244996,0.000818,10.779006,-2.912800,-2.084152,0.245094,0.000836,10.782302,-2.906819,-2.083315,0.247104,0.000000,1.058006
7.834352,10.522960,-2.888452,-2.110826,10.761724,-2.942346,-2.111644,0.244772,0.000818,10.761829,-2.942307,-2.111662,0.244865,0.000836,10.765153,-2.936338,-2.110826,0.246882,0.000000,0.345371
7.933328,10.491106,-2.938109,-2.159526,10.728750,-2.994338,-2.160344,0.244206,0.000818,10.728850,-2.994299,-2.160361,0.244294,0.000835,10.732222,-2.988357,-2.159526,0.246296,0.000000,0.593541
8.031496,10.452481,-2.992268,-2.212804,10.688608,-3.051023,-2.213622,0.243327,0.000818,10.688703,-3.050985,-2.213639,0.243410,0.000835,10.692126,-3.045075,-2.212804,0.245394,0.000000,0.677758
8.133675,10.407997,-3.047900,-2.271767,10.641537,-3.110156,-2.272585,0.241695,0.000818,10.641627,-3.110119,-2.272602,0.241773,0.000834,10.645103,-3.104246,-2.271767,0.243709,0.000000,0.699287
8.231861,10.351204,-3.110197,-2.341763,10.582005,-3.175777,-2.342581,0.239937,0.000818,10.582090,-3.175741,-2.342597,0.240009,0.000834,10.585625,-3.169916,-2.341763,0.241908,0.000000,0.857664
8.332170,10.289025,-3.169650,-2.408117,10.518355,-3.236984,-2.408935,0.239011,0.000818,10.518437,-3.236948,-2.408951,0.239079,0.000833,10.522025,-3.231175,-2.408117,0.240986,0.000000,0.855342
8.433362,10.234360,-3.215877,-2.461660,10.463390,-3.283836,-2.462478,0.238899,0.000818,10.463468,-3.283801,-2.462493,0.238964,0.000833,10.467098,-3.278072,-2.461660,0.240905,0.000000,0.707424
8.549516,10.184849,-3.253649,-2.507408,10.413985,-3.321883,-2.508226,0.239080,0.000818,10.414060,-3.321848,-2.508240,0.239141,0.000832,10.417725,-3.316159,-2.507408,0.241119,0.000000,0.537051
8.652223,10.142794,-3.282998,-2.547065,10.370666,-3.352388,-2.547883,0.238203,0.000818,10.370737,-3.352355,-2.547896,0.238261,0.000831,10.374430,-3.346700,-2.547065,0.240236,0.000000,0.499617
8.708547,10.113539,-3.301966,-2.573642,10.342035,-3.371164,-2.574460,0.238744,0.000818,10.342103,-3.371131,-2.574473,0.238800,0.000831,10.345815,-3.365498,-2.573642,0.240808,0.000000,0.628954
8.816784,10.096541,-3.312471,-2.589011,10.324474,-3.382160,-2.589828,0.238349,0.000818,10.324540,-3.382128,-2.589840,0.238403,0.000830,10.328263,-3.376509,-2.589011,0.240409,0.000000,0.183109
8.930853,10.057895,-3.335316,-2.622954,10.283896,-3.406197,-2.623772,0.236855,0.000818,10.283959,-3.406167,-2.623783,0.236906,0.000829,10.287705,-3.400580,-2.622954,0.238896,0.000000,0.393982
9.032305,10.018898,-3.356372,-2.658593,10.243374,-3.428334,-2.659410,0.235729,0.000818,10.243435,-3.428305,-2.659421,0.235778,0.000829,10.247201,-3.422750,-2.658593,0.237757,0.000000,0.435159
9.131211,9.975807,-3.377748,-2.696142,10.198625,-3.450696,-2.696960,0.234455,0.000818,10.198683,-3.450667,-2.696970,0.234501,0.000828,10.202470,-3.445148,-2.696142,0.236471,0.000000,0.486456
9.230195,9.925250,-3.400344,-2.738451,10.145466,-3.474657,-2.739269,0.232417,0.000818,10.145522,-3.474629,-2.739278,0.232461,0.000827,10.149330,-3.469153,-2.738451,0.234407,0.000000,0.559365
9.333222,9.864629,-3.424337,-2.786545,10.081743,-3.499981,-2.787363,0.229915,0.000818,10.081797,-3.499954,-2.787372,0.229956,0.000827,10.085629,-3.494529,-2.786545,0.231879,0.000000,0.632751
9.436766,9.795585,-3.447676,-2.837825,10.009739,-3.524531,-2.838643,0.227527,0.000818,10.009790,-3.524505,-2.838651,0.227566,0.000826,10.013644,-3.519138,-2.837825,0.229470,0.000000,0.703976
9.550446,9.704783,-3.472757,-2.899829,9.915652,-3.550768,-2.900647,0.224836,0.000818,9.915701,-3.550742,-2.900655,0.224873,0.000826,9.919578,-3.545452,-2.899829,0.226763,0.000000,0.829216
9.656038,9.631921,-3.488705,-2.945020,9.841098,-3.567311,-2.945838,0.223459,0.000818,9.841145,-3.567285,-2.945845,0.223495,0.000825,9.845038,-3.562055,-2.945020,0.225387,0.000000,0.716379
9.749231,9.555277,-3.501964,-2.990893,9.761491,-3.581207,-2.991710,0.220915,0.000818,9.761536,-3.581182,-2.991717,0.220949,0.000824,9.765442,-3.576017,-2.990893,0.222830,0.000000,0.821084
9.849298,9.475635,-3.511910,-3.036783,9.677908,-3.591874,-3.037601,0.217506,0.000818,9.677952,-3.591850,-3.037607,0.217538,0.000824,9.681869,-3.586752,-3.036783,0.219394,0.000000,0.801741
9.932293,9.378610,-3.519265,-3.092760,9.574807,-3.599725,-3.093577,0.212055,0.000818,9.574850,-3.599701,-3.093583,0.212085,0.000823,9.578774,-3.594687,-3.092760,0.213903,0.000000,1.175693
10.033305,9.277827,-3.521329,3.135728,9.466399,-3.601966,3.134910,0.205090,0.000818,9.466440,-3.601942,3.134905,0.205118,0.000823,9.470368,-3.597017,3.135728,0.206883,0.000000,0.995594
10.133131,9.172266,-3.517431,3.080094,9.361085,-3.598331,3.079276,0.205420,0.000818,9.361124,-3.598308,3.079271,0.205447,0.000822,9.365050,-3.593468,3.080094,0.207238,0.000000,1.058041
10.231535,9.085510,-3.509978,3.038290,9.274460,-3.591106,3.037472,0.205630,0.000818,9.274498,-3.591084,3.037468,0.205657,0.000822,9.278420,-3.586313,3.038290,0.207464,0.000000,0.885799
10.334697,8.998251,-3.499038,2.998731,9.184581,-3.579912,2.997914,0.203124,0.000818,9.184617,-3.579891,2.997910,0.203150,0.000821,9.188532,-3.575194,2.998731,0.204955,0.000000,0.852817
10.397475,8.938844,-3.489481,2.971351,9.153201,-3.574933,2.970533,0.230762,0.000818,9.153237,-3.574913,2.970530,0.230788,0.000821,9.157148,-3.570240,2.971351,0.232763,0.000000,0.956410
10.501226,8.927175,-3.487323,2.965467,9.153201,-3.574933,2.970533,0.242411,0.005066,9.142741,-3.573069,2.964647,0.231994,0.000821,9.146652,-3.568404,2.965467,0.233975,0.000000,0.114411
10.601462,8.915004,-3.485080,2.958692,9.129893,-3.570752,2.957874,0.231338,0.000818,9.130352,-3.571055,2.958335,0.231876,0.000357,9.133837,-3.566078,2.958692,0.233342,0.000000,0.123514
10.666456,8.898403,-3.481866,2.948898,9.129893,-3.570752,2.957874,0.247969,0.008976,9.112888,-3.567703,2.948504,0.231024,0.000394,9.116391,-3.562763,2.948898,0.232515,0.000000,0.261278
10.765206,8.885720,-3.479238,2.941209,9.099294,-3.564792,2.940391,0.230072,0.000818,9.100392,-3.565529,2.941531,0.231366,0.000323,9.103232,-3.560143,2.941209,0.232072,0.000000,0.130755
10.868000,8.869112,-3.475825,2.930556,9.099294,-3.564792,2.940391,0.246777,0.009835,9.083827,-3.562022,2.930790,0.231371,0.000234,9.086713,-3.556696,2.930556,0.232143,0.000000,0.164903
10.968862,8.869212,-3.475822,2.930543,9.099294,-3.564792,2.940391,0.246684,0.009848,9.084421,-3.562405,2.931513,0.231973,0.000970,9.086713,-3.556696,2.930543,0.232050,0.000000,0.000992
11.069460,8.869315,-3.475919,2.930517,9.099294,-3.564792,2.940391,0.246553,0.009874,9.084988,-3.562723,2.932170,0.232486,0.001653,9.086713,-3.556696,2.930517,0.231920,0.000000,0.001406
11.167032,8.869315,-3.475919,2.930505,9.099294,-3.564792,2.940391,0.246553,0.009886,9.085528,-3.562990,2.932792,0.233087,0.002287,9.086713,-3.556696,2.930505,0.231920,0.000000,0.000000
11.264856,8.867098,-3.475384,2.929220,9.099294,-3.564792,2.940391,0.248814,0.011171,9.083632,-3.562701,2.932093,0.233476,0.002873,9.084302,-3.556178,2.929220,0.231743,0.000000,0.023237
11.368354,8.862265,-3.474325,2.926178,9.075259,-3.559697,2.925361,0.229466,0.000818,9.079103,-3.561841,2.929692,0.233833,0.003514,9.079193,-3.555068,2.926178,0.231467,0.000000,0.048336
11.467332,8.850382,-3.471674,2.918550,9.075259,-3.559697,2.925361,0.241491,0.006811,9.066429,-3.558940,2.921725,0.233006,0.003176,9.066674,-3.552279,2.918550,0.230823,0.000000,0.121707
11.568193,8.836177,-3.468290,2.909711,9.048038,-3.553482,2.908894,0.228348,0.000818,9.052034,-3.555673,2.913169,0.232874,0.003458,9.051967,-3.548874,2.909711,0.230346,0.000000,0.144641
11.668159,8.819349,-3.464183,2.900391,9.048038,-3.553482,2.908894,0.245506,0.008503,9.034512,-3.551398,2.903514,0.232168,0.003123,9.034606,-3.544690,2.900391,0.229820,0.000000,0.173297
11.769248,8.800398,-3.459338,2.889867,9.011258,-3.544379,2.889050,0.227364,0.000818,9.015561,-3.546738,2.893411,0.232237,0.003544,9.015180,-3.539802,2.889867,0.229360,0.000000,0.193572
11.868141,8.783358,-3.454837,2.880368,9.011258,-3.544379,2.889050,0.244860,0.008682,8.998020,-3.542089,2.883569,0.231717,0.003201,8.997810,-3.535247,2.880368,0.229032,0.000000,0.178119
11.968748,8.768632,-3.450768,2.872179,8.978949,-3.535736,2.871361,0.226832,0.000818,8.983537,-3.538245,2.875808,0.232027,0.003629,8.982864,-3.531186,2.872179,0.228828,0.000000,0.152666
12.070538,8.756223,-3.447231,2.865729,8.978949,-3.535736,2.871361,0.239667,0.005633,8.970818,-3.534627,2.869008,0.231709,0.003279,8.970320,-3.527679,2.865729,0.228713,0.000000,0.126182
12.126324,8.747444,-3.444688,2.861265,8.957400,-3.529639,2.860447,0.226491,0.000818,8.962091,-3.532159,2.864728,0.231785,0.003463,8.961310,-3.525106,2.861265,0.228485,0.000000,0.163862
12.219915,8.743408,-3.443506,2.859051,8.957400,-3.529639,2.860447,0.230676,0.001396,8.957750,-3.530822,2.862188,0.231444,0.003136,8.957136,-3.523899,2.859051,0.228348,0.000000,0.044997
12.318246,8.736143,-3.441419,2.855579,8.957400,-3.529639,2.860447,0.238196,0.004868,8.950347,-3.528624,2.858582,0.231274,0.003003,8.949751,-3.521741,2.855579,0.228210,0.000000,0.076738
12.418187,8.729076,-3.439226,2.851838,8.957400,-3.529639,2.860447,0.245574,0.008609,8.943304,-3.526547,2.854982,0.231341,0.003145,8.942465,-3.519584,2.851838,0.228019,0.000000,0.074047
12.520371,8.721808,-3.437038,2.848414,8.931094,-3.521855,2.847596,0.225819,0.000818,8.936325,-3.524500,2.851977,0.231661,0.003563,8.934997,-3.517344,2.848414,0.227813,0.000000,0.074308
12.627769,8.712521,-3.434210,2.843743,8.931094,-3.521855,2.847596,0.235490,0.003853,8.926603,-3.521494,2.846967,0.231192,0.003225,8.925468,-3.514443,2.843743,0.227560,0.000000,0.091552
12.687321,8.700403,-3.430365,2.837561,8.908940,-3.515016,2.836743,0.225064,0.000818,8.914121,-3.517635,2.840833,0.230849,0.003273,8.912838,-3.510523,2.837561,0.227055,0.000000,0.216320
12.786390,8.692730,-3.427989,2.833893,8.908940,-3.515016,2.836743,0.233068,0.002850,8.905937,-3.515003,2.836856,0.230280,0.002963,8.904840,-3.507997,2.833893,0.226698,0.000000,0.079326
12.851927,8.678892,-3.423494,2.827508,8.886768,-3.507916,2.826691,0.224365,0.000818,8.891850,-3.510489,2.830462,0.230042,0.002954,8.890660,-3.503441,2.827508,0.226356,0.000000,0.222965
12.952486,8.669193,-3.420278,2.823120,8.886768,-3.507916,2.826691,0.234562,0.003570,8.881820,-3.507169,2.825793,0.229697,0.002672,8.880811,-3.500218,2.823120,0.226214,0.000000,0.101564
13.052259,8.655149,-3.415589,2.816772,8.862512,-3.499871,2.815954,0.223837,0.000818,8.867566,-3.502440,2.819511,0.229486,0.002739,8.866398,-3.495415,2.816772,0.225828,0.000000,0.148014
13.106223,8.641302,-3.410794,2.810713,8.862512,-3.499871,2.815954,0.238471,0.005241,8.853276,-3.497556,2.813182,0.229043,0.002469,8.852291,-3.490617,2.810713,0.225584,0.000000,0.279261
13.208540,8.634631,-3.408489,2.807795,8.841603,-3.492705,2.806977,0.223449,0.000818,8.846775,-3.495329,2.810467,0.229229,0.002672,8.845483,-3.488267,2.807795,0.225439,0.000000,0.068754
13.323126,8.620984,-3.403688,2.802219,8.841603,-3.492705,2.806977,0.237900,0.004759,8.832620,-3.490355,2.804631,0.228694,0.002412,8.831512,-3.483379,2.802219,0.225106,0.000000,0.125882
13.425575,8.611680,-3.400260,2.798347,8.818156,-3.484429,2.797529,0.222973,0.000818,8.823437,-3.487114,2.800935,0.228877,0.002589,8.822029,-3.480010,2.798347,0.224960,0.000000,0.097752
13.520427,8.602175,-3.396838,2.794203,8.818156,-3.484429,2.797529,0.233067,0.003326,8.813596,-3.483541,2.796531,0.228509,0.002328,8.812374,-3.476537,2.794203,0.224802,0.000000,0.104590
13.578072,8.593376,-3.393595,2.791068,8.799327,-3.477601,2.790250,0.222425,0.000818,8.804566,-3.480263,2.793472,0.228282,0.002404,8.803195,-3.473197,2.791068,0.224411,0.000000,0.168261
13.670496,8.588116,-3.391649,2.788890,8.799327,-3.477601,2.790250,0.228030,0.001360,8.799017,-3.478188,2.791054,0.227965,0.002164,8.797825,-3.471227,2.788890,0.224300,0.000000,0.059576
13.767371,8.578711,-3.388224,2.785265,8.799327,-3.477601,2.790250,0.238033,0.004985,8.789397,-3.474619,2.787369,0.227712,0.002104,8.788200,-3.467665,2.785265,0.224045,0.000000,0.103072
13.871696,8.569201,-3.384602,2.781643,8.774545,-3.468382,2.780825,0.221778,0.000818,8.779931,-3.471100,2.783962,0.227792,0.002319,8.778405,-3.463998,2.781643,0.223763,0.000000,0.097763
13.969658,8.557768,-3.380236,2.777078,8.774545,-3.468382,2.780825,0.234013,0.003747,8.767838,-3.466497,2.779159,0.227091,0.002081,8.766502,-3.459488,2.777078,0.223273,0.000000,0.124616
14.070193,8.546029,-3.375679,2.772531,8.750769,-3.459288,2.771713,0.221154,0.000818,8.756178,-3.462037,2.774738,0.227201,0.002207,8.754622,-3.454924,2.772531,0.223138,0.000000,0.125226
14.166557,8.534390,-3.371120,2.768440,8.750769,-3.459288,2.771713,0.233653,0.003274,8.744031,-3.457291,2.770415,0.226661,0.001975,8.742666,-3.450271,2.768440,0.222810,0.000000,0.129682
14.270273,8.522750,-3.366560,2.764360,8.726980,-3.449953,2.763542,0.220600,0.000818,8.732413,-3.452731,2.766434,0.226680,0.002074,8.730825,-3.445608,2.764360,0.222584,0.000000,0.120560
14.368009,8.511006,-3.361803,2.760284,8.726980,-3.449953,2.763542,0.233271,0.003259,8.720121,-3.447813,2.762134,0.226113,0.001851,8.718726,-3.440786,2.760284,0.222230,0.000000,0.129920
14.471171,8.499463,-3.357140,2.756216,8.703086,-3.440351,2.755398,0.219969,0.000818,8.708546,-3.443162,2.758174,0.226087,0.001959,8.706923,-3.436026,2.756216,0.221952,0.000000,0.120457
14.571464,8.487918,-3.352378,2.752649,8.703086,-3.440351,2.755398,0.232458,0.002749,8.696565,-3.438257,2.754392,0.225630,0.001743,8.695136,-3.431219,2.752649,0.221710,0.000000,0.124494
14.621347,8.478702,-3.348547,2.749800,8.681999,-3.431698,2.748982,0.219645,0.000818,8.687479,-3.434526,2.751620,0.225788,0.001820,8.685829,-3.427390,2.749800,0.221626,0.000000,0.202900
14.721967,8.473739,-3.346492,2.748152,8.681999,-3.431698,2.748982,0.225016,0.000830,8.682097,-3.432265,2.749775,0.225322,0.001622,8.680634,-3.425238,2.748152,0.221374,0.000000,0.053317
14.821278,8.464320,-3.342567,2.745040,8.681999,-3.431698,2.748982,0.235220,0.003942,8.672527,-3.428269,2.746602,0.225156,0.001562,8.671072,-3.421252,2.745040,0.221219,0.000000,0.102192
14.918235,8.455303,-3.338731,2.742687,8.658064,-3.421681,2.741869,0.219072,0.000818,8.663658,-3.424561,2.744429,0.225341,0.001742,8.661885,-3.417392,2.742687,0.221052,0.000000,0.101068
15.024127,8.446084,-3.334800,2.740069,8.658064,-3.421681,2.741869,0.229094,0.001800,8.653922,-3.420422,2.741616,0.224784,0.001547,8.652345,-3.413356,2.740069,0.220714,0.000000,0.095122
15.121510,8.436967,-3.330966,2.737455,8.639179,-3.413645,2.736638,0.218462,0.000818,8.644710,-3.416498,2.739021,0.224662,0.001566,8.642995,-3.409372,2.737455,0.220442,0.000000,0.101224
15.226027,8.425719,-3.326095,2.734129,8.639179,-3.413645,2.736638,0.230717,0.002508,8.632822,-3.411375,2.735511,0.223975,0.001382,8.631302,-3.404348,2.734129,0.219973,0.000000,0.119629
15.285435,8.414976,-3.321409,2.731040,8.616540,-3.403854,2.730222,0.217773,0.000818,8.622081,-3.406730,2.732508,0.223991,0.001468,8.620347,-3.399600,2.731040,0.219752,0.000000,0.193995
15.389804,8.405954,-3.317372,2.728656,8.616540,-3.403854,2.730222,0.227653,0.001566,8.612667,-3.402599,2.729952,0.223593,0.001296,8.611124,-3.395572,2.728656,0.219568,0.000000,0.093610
15.508658,8.393083,-3.311748,2.725350,8.594052,-3.393966,2.724532,0.217136,0.000818,8.599520,-3.396821,2.726666,0.223279,0.001316,8.597851,-3.389730,2.725350,0.219114,0.000000,0.119680
15.605343,8.381423,-3.306488,2.722537,8.594052,-3.393966,2.724532,0.229920,0.001995,8.587328,-3.391395,2.723688,0.222724,0.001151,8.585852,-3.384406,2.722537,0.218774,0.000000,0.130190
15.705141,8.370172,-3.301517,2.719413,8.570623,-3.383506,2.718596,0.216570,0.000818,8.576118,-3.386389,2.720629,0.222748,0.001216,8.574414,-3.379289,2.719413,0.218547,0.000000,0.123227
15.805213,8.358410,-3.296161,2.716599,8.570623,-3.383506,2.718596,0.229486,0.001997,8.559646,-3.378952,2.717656,0.217601,0.001057,8.558137,-3.371950,2.716599,0.213623,0.000000,0.129199
15.905250,8.317948,-3.277642,2.707347,8.497862,-3.350216,2.706529,0.194000,0.000818,8.503489,-3.353292,2.708477,0.200371,0.001130,8.501625,-3.346059,2.707347,0.196006,0.000000,0.444884
16.005467,8.235157,-3.238359,2.688755,8.395058,-3.301270,2.687937,0.171831,0.000818,8.400408,-3.304401,2.689732,0.177958,0.000978,8.398781,-3.297196,2.688755,0.173881,0.000000,0.914809
16.090232,8.132499,-3.186855,2.665969,8.288794,-3.247951,2.665152,0.167812,0.000818,8.293880,-3.251118,2.666805,0.173705,0.000836,8.292474,-3.243965,2.665969,0.169863,0.000000,1.378704
16.188056,8.038002,-3.137311,2.654653,8.190359,-3.196442,2.653835,0.163430,0.000818,8.195206,-3.199610,2.655358,0.169099,0.000706,8.193997,-3.192537,2.654653,0.165483,0.000000,1.073775
16.292542,7.930874,-3.080136,2.649292,8.080172,-3.137608,2.648474,0.159977,0.000818,8.084785,-3.140776,2.649876,0.165426,0.000584,8.083761,-3.133792,2.649292,0.162029,0.000000,1.162439
16.405120,7.806666,-3.013658,2.652149,7.952575,-3.069272,2.651331,0.156147,0.000818,7.956960,-3.072447,2.652619,0.161382,0.000471,7.956108,-3.065560,2.652149,0.158198,0.000000,1.251562
16.505918,7.684002,-2.948636,2.656731,7.820977,-2.999422,2.655913,0.146087,0.000818,7.825150,-3.002590,2.657095,0.151108,0.000364,7.824454,-2.995818,2.656731,0.148165,0.000000,1.381108
16.606264,7.539015,-2.872966,2.664844,7.664370,-2.917567,2.664026,0.133053,0.000818,7.668333,-2.920738,2.665108,0.137860,0.000264,7.667780,-2.914091,2.664844,0.135173,0.000000,1.626527
16.663219,7.355191,-2.779630,2.679949,7.456507,-2.811976,2.679131,0.106354,0.000818,7.460256,-2.815181,2.680119,0.110916,0.000170,7.459831,-2.808670,2.679949,0.108595,0.000000,3.658719
16.755047,7.242008,-2.724033,2.690200,7.333810,-2.751592,2.689383,0.095849,0.000818,7.337407,-2.754728,2.690283,0.100215,0.000083,7.337084,-2.748387,2.690200,0.098146,0.000000,1.362485
16.855145,7.011202,-2.614971,2.711583,7.085998,-2.634467,2.710765,0.077295,0.000818,7.089406,-2.637630,2.711585,0.081421,0.000002,7.089176,-2.631465,2.711583,0.079700,0.000000,2.551687
16.954118,6.745117,-2.496942,2.738295,6.793957,-2.504935,2.737478,0.049489,0.000818,6.797188,-2.508127,2.738219,0.053259,0.000076,6.797030,-2.502171,2.738295,0.052175,0.000000,2.939549
17.059193,6.479903,-2.388092,2.768726,6.541977,-2.401681,2.767909,0.063544,0.000818,6.545070,-2.404839,2.768572,0.067284,0.000154,6.544965,-2.399123,2.768726,0.065991,0.000000,2.749764
17.155156,6.258084,-2.305677,2.804598,6.361808,-2.334738,2.803781,0.107718,0.000818,6.364798,-2.337796,2.804369,0.111442,0.000229,6.364742,-2.332328,2.804598,0.109937,0.000000,2.445312
17.255661,6.095237,-2.252041,2.844359,6.256282,-2.300010,2.843541,0.168037,0.000818,6.259191,-2.302922,2.844060,0.171668,0.000298,6.259188,-2.297686,2.844359,0.170186,0.000000,1.708804
17.356128,5.984561,-2.220481,2.881807,6.188944,-2.280696,2.880989,0.213068,0.000818,6.191778,-2.283455,2.881447,0.216574,0.000360,6.191833,-2.278426,2.881807,0.215219,0.000000,1.154479
17.452616,5.895885,-2.198779,2.914516,6.096176,-2.257576,2.913698,0.208743,0.000818,6.098930,-2.260207,2.914102,0.212134,0.000414,6.099047,-2.255382,2.914516,0.210899,0.000000,0.938313
17.553801,5.798936,-2.178120,2.946678,5.993251,-2.235443,2.945861,0.202594,0.000818,5.995926,-2.237957,2.946217,0.205878,0.000462,5.996104,-2.233333,2.946678,0.204753,0.000000,0.980259
17.656776,5.679370,-2.157226,2.990241,5.862839,-2.212526,2.989423,0.191622,0.000818,5.865436,-2.214937,2.989736,0.194810,0.000506,5.865673,-2.210523,2.990241,0.193777,0.000000,1.180147
17.713732,5.528359,-2.138657,3.047887,5.693053,-2.191477,3.047070,0.172957,0.000818,5.695571,-2.193797,3.047341,0.176070,0.000546,5.695870,-2.189613,3.047887,0.175090,0.000000,2.731825
17.806165,5.424183,-2.130816,3.086635,5.575283,-2.182610,3.085817,0.159730,0.000818,5.577730,-2.184826,3.086050,0.162768,0.000585,5.578092,-2.180842,3.086635,0.161835,0.000000,1.111161
17.910159,5.201973,-2.126947,-3.119923,5.330430,-2.178334,-3.120741,0.138353,0.000818,5.332806,-2.180474,-3.120543,0.141359,0.000620,5.333236,-2.176766,-3.119923,0.140399,0.000000,2.165832
18.007170,4.939840,-2.143260,-3.036691,5.048800,-2.195949,-3.037509,0.121031,0.000818,5.051111,-2.198008,-3.037347,0.124010,0.000656,5.051621,-2.194612,-3.036691,0.123012,0.000000,2.669551
18.107323,4.686911,-2.180012,-2.956857,4.796976,-2.232661,-2.957749,0.122009,0.000892,4.799319,-2.234410,-2.957550,0.124880,0.000693,4.799923,-2.231320,-2.956857,0.124114,0.000000,2.555365
18.207485,4.477154,-2.225398,-2.902163,4.628725,-2.268881,-2.903126,0.157684,0.000963,4.631097,-2.270366,-2.902895,0.160377,0.000731,4.631801,-2.267520,-2.902163,0.160280,0.000000,2.140416
18.289804,4.330200,-2.263134,-2.879960,4.534186,-2.293064,-2.880960,0.206170,0.001000,4.536561,-2.294353,-2.880729,0.208708,0.000769,4.537360,-2.291688,-2.879960,0.209118,0.000000,1.850930
18.387340,4.249714,-2.285210,-2.872832,4.467644,-2.311146,-2.873864,0.219467,0.001031,4.470101,-2.312230,-2.873635,0.222037,0.000803,4.470995,-2.309712,-2.872832,0.222633,0.000000,0.852620
18.491256,4.200200,-2.299071,-2.866717,4.428152,-2.322189,-2.867783,0.229120,0.001066,4.430660,-2.323087,-2.867550,0.231708,0.000833,4.431648,-2.320679,-2.866717,0.232453,0.000000,0.494479
18.591846,4.142861,-2.315564,-2.860228,4.366164,-2.339889,-2.861330,0.224624,0.001102,4.368698,-2.340634,-2.861088,0.227224,0.000860,4.369789,-2.338341,-2.860228,0.228068,0.000000,0.594926
18.647208,4.073235,-2.336120,-2.850844,4.287822,-2.362888,-2.851966,0.216250,0.001121,4.290404,-2.363508,-2.851731,0.218889,0.000886,4.291605,-2.361337,-2.850844,0.219821,0.000000,1.308831
18.740555,4.031091,-2.348864,-2.844353,4.218836,-2.383750,-2.845500,0.190958,0.001147,4.221453,-2.384244,-2.845263,0.193622,0.000910,4.222765,-2.382179,-2.844353,0.194547,0.000000,0.471114
18.842230,3.907589,-2.388012,-2.826230,4.076193,-2.428713,-2.827382,0.173447,0.001152,4.078795,-2.429149,-2.827164,0.176079,0.000934,4.080242,-2.427253,-2.826230,0.177056,0.000000,1.283032
18.941898,3.746017,-2.442385,-2.808469,3.896476,-2.488909,-2.809625,0.157488,0.001155,3.899076,-2.489296,-2.809426,0.160086,0.000957,3.900674,-2.487606,-2.808469,0.161133,0.000000,1.698008
19.040370,3.557602,-2.509253,-2.792836,3.685554,-2.563504,-2.794009,0.138978,0.001173,3.688108,-2.563846,-2.793815,0.141465,0.000980,3.689875,-2.562397,-2.792836,0.142550,0.000000,2.030065
19.140258,3.314327,-2.598744,-2.786435,3.412823,-2.663325,-2.787625,0.117780,0.001191,3.415432,-2.663605,-2.787439,0.120121,0.001004,3.417394,-2.662465,-2.786435,0.121174,0.000000,2.595112
19.241877,3.040957,-2.699023,-2.796672,3.113723,-2.772132,-2.797877,0.103149,0.001205,3.116318,-2.772380,-2.797702,0.105168,0.001030,3.118493,-2.771586,-2.796672,0.106193,0.000000,2.866349
19.341473,2.727078,-2.806397,-2.830067,2.773275,-2.887629,-2.831287,0.093449,0.001220,2.775845,-2.887845,-2.831125,0.094931,0.001058,2.778244,-2.887454,-2.830067,0.095855,0.000000,3.329930
19.439647,2.402133,-2.904892,-2.866222,2.432698,-2.990091,-2.867451,0.090515,0.001228,2.435239,-2.990282,-2.867308,0.091583,0.001086,2.437853,-2.990311,-2.866222,0.092586,0.000000,3.466695
19.542412,2.068321,-2.994444,-2.893898,2.088514,-3.081763,-2.895133,0.089623,0.001236,2.090961,-3.081941,-2.895012,0.090378,0.001114,2.093782,-3.082406,-2.893898,0.091572,0.000000,3.361402
19.643342,1.759596,-3.069553,-2.912482,1.804553,-3.150383,-2.913707,0.092491,0.001225,1.806893,-3.150554,-2.913622,0.093799,0.001141,1.809895,-3.151398,-2.912482,0.096065,0.000000,3.143106
19.741473,1.504083,-3.127289,-2.926464,1.661946,-3.182359,-2.927650,0.167193,0.001186,1.664320,-3.182505,-2.927628,0.169484,0.001164,1.667457,-3.183567,-2.926464,0.172795,0.000000,2.670547
19.842266,1.303828,-3.169194,-2.945634,1.661946,-3.182359,-2.927650,0.358359,0.017984,1.662778,-3.182764,-2.946815,0.359206,0.001181,1.666010,-3.183868,-2.945634,0.362479,0.000000,2.028743
19.942358,1.160367,-3.196423,-2.962471,1.660214,-3.182642,-2.963495,0.500037,0.001024,1.663192,-3.184280,-2.962396,0.502972,0.000075,1.666010,-3.183868,-2.962471,0.505799,0.000000,1.467552
20.040375,1.071978,-3.211728,-2.974303,1.660214,-3.182642,-2.963495,0.588954,0.010808,1.663192,-3.184280,-2.962396,0.591851,0.011907,1.666010,-3.183868,-2.962471,0.594685,0.011832,0.909406
20.138527,1.042415,-3.216800,-2.977491,1.660214,-3.182642,-2.963495,0.618743,0.013997,1.663117,-3.184600,-2.976822,0.621537,0.000669,1.666010,-3.183868,-2.977491,0.624464,0.000000,0.305826
20.240330,1.042412,-3.216700,-2.977481,1.660214,-3.182642,-2.963495,0.618740,0.013986,1.663117,-3.184600,-2.976822,0.621535,0.000659,1.666010,-3.183868,-2.977491,0.624462,0.000010,0.000983
20.343549,1.014933,-3.221210,-2.979593,1.622628,-3.188790,-2.980617,0.608560,0.001024,1.625837,-3.191818,-2.977211,0.611611,0.002382,1.628431,-3.190055,-2.979593,0.614289,0.000000,0.269589
20.440150,0.960368,-3.230017,-2.984816,1.562511,-3.198391,-2.985840,0.602973,0.001024,1.625837,-3.191818,-2.977211,0.666564,0.007605,1.628431,-3.190055,-2.979593,0.669257,0.005223,0.571693
20.542510,0.878703,-3.242624,-2.992146,1.472107,-3.212248,-2.993170,0.594181,0.001024,1.475044,-3.215077,-2.990289,0.596977,0.001857,1.477933,-3.213667,-2.992146,0.599929,0.000000,0.807601
20.605512,0.763344,-3.259322,-3.002106,1.347401,-3.230260,-3.003130,0.584779,0.001024,1.475044,-3.215077,-2.990289,0.713074,0.011817,1.477933,-3.213667,-2.992146,0.716046,0.009960,1.851771
20.708408,0.663302,-3.272969,-3.009629,1.233107,-3.245749,-3.010652,0.570455,0.001024,1.235831,-3.248605,-3.008225,0.573047,0.001403,1.238968,-3.247413,-3.009629,0.576233,0.000000,0.980496
20.807523,0.487181,-3.295256,-3.021815,1.048179,-3.268957,-3.022838,0.561614,0.001024,1.050817,-3.271943,-3.020615,0.564118,0.001199,1.054064,-3.270810,-3.021815,0.567410,0.000000,1.795115
20.908550,0.322764,-3.314098,-3.032968,0.883481,-3.287677,-3.033992,0.561339,0.001024,0.886024,-3.290702,-3.031964,0.563746,0.001004,0.889385,-3.289699,-3.032968,0.567146,0.000000,1.641083
21.007729,0.149712,-3.331893,-3.045623,0.699234,-3.306401,-3.046647,0.550112,0.001024,0.701684,-3.309469,-3.044803,0.552427,0.000820,0.705157,-3.308611,-3.045623,0.555932,0.000000,1.754181
21.058600,-0.047761,-3.349306,-3.062569,0.488092,-3.324704,-3.063593,0.536418,0.001024,0.701684,-3.309469,-3.044803,0.750503,0.017766,0.705157,-3.308611,-3.045623,0.754017,0.016946,3.864946
21.159521,-0.150287,-3.356723,-3.076997,0.385048,-3.332011,-3.078021,0.535905,0.001024,0.387302,-3.334978,-3.076512,0.538029,0.000485,0.390998,-3.334542,-3.076997,0.541739,0.000000,1.020355
21.259973,-0.347179,-3.366715,-3.106412,0.191698,-3.341466,-3.107436,0.539468,0.001024,0.193857,-3.344414,-3.106074,0.541495,0.000338,0.197657,-3.344196,-3.106412,0.545301,0.000000,1.960637
21.359613,-0.500271,-3.369217,3.138691,0.053286,-3.343559,3.137667,0.554152,0.001024,0.055346,-3.346395,3.138890,0.556086,0.000200,0.059248,-3.346430,3.138691,0.559983,0.000000,1.535228
21.460030,-0.622601,-3.366612,3.104713,-0.069922,-3.340981,3.103690,0.553273,0.001024,0.055346,-3.346395,3.138890,0.678248,0.034177,0.059248,-3.346430,3.138691,0.682147,0.033977,1.218576
21.509373,-0.725809,-3.361044,3.073981,-0.172784,-3.335497,3.072957,0.553615,0.001024,0.055252,-3.346131,3.138763,0.781203,0.064783,-0.063963,-3.343979,3.104713,0.662066,0.030733,2.094111
21.609166,-0.779057,-3.356807,3.054068,-0.227373,-3.331198,3.053044,0.552278,0.001024,-0.225586,-3.333587,3.053924,0.553958,0.000144,-0.221424,-3.334356,3.054068,0.558085,0.000000,0.536525
21.714337,-0.884346,-3.345098,3.010264,-0.337796,-3.318952,3.009240,0.547176,0.001024,-0.225586,-3.333587,3.053924,0.658861,0.043660,-0.221424,-3.334356,3.054068,0.663010,0.043804,1.005512
21.826135,-1.007990,-3.325024,2.954672,-0.465097,-3.298388,2.953648,0.543546,0.001024,-0.463476,-3.300576,2.954355,0.545063,0.000316,-0.459181,-3.301790,2.954672,0.549300,0.000000,1.120383
21.926267,-1.109475,-3.303198,2.908379,-0.569583,-3.275999,2.907356,0.540577,0.001024,-0.568039,-3.278080,2.907987,0.542019,0.000393,-0.563690,-3.279508,2.908379,0.546299,0.000000,1.036635
22.026083,-1.212222,-3.275906,2.860456,-0.676041,-3.247884,2.859432,0.536913,0.001024,-0.674570,-3.249866,2.859994,0.538282,0.000462,-0.670176,-3.251502,2.860456,0.542595,0.000000,1.065725
22.125568,-1.315736,-3.242935,2.809162,-0.783519,-3.213715,2.808138,0.533018,0.001024,-0.674570,-3.249866,2.859994,0.641203,0.050833,-0.670176,-3.251502,2.860456,0.645616,0.051294,1.092559
22.192619,-1.418218,-3.204231,2.755400,-0.890063,-3.173571,2.754376,0.529045,0.001024,-0.888729,-3.175369,2.754820,0.530275,0.000580,-0.884274,-3.177408,2.755400,0.534617,0.000000,1.631846
22.277916,-1.488641,-3.173888,2.716293,-0.962015,-3.142575,2.715270,0.527556,0.001024,-0.888729,-3.175369,2.754820,0.599913,0.038527,-0.884274,-3.177408,2.755400,0.604377,0.039106,0.901990
22.377204,-1.573083,-3.132853,2.666909,-1.049035,-3.100430,2.665886,0.525051,0.001024,-1.047814,-3.102045,2.666236,0.526172,0.000674,-1.043321,-3.104430,2.666909,0.530524,0.000000,0.944583
22.440974,-1.665632,-3.081552,2.609279,-1.144566,-3.047679,2.608255,0.522166,0.001024,-1.143401,-3.049217,2.608566,0.523231,0.000713,-1.138906,-3.051777,2.609279,0.527566,0.000000,1.663633
22.544103,-1.726361,-3.044021,2.570649,-1.207381,-3.008937,2.569625,0.520165,0.001024,-1.143401,-3.049217,2.608566,0.582984,0.037917,-1.138906,-3.051777,2.609279,0.587506,0.038630,0.689538
22.644296,-1.813150,-2.984446,2.513222,-1.296670,-2.947762,2.512198,0.517782,0.001024,-1.295599,-2.949152,2.512443,0.518753,0.000779,-1.291112,-2.952016,2.513222,0.523044,0.000000,1.050652
22.742354,-1.890240,-2.924687,2.456755,-1.375304,-2.887031,2.455731,0.516311,0.001024,-1.374279,-2.888355,2.455949,0.517238,0.000806,-1.369809,-2.891365,2.456755,0.521497,0.000000,0.995833
22.845974,-1.959645,-2.864301,2.400166,-1.446876,-2.824994,2.399143,0.514273,0.001024,-1.445893,-2.826254,2.399335,0.515159,0.000831,-1.441445,-2.829402,2.400166,0.519375,0.000000,0.898573
22.941914,-2.025570,-2.799811,2.341070,-1.515313,-2.758368,2.340046,0.511937,0.001024,-1.514369,-2.759568,2.340217,0.512782,0.000853,-1.509949,-2.762845,2.341070,0.516944,0.000000,0.950175
23.042501,-2.086881,-2.732285,2.281260,-1.579267,-2.688234,2.280237,0.509522,0.001024,-1.578361,-2.689378,2.280388,0.510327,0.000872,-1.573975,-2.692777,2.281260,0.514426,0.000000,0.907016
23.147455,-2.146279,-2.658399,2.219244,-1.641126,-2.611492,2.218220,0.507326,0.001024,-1.640257,-2.612583,2.218355,0.508092,0.000889,-1.635913,-2.616099,2.219244,0.512116,0.000000,0.917651
23.249968,-2.204439,-2.575573,2.152754,-1.701795,-2.525457,2.151730,0.505136,0.001024,-1.700960,-2.526498,2.151850,0.505865,0.000903,-1.696670,-2.530125,2.152754,0.509799,0.000000,0.984691
23.313348,-2.255314,-2.492132,2.089207,-1.754737,-2.438943,2.088183,0.503395,0.001024,-1.753936,-2.439937,2.088291,0.504088,0.000916,-1.749701,-2.443665,2.089207,0.507931,0.000000,1.511820
23.416757,-2.287909,-2.431564,2.044181,-1.788523,-2.376338,2.043157,0.502430,0.001024,-1.787750,-2.377287,2.043254,0.503095,0.000927,-1.783550,-2.381096,2.044181,0.506878,0.000000,0.670356
23.498608,-2.331472,-2.338205,1.976347,-1.833886,-2.279591,1.975323,0.501027,0.001024,-1.833144,-2.280499,1.975411,0.501658,0.000936,-1.829012,-2.284395,1.976347,0.505333,0.000000,1.249371
23.559752,-2.360013,-2.265812,1.922947,-1.863259,-2.205584,1.921923,0.500392,0.001024,-1.862545,-2.206452,1.922003,0.500997,0.000944,-1.858461,-2.210418,1.922947,0.504601,0.000000,1.294652
23.666581,-2.381383,-2.202513,1.877638,-1.885540,-2.140209,1.876614,0.499742,0.001024,-1.884851,-2.141040,1.876687,0.500322,0.000950,-1.880809,-2.145065,1.877638,0.503859,0.000000,0.617257
23.779833,-2.409271,-2.101289,1.805898,-1.913956,-2.037511,1.804874,0.499403,0.001024,-1.913295,-2.038309,1.804942,0.499958,0.000956,-1.909331,-2.042397,1.805898,0.503397,0.000000,0.929814
23.831663,-2.422656,-2.037355,1.758506,-1.927535,-1.973924,1.757482,0.499167,0.001024,-1.926898,-1.974688,1.757546,0.499703,0.000960,-1.922974,-1.978823,1.758506,0.503098,0.000000,1.264099
23.929176,-2.428468,-2.003011,1.733649,-1.933608,-1.939429,1.732626,0.498928,0.001024,-1.932993,-1.940162,1.732686,0.499446,0.000964,-1.929082,-1.944335,1.733649,0.502821,0.000000,0.354783
24.027175,-2.436444,-1.946121,1.691989,-1.941622,-1.882969,1.690966,0.498836,0.001024,-1.941029,-1.883673,1.691022,0.499335,0.000967,-1.937154,-1.887883,1.691989,0.502675,0.000000,0.586143
24.127237,-2.439440,-1.915696,1.664988,-1.944626,-1.854906,1.663964,0.498533,0.001024,-1.944054,-1.855582,1.664018,0.499019,0.000970,-1.940188,-1.859823,1.664988,0.502369,0.000000,0.305706
24.227242,-2.441912,-1.882654,1.634370,-1.947358,-1.819891,1.633347,0.498521,0.001024,-1.946806,-1.820540,1.633397,0.498987,0.000973,-1.942955,-1.824811,1.634370,0.502299,0.000000,0.331279
24.327277,-2.443626,-1.837985,1.592756,-1.949339,-1.772473,1.591732,0.498610,0.001024,-1.948807,-1.773097,1.591780,0.499055,0.000975,-1.944984,-1.777395,1.592756,0.502309,0.000000,0.447221
24.431855,-2.443158,-1.782448,1.537936,-1.948953,-1.712880,1.536912,0.499078,0.001024,-1.948442,-1.713480,1.536958,0.499501,0.000977,-1.944659,-1.717802,1.537936,0.502673,0.000000,0.531928
24.544145,-2.436799,-1.699325,1.459617,-1.942465,-1.624219,1.458593,0.500007,0.001024,-1.941975,-1.624796,1.458638,0.500405,0.000979,-1.938263,-1.629135,1.459617,0.503454,0.000000,0.740648
24.646213,-2.424399,-1.617525,1.386506,-1.929538,-1.537962,1.385482,0.501216,0.001024,-1.929069,-1.538516,1.385525,0.501592,0.000981,-1.925424,-1.542864,1.386506,0.504530,0.000000,0.810463
24.744239,-2.403734,-1.527579,1.310876,-1.908033,-1.443185,1.309853,0.502834,0.001024,-1.907584,-1.443718,1.309895,0.503187,0.000982,-1.904015,-1.448066,1.310876,0.506005,0.000000,0.941341
24.846990,-2.374120,-1.432367,1.233405,-1.876925,-1.342508,1.232382,0.505250,0.001024,-1.876496,-1.343019,1.232423,0.505582,0.000982,-1.873011,-1.347356,1.233405,0.508269,0.000000,0.978575
24.904218,-2.332367,-1.328094,1.151490,-1.832821,-1.231883,1.150466,0.508728,0.001024,-1.832412,-1.232373,1.150507,0.509037,0.000982,-1.829019,-1.236686,1.151490,0.511581,0.000000,1.951408
25.012270,-2.295307,-1.251372,1.092621,-1.792714,-1.148807,1.091597,0.512951,0.001024,-1.792324,-1.149278,1.091639,0.513239,0.000982,-1.788998,-1.153570,1.092621,0.515668,0.000000,0.784982
25.112643,-2.225125,-1.130656,0.998785,-1.717947,-1.020056,0.997761,0.519098,0.001024,-1.717576,-1.020506,0.997803,0.519364,0.000981,-1.714362,-1.024741,0.998785,0.521629,0.000000,1.394904
25.212699,-2.132468,-1.001977,0.895278,-1.618161,-0.881688,0.894255,0.528186,0.001024,-1.617812,-0.882118,0.894298,0.528429,0.000980,-1.614719,-0.886272,0.895278,0.530520,0.000000,1.583027
25.297457,-2.014398,-0.869949,0.786510,-1.491106,-0.739978,0.785486,0.539191,0.001024,-1.490777,-0.740386,0.785531,0.539412,0.000979,-1.487809,-0.744432,0.786510,0.541342,0.000000,2.087224
25.396379,-1.891613,-0.758791,0.684492,-1.358199,-0.619962,0.683468,0.551184,0.001024,-1.357890,-0.620348,0.683515,0.551386,0.000977,-1.355025,-0.624280,0.684492,0.553191,0.000000,1.672874
25.496406,-1.715792,-0.631067,0.571087,-1.168568,-0.482636,0.570063,0.566997,0.001024,-1.168280,-0.482998,0.570112,0.567181,0.000975,-1.165535,-0.486760,0.571087,0.568865,0.000000,2.172624
25.597722,-1.537231,-0.528474,0.474289,-0.991069,-0.380614,0.473266,0.565823,0.001024,-0.990799,-0.380952,0.473317,0.565995,0.000973,-0.988140,-0.384556,0.474289,0.567638,0.000000,2.037740
25.697564,-1.369550,-0.450510,0.399344,-0.826221,-0.303853,0.398321,0.562774,0.001024,-0.825968,-0.304167,0.398374,0.562937,0.000971,-0.823371,-0.307626,0.399344,0.564560,0.000000,1.848759
25.796580,-1.236323,-0.398471,0.348658,-0.706228,-0.256900,0.347635,0.548673,0.001024,-0.705990,-0.257194,0.347690,0.548827,0.000969,-0.703426,-0.260551,0.348658,0.550455,0.000000,1.443160
25.900981,-1.149157,-0.368796,0.316676,-0.627021,-0.229624,0.315653,0.540365,0.001024,-0.626796,-0.229901,0.315709,0.540512,0.000967,-0.624247,-0.233194,0.316676,0.542143,0.000000,0.883925
25.996616,-1.086602,-0.349349,0.293179,-0.564700,-0.210079,0.292155,0.540164,0.001024,-0.564487,-0.210340,0.292212,0.540303,0.000967,-0.561946,-0.213585,0.293179,0.541937,0.000000,0.683369
26.096863,-1.024299,-0.331509,0.272315,-0.499780,-0.191290,0.271291,0.542938,0.001024,-0.499578,-0.191536,0.271348,0.543070,0.000967,-0.497045,-0.194729,0.272315,0.544707,0.000000,0.647848
26.198107,-0.964837,-0.315755,0.249885,-0.439518,-0.175254,0.248861,0.543783,0.001024,-0.439326,-0.175487,0.248918,0.543909,0.000967,-0.436799,-0.178632,0.249885,0.545551,0.000000,0.608300
26.298324,-0.911392,-0.302878,0.229321,-0.382857,-0.161474,0.228298,0.547124,0.001024,-0.382674,-0.161694,0.228354,0.547244,0.000968,-0.380152,-0.164793,0.229321,0.548893,0.000000,0.548439
26.400805,-0.835443,-0.286438,0.199252,-0.300411,-0.143619,0.198229,0.553765,0.001024,-0.300237,-0.143826,0.198283,0.553880,0.000969,-0.297725,-0.146855,0.199252,0.555539,0.000000,0.756084
26.512767,-0.730447,-0.267743,0.157016,-0.191536,-0.124132,0.155992,0.557718,0.001024,-0.191370,-0.124325,0.156045,0.557828,0.000970,-0.188870,-0.127256,0.157016,0.559502,0.000000,0.953069
26.618161,-0.639577,-0.255166,0.122644,-0.098020,-0.111068,0.121621,0.560400,0.001024,-0.097862,-0.111248,0.121672,0.560507,0.000972,-0.095368,-0.114096,0.122644,0.562197,0.000000,0.869988
26.731791,-0.527673,-0.243472,0.088583,0.023947,-0.098264,0.087559,0.570412,0.001024,0.024098,-0.098431,0.087609,0.570516,0.000973,0.026587,-0.101168,0.088583,0.572236,0.000000,0.990494
26.831762,-0.395095,-0.233970,0.055127,0.171052,-0.087979,0.054014,0.584667,0.001113,0.171426,-0.087964,0.054153,0.585033,0.000975,0.173911,-0.090563,0.055127,0.586799,0.000000,1.329147
26.933142,-0.248400,-0.228255,0.024709,0.171052,-0.087979,0.054014,0.442286,0.029305,0.326595,-0.081925,0.023725,0.593322,0.000984,0.329087,-0.084366,0.024709,0.595142,0.000000,1.448402
27.034532,-0.064376,-0.226344,-0.004653,0.532491,-0.080320,-0.005839,0.614470,0.001186,0.529666,-0.077556,-0.003153,0.612392,0.001500,0.535387,-0.082297,-0.004653,0.616819,0.000000,1.818397
27.146195,0.184646,-0.230225,-0.023740,0.797384,-0.084647,-0.024982,0.629795,0.001242,0.794736,-0.081321,-0.022485,0.627999,0.001255,0.800276,-0.086058,-0.023740,0.632286,0.000000,2.225915
27.252959,0.404115,-0.236176,-0.028119,1.024835,-0.091112,-0.029397,0.637446,0.001278,1.022350,-0.087381,-0.027107,0.635889,0.001012,1.027724,-0.091956,-0.028119,0.640068,0.000000,2.057749
27.349081,0.630861,-0.241212,-0.015351,1.260977,-0.096547,-0.016629,0.646509,0.001278,1.258649,-0.092752,-0.014573,0.645103,0.000778,1.263872,-0.097090,-0.015351,0.649210,0.000000,2.361495
27.449878,0.882949,-0.243903,-0.006051,1.537125,-0.099855,-0.007329,0.669847,0.001278,1.534935,-0.095980,-0.005490,0.668555,0.000561,1.540024,-0.100045,-0.006051,0.672638,0.000000,2.496792
27.502195,1.165818,-0.245488,-0.005467,1.844315,-0.102312,-0.006755,0.693438,0.001288,1.842290,-0.098082,-0.005111,0.692346,0.000356,1.847260,-0.101815,-0.005467,0.696422,0.000000,5.550129
27.601692,1.327819,-0.246526,-0.007754,2.024588,-0.104014,-0.009060,0.711194,0.001305,2.022758,-0.099724,-0.007594,0.710275,0.000160,2.027619,-0.103007,-0.007754,0.714365,0.000000,1.612585
27.700960,1.662445,-0.249290,-0.008911,2.381772,-0.107719,-0.010239,0.733126,0.001329,2.380106,-0.103171,-0.008931,0.732386,0.000021,2.384872,-0.105984,-0.008911,0.736504,0.000000,3.359641
27.763187,2.010188,-0.252468,-0.009815,2.744883,-0.111832,-0.011192,0.748034,0.001377,2.743369,-0.107150,-0.010016,0.747443,0.000201,2.748049,-0.109384,-0.009815,0.751606,0.000000,5.594716
27.867477,2.238760,-0.254950,-0.012153,2.982399,-0.115003,-0.013578,0.756693,0.001425,2.981015,-0.110386,-0.012530,0.756201,0.000377,2.985620,-0.111994,-0.012153,0.760418,0.000000,2.199809
27.928466,2.574944,-0.259669,-0.017976,3.331492,-0.120982,-0.019488,0.769155,0.001512,3.330217,-0.116353,-0.018515,0.768749,0.000540,3.334756,-0.117254,-0.017976,0.773044,0.000000,5.542857
28.035287,2.817613,-0.265237,-0.029338,3.583546,-0.127559,-0.030958,0.778209,0.001620,3.582395,-0.123029,-0.030037,0.777891,0.000699,3.586878,-0.123219,-0.029338,0.782265,0.000000,2.256604
28.135020,3.174459,-0.278553,-0.045768,3.954090,-0.142339,-0.047512,0.791442,0.001743,3.953055,-0.137788,-0.046618,0.791219,0.000850,3.957498,-0.137144,-0.045768,0.795706,0.000000,3.602621
28.234013,3.506971,-0.294484,-0.049879,4.299492,-0.159474,-0.051622,0.803939,0.001743,4.298515,-0.155209,-0.050880,0.803704,0.001002,4.302929,-0.153676,-0.049879,0.808317,0.000000,3.342934
28.338120,3.856637,-0.312013,-0.049276,4.662496,-0.178120,-0.051019,0.816906,0.001743,4.661569,-0.174147,-0.050415,0.816653,0.001139,4.665965,-0.171689,-0.049276,0.821403,0.000000,3.363635
28.453282,4.256646,-0.330261,-0.042504,5.076028,-0.197832,-0.044247,0.830014,0.001743,5.075145,-0.194141,-0.043766,0.829740,0.001262,5.079531,-0.190681,-0.042504,0.834638,0.000000,3.491471
28.554943,4.599936,-0.345276,-0.046056,5.429174,-0.214097,-0.047800,0.839550,0.001743,5.428327,-0.210732,-0.047430,0.839246,0.001374,5.432705,-0.206330,-0.046056,0.844281,0.000000,3.362555
28.667978,4.986104,-0.365732,-0.060274,5.825308,-0.235870,-0.062018,0.849192,0.001743,5.824495,-0.232811,-0.061745,0.848862,0.001471,5.828876,-0.227412,-0.060274,0.854047,0.000000,3.422169
28.792163,5.366290,-0.390266,-0.067693,6.215476,-0.261551,-0.069436,0.858886,0.001743,6.214693,-0.258797,-0.069248,0.858529,0.001555,6.219089,-0.252414,-0.067693,0.863868,0.000000,3.066063
28.902081,5.737691,-0.415459,-0.067685,6.597573,-0.288124,-0.069428,0.869259,0.001743,6.596816,-0.285665,-0.069313,0.868874,0.001628,6.601231,-0.278320,-0.067685,0.874362,0.000000,3.391855
29.002607,6.052452,-0.436715,-0.067968,6.923563,-0.310840,-0.069711,0.880159,0.001743,6.922830,-0.308663,-0.069658,0.879747,0.001690,6.927260,-0.300468,-0.067968,0.885355,0.000000,3.148101
29.103129,6.366748,-0.459185,-0.075436,7.249659,-0.334833,-0.077179,0.891624,0.001743,7.248946,-0.332912,-0.077176,0.891189,0.001740,7.253397,-0.323892,-0.075436,0.896911,0.000000,3.153598
29.202211,6.681936,-0.484730,-0.087124,7.577480,-0.362112,-0.088868,0.903900,0.001743,7.576787,-0.360423,-0.088905,0.903444,0.001781,7.581266,-0.350600,-0.087124,0.909277,0.000000,3.166166
29.317956,7.050520,-0.519609,-0.102290,7.954593,-0.398598,-0.104033,0.912136,0.001743,7.953918,-0.397122,-0.104103,0.911664,0.001813,7.958442,-0.386429,-0.102290,0.917637,0.000000,3.195020
29.418106,7.337872,-0.551176,-0.117021,8.236597,-0.430144,-0.118764,0.906838,0.001743,8.235939,-0.428855,-0.118860,0.906359,0.001839,8.240500,-0.417483,-0.117021,0.912475,0.000000,2.891452
29.519774,7.603975,-0.584767,-0.135491,8.499349,-0.463961,-0.137235,0.903487,0.001743,8.498707,-0.462834,-0.137350,0.903002,0.001859,8.503310,-0.450841,-0.135491,0.909253,0.000000,2.640812
29.619391,7.828246,-0.617889,-0.158794,8.664538,-0.488738,-0.160537,0.846206,0.001743,8.663913,-0.487742,-0.160667,0.845741,0.001873,8.668542,-0.475331,-0.158794,0.852304,0.000000,2.271334
29.724441,7.992745,-0.646065,-0.181979,8.766798,-0.506516,-0.183723,0.786532,0.001743,8.766191,-0.505623,-0.183862,0.786093,0.001882,8.770834,-0.492931,-0.181979,0.793015,0.000000,1.593018
29.835457,8.106446,-0.668232,-0.199959,8.859477,-0.524601,-0.201702,0.766607,0.001743,8.858887,-0.523793,-0.201846,0.766179,0.001887,8.863544,-0.510854,-0.199959,0.773282,0.000000,1.038768
29.937371,8.178424,-0.683423,-0.213601,8.933609,-0.540287,-0.215344,0.768630,0.001743,8.933037,-0.539550,-0.215490,0.768206,0.001889,8.937703,-0.526411,-0.213601,0.775344,0.000000,0.726087
30.053533,8.268967,-0.703970,-0.231358,9.029038,-0.562051,-0.233101,0.773207,0.001743,9.028482,-0.561378,-0.233247,0.772785,0.001889,9.033169,-0.548008,-0.231358,0.779955,0.000000,0.797447
30.153286,8.364805,-0.727662,-0.252057,9.130825,-0.587332,-0.253800,0.778768,0.001743,9.130285,-0.586717,-0.253944,0.778348,0.001886,9.135000,-0.573112,-0.252057,0.785549,0.000000,0.989753
30.254418,8.480075,-0.758987,-0.277872,9.253417,-0.620826,-0.279616,0.785586,0.001743,9.252892,-0.620266,-0.279756,0.785168,0.001883,9.257651,-0.606393,-0.277872,0.792407,0.000000,1.193719
30.352073,8.611298,-0.798647,-0.307646,9.391641,-0.662753,-0.309389,0.792087,0.001743,9.391129,-0.662243,-0.309525,0.791671,0.001879,9.395947,-0.648078,-0.307646,0.798965,0.000000,1.384345
30.453916,8.750432,-0.845377,-0.339391,9.536463,-0.711593,-0.341135,0.797335,0.001743,9.535964,-0.711130,-0.341266,0.796921,0.001875,9.540855,-0.696665,-0.339391,0.804291,0.000000,1.441350
30.566110,8.908337,-0.904460,-0.376417,9.696880,-0.771910,-0.378161,0.799606,0.001743,9.696392,-0.771490,-0.378287,0.799194,0.001870,9.701377,-0.756702,-0.376417,0.806687,0.000000,1.503841
30.672554,8.996700,-0.272589,0.023582,9.809610,-0.817605,-0.393899,0.978706,0.417480,9.809288,-0.817404,-0.394041,0.978327,0.417623,9.814340,-0.802385,-0.392176,0.974279,0.415758,6.064104
30.769871,9.077706,-0.271608,0.001691,9.912270,-0.838091,-0.000031,1.008662,0.001722,9.911959,-0.837907,-0.000165,1.008302,0.001856,9.917035,-0.822695,0.001691,1.004077,0.000000,0.820983
30.870762,9.169986,-0.272995,-0.027305,10.004118,-0.839425,-0.029028,1.008275,0.001722,10.003820,-0.839257,-0.029153,1.007933,0.001847,10.008886,-0.823871,-0.027305,1.003601,0.000000,0.914284
32.472791,1.171333,-0.062873,0.001014,1.171333,-0.062873,0.001014,0.000000,0.000000,1.171333,-0.062873,0.001014,0.000000,0.000000,1.171333,-0.062873,0.001014,0.000000,0.000000,0.000000
32.573856,1.171333,-0.062873,0.001014,1.171333,-0.062873,0.001014,0.000000,0.000000,1.171333,-0.062873,0.001014,0.000000,0.000000,1.171333,-0.062873,0.001014,0.000000,0.000000,0.000000
32.678141,1.171333,-0.062873,0.001010,1.171333,-0.062873,0.001014,0.000000,0.000004,1.171333,-0.062873,0.001010,0.000000,0.000000,1.171333,-0.062873,0.001010,0.000000,0.000000,0.000000
32.757535,1.171233,-0.062873,0.001010,1.171333,-0.062873,0.001014,0.000100,0.000004,1.171333,-0.062873,0.001011,0.000100,0.000001,1.171333,-0.062873,0.001010,0.000100,0.000000,0.001283
32.857973,1.171233,-0.062873,0.001010,1.171333,-0.062873,0.001014,0.000100,0.000004,1.171333,-0.062873,0.001011,0.000100,0.000002,1.171333,-0.062873,0.001010,0.000100,0.000000,0.000000
32.960511,1.171233,-0.062873,0.001010,1.171333,-0.062873,0.001014,0.000100,0.000004,1.171333,-0.062873,0.001012,0.000100,0.000002,1.171333,-0.062873,0.001010,0.000100,0.000000,0.000000
33.054381,1.171233,-0.062873,0.001010,1.171333,-0.062873,0.001014,0.000100,0.000004,1.171333,-0.062873,0.001012,0.000100,0.000003,1.171333,-0.062873,0.001010,0.000100,0.000000,0.000000
33.160083,1.171233,-0.062873,0.001010,1.171333,-0.062873,0.001014,0.000100,0.000004,1.171333,-0.062873,0.001012,0.000100,0.000003,1.171333,-0.062873,0.001010,0.000100,0.000000,0.000000
33.254948,1.171233,-0.062873,0.001010,1.171333,-0.062873,0.001014,0.000100,0.000004,1.171333,-0.062873,0.001013,0.000100,0.000003,1.171333,-0.062873,0.001010,0.000100,0.000000,0.000000
33.360015,1.171233,-0.062873,0.001010,1.171333,-0.062873,0.001014,0.000100,0.000004,1.171333,-0.062873,0.001013,0.000100,0.000003,1.171333,-0.062873,0.001010,0.000100,0.000000,0.000000
33.472402,1.171233,-0.062873,0.001010,1.171333,-0.062873,0.001014,0.000100,0.000004,1.171333,-0.062873,0.001013,0.000100,0.000003,1.171333,-0.062873,0.001010,0.000100,0.000000,0.000000
33.530499,1.171233,-0.062873,0.001010,1.171333,-0.062873,0.001014,0.000100,0.000004,1.171333,-0.062873,0.001013,0.000100,0.000003,1.171333,-0.062873,0.001010,0.000100,0.000000,0.000000
33.645911,1.171233,-0.062873,0.001010,1.171333,-0.062873,0.001014,0.000100,0.000004,1.171333,-0.062873,0.001013,0.000100,0.000004,1.171333,-0.062873,0.001010,0.000100,0.000000,0.000000
33.758636,1.171233,-0.062873,0.001010,1.171333,-0.062873,0.001014,0.000100,0.000004,1.171333,-0.062873,0.001013,0.000100,0.000004,1.171333,-0.062873,0.001010,0.000100,0.000000,0.000000
33.867333,1.171233,-0.062873,0.001010,1.171333,-0.062873,0.001014,0.000100,0.000004,1.171333,-0.062873,0.001013,0.000100,0.000004,1.171333,-0.062873,0.001010,0.000100,0.000000,0.000000
33.924711,1.171233,-0.062873,0.001010,1.171333,-0.062873,0.001014,0.000100,0.000004,1.171333,-0.062873,0.001013,0.000100,0.000004,1.171333,-0.062873,0.001010,0.000100,0.000000,0.000000
34.025250,1.171233,-0.062873,0.001010,1.171333,-0.062873,0.001014,0.000100,0.000004,1.171333,-0.062873,0.001013,0.000100,0.000004,1.171333,-0.062873,0.001010,0.000100,0.000000,0.000000
34.122664,1.171233,-0.062873,0.001010,1.171333,-0.062873,0.001014,0.000100,0.000004,1.171333,-0.062873,0.001014,0.000100,0.000004,1.171333,-0.062873,0.001010,0.000100,0.000000,0.000000
34.222696,1.171233,-0.062873,0.001010,1.171333,-0.062873,0.001014,0.000100,0.000004,1.171333,-0.062873,0.001014,0.000100,0.000004,1.171333,-0.062873,0.001010,0.000100,0.000000,0.000000
34.330148,1.171233,-0.062873,0.001010,1.171333,-0.062873,0.001014,0.000100,0.000004,1.171333,-0.062873,0.001014,0.000100,0.000004,1.171333,-0.062873,0.001010,0.000100,0.000000,0.000000
34.429764,1.171233,-0.062873,0.001010,1.171333,-0.062873,0.001014,0.000100,0.000004,1.171333,-0.062873,0.001014,0.000100,0.000004,1.171333,-0.062873,0.001010,0.000100,0.000000,0.000000
34.522206,1.171233,-0.062873,0.001010,1.171333,-0.062873,0.001014,0.000100,0.000004,1.171333,-0.062873,0.001014,0.000100,0.000004,1.171333,-0.062873,0.001010,0.000100,0.000000,0.000000
34.623176,1.171233,-0.062873,0.001010,1.171333,-0.062873,0.001014,0.000100,0.000004,1.171333,-0.062873,0.001014,0.000100,0.000004,1.171333,-0.062873,0.001010,0.000100,0.000000,0.000000
34.729303,1.171233,-0.062873,0.001010,1.171333,-0.062873,0.001014,0.000100,0.000004,1.171333,-0.062873,0.001014,0.000100,0.000004,1.171333,-0.062873,0.001010,0.000100,0.000000,0.000000
34.839028,1.171233,-0.062873,0.001010,1.171333,-0.062873,0.001014,0.000100,0.000004,1.171333,-0.062873,0.001014,0.000100,0.000004,1.171333,-0.062873,0.001010,0.000100,0.000000,0.000000
34.942663,1.171233,-0.062773,0.001010,1.171333,-0.062873,0.001014,0.000141,0.000004,1.171333,-0.062873,0.001014,0.000141,0.000004,1.171333,-0.062873,0.001010,0.000141,0.000000,0.000966
35.039078,1.171233,-0.062773,0.001010,1.171333,-0.062873,0.001014,0.000141,0.000004,1.171333,-0.062873,0.001014,0.000141,0.000004,1.171333,-0.062873,0.001010,0.000141,0.000000,0.000000
35.140098,1.171233,-0.062773,0.001010,1.171333,-0.062873,0.001014,0.000141,0.000004,1.171333,-0.062873,0.001014,0.000141,0.000004,1.171333,-0.062873,0.001010,0.000141,0.000000,0.000000
35.240855,1.171233,-0.062773,0.001010,1.171333,-0.062873,0.001014,0.000141,0.000004,1.171333,-0.062873,0.001014,0.000141,0.000004,1.171333,-0.062873,0.001010,0.000141,0.000000,0.000000
35.338863,1.171233,-0.062773,0.001010,1.171333,-0.062873,0.001014,0.000141,0.000004,1.171333,-0.062873,0.001014,0.000141,0.000004,1.171333,-0.062873,0.001010,0.000141,0.000000,0.000000
35.442247,1.171233,-0.062773,0.001010,1.171333,-0.062873,0.001014,0.000141,0.000004,1.171333,-0.062873,0.001014,0.000141,0.000004,1.171333,-0.062873,0.001010,0.000141,0.000000,0.000000
35.557130,1.171233,-0.062773,0.001010,1.171333,-0.062873,0.001014,0.000141,0.000004,1.171333,-0.062873,0.001014,0.000141,0.000004,1.171333,-0.062873,0.001010,0.000141,0.000000,0.000000
35.663704,1.171233,-0.062773,0.001010,1.171333,-0.062873,0.001014,0.000141,0.000004,1.171333,-0.062873,0.001014,0.000141,0.000004,1.171333,-0.062873,0.001010,0.000141,0.000000,0.000000
35.722623,1.171233,-0.062773,0.001010,1.171333,-0.062873,0.001014,0.000141,0.000004,1.171333,-0.062873,0.001014,0.000141,0.000004,1.171333,-0.062873,0.001010,0.000141,0.000000,0.000000
35.824705,1.171233,-0.062773,0.001010,1.171333,-0.062873,0.001014,0.000141,0.000004,1.171333,-0.062873,0.001014,0.000141,0.000004,1.171333,-0.062873,0.001010,0.000141,0.000000,0.000000
35.927126,1.171233,-0.062773,0.001010,1.171333,-0.062873,0.001014,0.000141,0.000004,1.171333,-0.062873,0.001014,0.000141,0.000004,1.171333,-0.062873,0.001010,0.000141,0.000000,0.000000
36.023731,1.171233,-0.062773,0.001010,1.171333,-0.062873,0.001014,0.000141,0.000004,1.171333,-0.062873,0.001014,0.000141,0.000004,1.171333,-0.062873,0.001010,0.000141,0.000000,0.000000
36.124343,1.171233,-0.062773,0.001010,1.171333,-0.062873,0.001014,0.000141,0.000004,1.171333,-0.062873,0.001014,0.000141,0.000004,1.171333,-0.062873,0.001010,0.000141,0.000000,0.000000
36.224380,1.171233,-0.062773,0.001010,1.171333,-0.062873,0.001014,0.000141,0.000004,1.171333,-0.062873,0.001014,0.000141,0.000004,1.171333,-0.062873,0.001010,0.000141,0.000000,0.000000
36.326985,1.171233,-0.062773,0.001010,1.171333,-0.062873,0.001014,0.000141,0.000004,1.171333,-0.062873,0.001014,0.000141,0.000004,1.171333,-0.062873,0.001010,0.000141,0.000000,0.000000
36.404873,1.171233,-0.062773,0.001010,1.171333,-0.062873,0.001014,0.000141,0.000004,1.171333,-0.062873,0.001014,0.000141,0.000004,1.171333,-0.062873,0.001010,0.000141,0.000000,0.000000
36.507182,1.171233,-0.062773,0.001010,1.171333,-0.062873,0.001014,0.000141,0.000004,1.171333,-0.062873,0.001014,0.000141,0.000004,1.171333,-0.062873,0.001010,0.000141,0.000000,0.000000
36.609231,1.171233,-0.062773,0.001010,1.171333,-0.062873,0.001014,0.000141,0.000004,1.171333,-0.062873,0.001014,0.000141,0.000004,1.171333,-0.062873,0.001010,0.000141,0.000000,0.000000
36.725013,1.171233,-0.062773,0.001010,1.171333,-0.062873,0.001014,0.000141,0.000004,1.171333,-0.062873,0.001014,0.000141,0.000004,1.171333,-0.062873,0.001010,0.000141,0.000000,0.000000
36.824702,1.171233,-0.062773,0.001010,1.171333,-0.062873,0.001014,0.000141,0.000004,1.171333,-0.062873,0.001014,0.000141,0.000004,1.171333,-0.062873,0.001010,0.000141,0.000000,0.000000
36.923026,1.171233,-0.062773,0.001010,1.171333,-0.062873,0.001014,0.000141,0.000004,1.171333,-0.062873,0.001014,0.000141,0.000004,1.171333,-0.062873,0.001010,0.000141,0.000000,0.000000
37.026037,1.171233,-0.062773,0.001010,1.171333,-0.062873,0.001014,0.000141,0.000004,1.171333,-0.062873,0.001014,0.000141,0.000004,1.171333,-0.062873,0.001010,0.000141,0.000000,0.000000
37.124233,1.171233,-0.062773,0.001010,1.171333,-0.062873,0.001014,0.000141,0.000004,1.171333,-0.062873,0.001014,0.000141,0.000004,1.171333,-0.062873,0.001010,0.000141,0.000000,0.000000
37.229492,1.171233,-0.062773,0.001010,1.171333,-0.062873,0.001014,0.000141,0.000004,1.171333,-0.062873,0.001014,0.000141,0.000004,1.171333,-0.062873,0.001010,0.000141,0.000000,0.000000
37.282896,1.171233,-0.062773,0.001010,1.171333,-0.062873,0.001014,0.000141,0.000004,1.171333,-0.062873,0.001014,0.000141,0.000004,1.171333,-0.062873,0.001010,0.000141,0.000000,0.000000
37.386820,1.171233,-0.062773,0.001010,1.171333,-0.062873,0.001014,0.000141,0.000004,1.171333,-0.062873,0.001014,0.000141,0.000004,1.171333,-0.062873,0.001010,0.000141,0.000000,0.000000
37.491256,1.171233,-0.062773,0.001010,1.171333,-0.062873,0.001014,0.000141,0.000004,1.171333,-0.062873,0.001014,0.000141,0.000004,1.171333,-0.062873,0.001010,0.000141,0.000000,0.000000
37.597117,1.171233,-0.062773,0.001010,1.171333,-0.062873,0.001014,0.000141,0.000004,1.171333,-0.062873,0.001014,0.000141,0.000004,1.171333,-0.062873,0.001010,0.000141,0.000000,0.000000
37.711671,1.171233,-0.062773,0.001010,1.171333,-0.062873,0.001014,0.000141,0.000004,1.171333,-0.062873,0.001014,0.000141,0.000004,1.171333,-0.062873,0.001010,0.000141,0.000000,0.000000
37.829082,1.171233,-0.062773,0.001010,1.171333,-0.062873,0.001014,0.000141,0.000004,1.171333,-0.062873,0.001014,0.000141,0.000004,1.171333,-0.062873,0.001010,0.000141,0.000000,0.000000
37.927337,1.171233,-0.062773,0.001010,1.171333,-0.062873,0.001014,0.000141,0.000004,1.171333,-0.062873,0.001014,0.000141,0.000004,1.171333,-0.062873,0.001010,0.000141,0.000000,0.000000
38.043504,1.171233,-0.062773,0.001010,1.171333,-0.062873,0.001014,0.000141,0.000004,1.171333,-0.062873,0.001014,0.000141,0.000004,1.171333,-0.062873,0.001010,0.000141,0.000000,0.000000
38.141348,1.171233,-0.062773,0.001010,1.171333,-0.062873,0.001014,0.000141,0.000004,1.171333,-0.062873,0.001014,0.000141,0.000004,1.171333,-0.062873,0.001010,0.000141,0.000000,0.000000
38.243498,1.171233,-0.062773,0.001010,1.171333,-0.062873,0.001014,0.000141,0.000004,1.171333,-0.062873,0.001014,0.000141,0.000004,1.171333,-0.062873,0.001010,0.000141,0.000000,0.000000
38.341498,1.171233,-0.062773,0.001010,1.171333,-0.062873,0.001014,0.000141,0.000004,1.171333,-0.062873,0.001014,0.000141,0.000004,1.171333,-0.062873,0.001010,0.000141,0.000000,0.000000
38.443190,1.171233,-0.062773,0.001010,1.171333,-0.062873,0.001014,0.000141,0.000004,1.171333,-0.062873,0.001014,0.000141,0.000004,1.171333,-0.062873,0.001010,0.000141,0.000000,0.000000
38.542031,1.171233,-0.062773,0.001010,1.171333,-0.062873,0.001014,0.000141,0.000004,1.171333,-0.062873,0.001014,0.000141,0.000004,1.171333,-0.062873,0.001010,0.000141,0.000000,0.000000
38.647476,1.171233,-0.062773,0.001010,1.171333,-0.062873,0.001014,0.000141,0.000004,1.171333,-0.062873,0.001014,0.000141,0.000004,1.171333,-0.062873,0.001010,0.000141,0.000000,0.000000
38.759246,1.171233,-0.062773,0.001010,1.171333,-0.062873,0.001014,0.000141,0.000004,1.171333,-0.062873,0.001014,0.000141,0.000004,1.171333,-0.062873,0.001010,0.000141,0.000000,0.000000
38.861290,1.171233,-0.062773,0.001010,1.171333,-0.062873,0.001014,0.000141,0.000004,1.171333,-0.062873,0.001014,0.000141,0.000004,1.171333,-0.062873,0.001010,0.000141,0.000000,0.000000
38.957950,1.171233,-0.062773,0.001010,1.171333,-0.062873,0.001014,0.000141,0.000004,1.171333,-0.062873,0.001014,0.000141,0.000004,1.171333,-0.062873,0.001010,0.000141,0.000000,0.000000
39.055292,1.171233,-0.062773,0.001010,1.171333,-0.062873,0.001014,0.000141,0.000004,1.171333,-0.062873,0.001014,0.000141,0.000004,1.171333,-0.062873,0.001010,0.000141,0.000000,0.000000
39.156897,1.171233,-0.062773,0.001010,1.171333,-0.062873,0.001014,0.000141,0.000004,1.171333,-0.062873,0.001014,0.000141,0.000004,1.171333,-0.062873,0.001010,0.000141,0.000000,0.000000
39.258074,1.171233,-0.062773,0.001010,1.171333,-0.062873,0.001014,0.000141,0.000004,1.171333,-0.062873,0.001014,0.000141,0.000004,1.171333,-0.062873,0.001010,0.000141,0.000000,0.000000
39.358822,1.171233,-0.062773,0.001010,1.171333,-0.062873,0.001014,0.000141,0.000004,1.171333,-0.062873,0.001014,0.000141,0.000004,1.171333,-0.062873,0.001010,0.000141,0.000000,0.000000
39.458915,1.171233,-0.062773,0.001010,1.171333,-0.062873,0.001014,0.000141,0.000004,1.171333,-0.062873,0.001014,0.000141,0.000004,1.171333,-0.062873,0.001010,0.000141,0.000000,0.000000
39.563746,1.171233,-0.062773,0.001010,1.171333,-0.062873,0.001014,0.000141,0.000004,1.171333,-0.062873,0.001014,0.000141,0.000004,1.171333,-0.062873,0.001010,0.000141,0.000000,0.000000
39.677795,1.171233,-0.062773,0.001010,1.171333,-0.062873,0.001014,0.000141,0.000004,1.171333,-0.062873,0.001014,0.000141,0.000004,1.171333,-0.062873,0.001010,0.000141,0.000000,0.000000
39.735481,1.171233,-0.062773,0.001010,1.171333,-0.062873,0.001014,0.000141,0.000004,1.171333,-0.062873,0.001014,0.000141,0.000004,1.171333,-0.062873,0.001010,0.000141,0.000000,0.000000
39.842831,1.171233,-0.062773,0.001010,1.171333,-0.062873,0.001014,0.000141,0.000004,1.171333,-0.062873,0.001014,0.000141,0.000004,1.171333,-0.062873,0.001010,0.000141,0.000000,0.000000
39.944271,1.171233,-0.062773,0.001010,1.171333,-0.062873,0.001014,0.000141,0.000004,1.171333,-0.062873,0.001014,0.000141,0.000004,1.171333,-0.062873,0.001010,0.000141,0.000000,0.000000
40.007637,1.171233,-0.062773,0.001010,1.171333,-0.062873,0.001014,0.000141,0.000004,1.171333,-0.062873,0.001014,0.000141,0.000004,1.171333,-0.062873,0.001010,0.000141,0.000000,0.000000
40.108912,1.171233,-0.062773,0.001010,1.171333,-0.062873,0.001014,0.000141,0.000004,1.171333,-0.062873,0.001014,0.000141,0.000004,1.171333,-0.062873,0.001010,0.000141,0.000000,0.000000
40.212654,1.171233,-0.062773,0.001010,1.171333,-0.062873,0.001014,0.000141,0.000004,1.171333,-0.062873,0.001014,0.000141,0.000004,1.171333,-0.062873,0.001010,0.000141,0.000000,0.000000
40.325777,1.171233,-0.062773,0.001010,1.171333,-0.062873,0.001014,0.000141,0.000004,1.171333,-0.062873,0.001014,0.000141,0.000004,1.171333,-0.062873,0.001010,0.000141,0.000000,0.000000
40.430940,1.171233,-0.062773,0.001010,1.171333,-0.062873,0.001014,0.000141,0.000004,1.171333,-0.062873,0.001014,0.000141,0.000004,1.171333,-0.062873,0.001010,0.000141,0.000000,0.000000
40.547330,1.171233,-0.062773,0.001010,1.171333,-0.062873,0.001014,0.000141,0.000004,1.171333,-0.062873,0.001014,0.000141,0.000004,1.171333,-0.062873,0.001010,0.000141,0.000000,0.000000
40.602422,1.171233,-0.062773,0.001010,1.171333,-0.062873,0.001014,0.000141,0.000004,1.171333,-0.062873,0.001014,0.000141,0.000004,1.171333,-0.062873,0.001010,0.000141,0.000000,0.000000
40.715033,1.171233,-0.062773,0.001010,1.171333,-0.062873,0.001014,0.000141,0.000004,1.171333,-0.062873,0.001014,0.000141,0.000004,1.171333,-0.062873,0.001010,0.000141,0.000000,0.000000
40.811043,1.171233,-0.062773,0.001010,1.171333,-0.062873,0.001014,0.000141,0.000004,1.171333,-0.062873,0.001014,0.000141,0.000004,1.171333,-0.062873,0.001010,0.000141,0.000000,0.000000
40.867900,1.171233,-0.062773,0.001010,1.171333,-0.062873,0.001014,0.000141,0.000004,1.171333,-0.062873,0.001014,0.000141,0.000004,1.171333,-0.062873,0.001010,0.000141,0.000000,0.000000
40.977959,1.171233,-0.062773,0.001010,1.171333,-0.062873,0.001014,0.000141,0.000004,1.171333,-0.062873,0.001014,0.000141,0.000004,1.171333,-0.062873,0.001010,0.000141,0.000000,0.000000
41.037844,1.171233,-0.062773,0.001010,1.171333,-0.062873,0.001014,0.000141,0.000004,1.171333,-0.062873,0.001014,0.000141,0.000004,1.171333,-0.062873,0.001010,0.000141,0.000000,0.000000
41.142999,1.171233,-0.062773,0.001010,1.171333,-0.062873,0.001014,0.000141,0.000004,1.171333,-0.062873,0.001014,0.000141,0.000004,1.171333,-0.062873,0.001010,0.000141,0.000000,0.000000
41.243528,1.171233,-0.062773,0.001010,1.171333,-0.062873,0.001014,0.000141,0.000004,1.171333,-0.062873,0.001014,0.000141,0.000004,1.171333,-0.062873,0.001010,0.000141,0.000000,0.000000
41.328727,1.171233,-0.062773,0.001010,1.171333,-0.062873,0.001014,0.000141,0.000004,1.171333,-0.062873,0.001014,0.000141,0.000004,1.171333,-0.062873,0.001010,0.000141,0.000000,0.000000
41.426760,1.171233,-0.062773,0.001010,1.171333,-0.062873,0.001014,0.000141,0.000004,1.171333,-0.062873,0.001014,0.000141,0.000004,1.171333,-0.062873,0.001010,0.000141,0.000000,0.000000
41.527351,1.171233,-0.062773,0.001010,1.171333,-0.062873,0.001014,0.000141,0.000004,1.171333,-0.062873,0.001014,0.000141,0.000004,1.171333,-0.062873,0.001010,0.000141,0.000000,0.000000
41.633523,1.171233,-0.062773,0.001010,1.171333,-0.062873,0.001014,0.000141,0.000004,1.171333,-0.062873,0.001014,0.000141,0.000004,1.171333,-0.062873,0.001010,0.000141,0.000000,0.000000
41.693607,1.171233,-0.062773,0.001010,1.171333,-0.062873,0.001014,0.000141,0.000004,1.171333,-0.062873,0.001014,0.000141,0.000004,1.171333,-0.062873,0.001010,0.000141,0.000000,0.000000
41.795088,1.171233,-0.062773,0.001010,1.171333,-0.062873,0.001014,0.000141,0.000004,1.171333,-0.062873,0.001014,0.000141,0.000004,1.171333,-0.062873,0.001010,0.000141,0.000000,0.000000
41.895678,1.171233,-0.062773,0.001010,1.171333,-0.062873,0.001014,0.000141,0.000004,1.171333,-0.062873,0.001014,0.000141,0.000004,1.171333,-0.062873,0.001010,0.000141,0.000000,0.000000
41.993667,1.171233,-0.062773,0.001010,1.171333,-0.062873,0.001014,0.000141,0.000004,1.171333,-0.062873,0.001014,0.000141,0.000004,1.171333,-0.062873,0.001010,0.000141,0.000000,0.000000
42.049250,1.171233,-0.062773,0.001010,1.171333,-0.062873,0.001014,0.000141,0.000004,1.171333,-0.062873,0.001014,0.000141,0.000004,1.171333,-0.062873,0.001010,0.000141,0.000000,0.000000
42.144250,1.171233,-0.062773,0.001010,1.171333,-0.062873,0.001014,0.000141,0.000004,1.171333,-0.062873,0.001014,0.000141,0.000004,1.171333,-0.062873,0.001010,0.000141,0.000000,0.000000
42.244650,1.171233,-0.062773,0.001010,1.171333,-0.062873,0.001014,0.000141,0.000004,1.171333,-0.062873,0.001014,0.000141,0.000004,1.171333,-0.062873,0.001010,0.000141,0.000000,0.000000
42.347710,1.171233,-0.062773,0.001010,1.171333,-0.062873,0.001014,0.000141,0.000004,1.171333,-0.062873,0.001014,0.000141,0.000004,1.171333,-0.062873,0.001010,0.000141,0.000000,0.000000
42.447371,1.171233,-0.062773,0.001010,1.171333,-0.062873,0.001014,0.000141,0.000004,1.171333,-0.062873,0.001014,0.000141,0.000004,1.171333,-0.062873,0.001010,0.000141,0.000000,0.000000
42.503239,1.171233,-0.062773,0.001010,1.171333,-0.062873,0.001014,0.000141,0.000004,1.171333,-0.062873,0.001014,0.000141,0.000004,1.171333,-0.062873,0.001010,0.000141,0.000000,0.000000
42.597545,1.171233,-0.062773,0.001010,1.171333,-0.062873,0.001014,0.000141,0.000004,1.171333,-0.062873,0.001014,0.000141,0.000004,1.171333,-0.062873,0.001010,0.000141,0.000000,0.000000
42.698303,1.171233,-0.062773,0.001010,1.171333,-0.062873,0.001014,0.000141,0.000004,1.171333,-0.062873,0.001014,0.000141,0.000004,1.171333,-0.062873,0.001010,0.000141,0.000000,0.000000
42.753477,1.171233,-0.062773,0.001010,1.171333,-0.062873,0.001014,0.000141,0.000004,1.171333,-0.062873,0.001014,0.000141,0.000004,1.171333,-0.062873,0.001010,0.000141,0.000000,0.000000
42.862759,1.171233,-0.062773,0.001010,1.171333,-0.062873,0.001014,0.000141,0.000004,1.171333,-0.062873,0.001014,0.000141,0.000004,1.171333,-0.062873,0.001010,0.000141,0.000000,0.000000
42.962093,1.171233,-0.062773,0.001010,1.171333,-0.062873,0.001014,0.000141,0.000004,1.171333,-0.062873,0.001014,0.000141,0.000004,1.171333,-0.062873,0.001010,0.000141,0.000000,0.000000
43.067608,1.171233,-0.062773,0.001010,1.171333,-0.062873,0.001014,0.000141,0.000004,1.171333,-0.062873,0.001014,0.000141,0.000004,1.171333,-0.062873,0.001010,0.000141,0.000000,0.000000
43.152652,1.171233,-0.062773,0.001010,1.171333,-0.062873,0.001014,0.000141,0.000004,1.171333,-0.062873,0.001014,0.000141,0.000004,1.171333,-0.062873,0.001010,0.000141,0.000000,0.000000
43.252043,1.171233,-0.062773,0.001010,1.171333,-0.062873,0.001014,0.000141,0.000004,1.171333,-0.062873,0.001014,0.000141,0.000004,1.171333,-0.062873,0.001010,0.000141,0.000000,0.000000
43.343997,1.171233,-0.062773,0.001010,1.171333,-0.062873,0.001014,0.000141,0.000004,1.171333,-0.062873,0.001014,0.000141,0.000004,1.171333,-0.062873,0.001010,0.000141,0.000000,0.000000
43.417517,1.171233,-0.062673,0.001010,1.171333,-0.062873,0.001014,0.000224,0.000004,1.171333,-0.062873,0.001014,0.000224,0.000004,1.171333,-0.062873,0.001010,0.000224,0.000000,0.001385
43.511860,1.171233,-0.062673,0.001010,1.171333,-0.062873,0.001014,0.000224,0.000004,1.171333,-0.062873,0.001014,0.000224,0.000004,1.171333,-0.062873,0.001010,0.000224,0.000000,0.000000
43.614022,1.171233,-0.062673,0.001010,1.171333,-0.062873,0.001014,0.000224,0.000004,1.171333,-0.062873,0.001014,0.000224,0.000004,1.171333,-0.062873,0.001010,0.000224,0.000000,0.000000
43.712862,1.171233,-0.062673,0.001010,1.171333,-0.062873,0.001014,0.000224,0.000004,1.171333,-0.062873,0.001014,0.000224,0.000004,1.171333,-0.062873,0.001010,0.000224,0.000000,0.000000
