simulation_time_k_s,simulation_time_k1_s,simulation_physics_step_k,simulation_physics_step_k1,physics_step_delta,dt_sim_s,x_k_m,y_k_m,yaw_k_rad,u_k_mps,v_k_mps,r_k_radps,steering_k_rad,throttle_k_norm,x_k1_m,y_k1_m,yaw_k1_rad,u_k1_mps,v_k1_mps,r_k1_radps,steering_k1_rad,throttle_k1_norm
49.533,49.6330032,49534.0,49634.0,100.0,0.10000319999999618,-6.2634,25.8444,1.1842112422242137,0.4961,0.1148,6.9745,0.0,0.0,-6.2543,25.896,1.1840424610495373,0.507,0.1063,6.9718,0.0,0.0
49.6330032,49.733,49634.0,49734.0,100.0,0.09999679999999955,-6.2543,25.896,1.1840424610495373,0.507,0.1063,6.9718,0.0,0.0,-6.2452,25.9459,1.1842136483032217,0.4931,0.1044,6.9747,0.0,0.0
49.733,49.833004,49734.0,49834.0,100.0,0.10000400000000553,-6.2452,25.9459,1.1842136483032217,0.4931,0.1044,6.9747,0.0,0.0,-6.2359,25.996,1.1842064900279488,0.5004,0.1067,6.9689,0.0,0.0
49.833004,49.9330025,49834.0,49934.0,100.0,0.0999984999999981,-6.2359,25.996,1.1842064900279488,0.5004,0.1067,6.9689,0.0,0.0,-6.2269,26.0467,1.1842112756724859,0.4951,0.1073,6.9733,0.0,0.0
49.9330025,50.033,49934.0,50034.0,100.0,0.09999750000000063,-6.2269,26.0467,1.1842112756724859,0.4951,0.1073,6.9733,0.0,0.0,-6.2185,26.0964,1.1842112756724859,0.4863,0.1017,6.9762,0.0,0.0
50.033,50.1330032,50034.0,50134.0,100.0,0.10000319999999618,-6.2185,26.0964,1.1842112756724859,0.4863,0.1017,6.9762,0.0,0.0,-6.2088,26.1446,1.1842064900279483,0.4786,0.0835,6.9685,0.0,0.0
50.1330032,50.233,50134.0,50234.0,100.0,0.09999679999999955,-6.2088,26.1446,1.1842064900279483,0.4786,0.0835,6.9685,0.0,0.0,-6.1975,26.1914,1.1842064900279483,0.4704,0.0588,6.9787,0.0,0.0
50.233,50.333004,50234.0,50334.0,100.0,0.10000400000000553,-6.1975,26.1914,1.1842064900279483,0.4704,0.0588,6.9787,0.0,0.0,-6.1846,26.2372,1.1842040911390022,0.4686,0.0446,6.9761,0.0,0.0
50.333004,50.4330025,50334.0,50434.0,100.0,0.0999984999999981,-6.1846,26.2372,1.1842040911390022,0.4686,0.0446,6.9761,0.0,0.0,-6.1702,26.282,1.1842040911390022,0.4679,0.0288,6.9686,0.0,0.0
50.4330025,50.533,50434.0,50534.0,100.0,0.09999750000000063,-6.1702,26.282,1.1842040911390022,0.4679,0.0288,6.9686,0.0,0.0,-6.1542,26.3262,1.1842040911390022,0.4668,0.008,6.9786,0.0,0.0
50.533,50.6330032,50534.0,50634.0,100.0,0.10000319999999618,-6.1542,26.3262,1.1842040911390022,0.4668,0.008,6.9786,0.0,0.0,-6.137,26.3699,1.184201677055096,0.4659,-0.0009,6.9759,0.0,0.0
50.6330032,50.733,50634.0,50734.0,100.0,0.09999679999999955,-6.137,26.3699,1.184201677055096,0.4659,-0.0009,6.9759,0.0,0.0,-6.1187,26.4127,1.1841968879439688,0.4644,-0.0116,6.9685,0.0,0.0
50.733,50.833004,50734.0,50834.0,100.0,0.10000400000000553,-6.1187,26.4127,1.1841968879439688,0.4644,-0.0116,6.9685,0.0,0.0,-6.0994,26.4551,1.184201677055096,0.4622,-0.0274,6.9787,0.0,0.0
50.833004,50.9330025,50834.0,50934.0,100.0,0.0999984999999981,-6.0994,26.4551,1.184201677055096,0.4622,-0.0274,6.9787,0.0,0.0,-6.0793,26.4972,1.184201677055096,0.4613,-0.0305,6.9758,0.0,0.0
50.9330025,51.033,50934.0,51034.0,100.0,0.09999750000000063,-6.0793,26.4972,1.184201677055096,0.4613,-0.0305,6.9758,0.0,0.0,-6.0588,26.5386,1.184480035124915,0.4599,-0.0342,6.9683,0.0,0.0
51.033,51.1330032,51034.0,51134.0,100.0,0.10000319999999618,-6.0588,26.5386,1.184480035124915,0.4599,-0.0342,6.9683,0.0,0.0,-6.0379,26.5798,1.184480035124915,0.4573,-0.0434,6.9787,0.0,0.0
51.1330032,51.233,51134.0,51234.0,100.0,0.09999679999999955,-6.0379,26.5798,1.184480035124915,0.4573,-0.0434,6.9787,0.0,0.0,-6.0168,26.6209,1.1844776090638642,0.4561,-0.0413,6.9757,0.0,0.0
51.233,51.333004,51234.0,51334.0,100.0,0.10000400000000553,-6.0168,26.6209,1.1844776090638642,0.4561,-0.0413,6.9757,0.0,0.0,-5.9957,26.6616,1.1844776090638642,0.4546,-0.0411,6.9682,0.0,0.0
51.333004,51.4330025,51334.0,51434.0,100.0,0.0999984999999981,-5.9957,26.6616,1.1844776090638642,0.4546,-0.0411,6.9682,0.0,0.0,-5.9745,26.7021,1.1844776090638642,0.4521,-0.0475,6.9786,0.0,0.0
51.4330025,51.533,51434.0,51534.0,100.0,0.09999750000000063,-5.9745,26.7021,1.1844776090638642,0.4521,-0.0475,6.9786,0.0,0.0,-5.9533,26.7425,1.1844776090638642,0.4509,-0.0438,6.9756,0.0,0.0
51.533,51.6330032,51534.0,51634.0,100.0,0.10000319999999618,-5.9533,26.7425,1.1844776090638642,0.4509,-0.0438,6.9756,0.0,0.0,-5.9322,26.7826,1.1844776090638642,0.4485,-0.0424,6.9681,0.0,0.0
51.6330032,51.733,51634.0,51734.0,100.0,0.09999679999999955,-5.9322,26.7826,1.1844776090638642,0.4485,-0.0424,6.9681,0.0,0.0,-5.9112,26.8222,1.1844776090638642,0.4407,-0.0481,6.9786,0.0,0.0
51.733,51.833004,51734.0,51834.0,100.0,0.10000400000000553,-5.9112,26.8222,1.1844776090638642,0.4407,-0.0481,6.9786,0.0,0.0,-5.8904,26.8614,1.1844824301824388,0.4361,-0.0446,6.9756,0.0,0.0
51.833004,51.9330025,51834.0,51934.0,100.0,0.0999984999999981,-5.8904,26.8614,1.1844824301824388,0.4361,-0.0446,6.9756,0.0,0.0,-5.8698,26.9001,1.1844776090638642,0.4346,-0.0444,6.9679,0.0,0.0
51.9330025,52.033,51934.0,52034.0,100.0,0.09999750000000063,-5.8698,26.9001,1.1844776090638642,0.4346,-0.0444,6.9679,0.0,0.0,-5.849,26.9387,1.1844776090638642,0.4338,-0.05,6.9787,0.0,0.0
52.033,52.1330032,52034.0,52134.0,100.0,0.10000319999999618,-5.849,26.9387,1.1844776090638642,0.4338,-0.05,6.9787,0.0,0.0,-5.8282,26.9774,1.1844824301824388,0.4341,-0.0465,6.9756,0.0,0.0
52.1330032,52.233,52134.0,52234.0,100.0,0.09999679999999955,-5.8282,26.9774,1.1844824301824388,0.4341,-0.0465,6.9756,0.0,0.0,-5.8076,27.0158,1.184644010011138,0.4335,-0.0439,6.9679,0.0,0.0
52.233,52.333004,52234.0,52334.0,100.0,0.10000400000000553,-5.8076,27.0158,1.184644010011138,0.4335,-0.0439,6.9679,0.0,0.0,-5.787,27.0543,1.184644010011138,0.4327,-0.0494,6.9788,0.0,0.0
52.333004,52.4330025,52334.0,52434.0,100.0,0.0999984999999981,-5.787,27.0543,1.184644010011138,0.4327,-0.0494,6.9788,0.0,0.0,-5.7664,27.093,1.1846488317960346,0.433,-0.0449,6.9756,0.0,0.0
52.4330025,52.533,52434.0,52534.0,100.0,0.09999750000000063,-5.7664,27.093,1.1846488317960346,0.433,-0.0449,6.9756,0.0,0.0,-5.7459,27.1314,1.184644010011138,0.4326,-0.0438,6.9679,0.0,0.0
52.533,52.6330032,52534.0,52634.0,100.0,0.10000319999999618,-5.7459,27.1314,1.184644010011138,0.4326,-0.0438,6.9679,0.0,0.0,-5.7253,27.1699,1.1847559855393082,0.4318,-0.0489,6.9788,0.0,0.0
52.6330032,52.733,52634.0,52734.0,100.0,0.09999679999999955,-5.7253,27.1699,1.1847559855393082,0.4318,-0.0489,6.9788,0.0,0.0,-5.7047,27.2084,1.184760808938264,0.4321,-0.045,6.9756,0.0,0.0
52.733,52.833004,52734.0,52834.0,100.0,0.10000400000000553,-5.7047,27.2084,1.184760808938264,0.4321,-0.045,6.9756,0.0,0.0,-5.6842,27.2468,1.1847559855393082,0.4317,-0.0436,6.9678,0.0,0.0
52.833004,52.9330025,52834.0,52934.0,100.0,0.0999984999999981,-5.6842,27.2468,1.1847559855393082,0.4317,-0.0436,6.9678,0.0,0.0,-5.6637,27.2852,1.1847559855393082,0.4311,-0.0482,6.9787,0.0,0.0
52.9330025,53.033,52934.0,53034.0,100.0,0.09999750000000063,-5.6637,27.2852,1.1847559855393082,0.4311,-0.0482,6.9787,0.0,0.0,-5.6432,27.3237,1.184760808938264,0.4313,-0.0445,6.9756,0.0,0.0
53.033,53.1330032,53034.0,53134.0,100.0,0.10000319999999618,-5.6432,27.3237,1.184760808938264,0.4313,-0.0445,6.9756,0.0,0.0,-5.6228,27.3619,1.1847559855393082,0.4311,-0.0426,6.9679,0.0,0.0
53.1330032,53.233,53134.0,53234.0,100.0,0.09999679999999955,-5.6228,27.3619,1.1847559855393082,0.4311,-0.0426,6.9679,0.0,0.0,-5.6024,27.4003,1.1849223754086122,0.4302,-0.048,6.9788,0.0,0.0
53.233,53.333004,53234.0,53334.0,100.0,0.10000400000000553,-5.6024,27.4003,1.1849223754086122,0.4302,-0.048,6.9788,0.0,0.0,-5.582,27.4387,1.1849199396719843,0.4305,-0.0441,6.9756,0.0,0.0
53.333004,53.4330025,53334.0,53434.0,100.0,0.0999984999999981,-5.582,27.4387,1.1849199396719843,0.4305,-0.0441,6.9756,0.0,0.0,-5.5617,27.477,1.1849223754086118,0.43,-0.0412,6.9678,0.0,0.0
53.4330025,53.533,53434.0,53534.0,100.0,0.09999750000000063,-5.5617,27.477,1.1849223754086118,0.43,-0.0412,6.9678,0.0,0.0,-5.5415,27.5153,1.1849223754086118,0.4292,-0.0469,6.9788,0.0,0.0
53.533,53.6330032,53534.0,53634.0,100.0,0.10000319999999618,-5.5415,27.5153,1.1849223754086118,0.4292,-0.0469,6.9788,0.0,0.0,-5.5211,27.5537,1.1849199396719843,0.4297,-0.0433,6.9756,0.0,0.0
53.6330032,53.733,53634.0,53734.0,100.0,0.09999679999999955,-5.5211,27.5537,1.1849199396719843,0.4297,-0.0433,6.9756,0.0,0.0,-5.501,27.5919,1.1849223754086118,0.4292,-0.0411,6.9678,0.0,0.0
53.733,53.833004,53734.0,53834.0,100.0,0.10000400000000553,-5.501,27.5919,1.1849223754086118,0.4292,-0.0411,6.9678,0.0,0.0,-5.4808,27.6301,1.1849223754086118,0.4286,-0.046,6.9788,0.0,0.0
53.833004,53.9330025,53834.0,53934.0,100.0,0.0999984999999981,-5.4808,27.6301,1.1849223754086118,0.4286,-0.046,6.9788,0.0,0.0,-5.4605,27.6685,1.1849199396719843,0.4288,-0.0423,6.9756,0.0,0.0
53.9330025,54.033,53934.0,54034.0,100.0,0.09999750000000063,-5.4605,27.6685,1.1849199396719843,0.4288,-0.0423,6.9756,0.0,0.0,-5.4404,27.7066,1.1849223754086118,0.4284,-0.0408,6.9678,0.0,0.0
54.033,54.1330032,54034.0,54134.0,100.0,0.10000319999999618,-5.4404,27.7066,1.1849223754086118,0.4284,-0.0408,6.9678,0.0,0.0,-5.4203,27.7448,1.1850343771921457,0.4278,-0.0459,6.9788,0.0,0.0
54.1330032,54.233,54134.0,54234.0,100.0,0.09999679999999955,-5.4203,27.7448,1.1850343771921457,0.4278,-0.0459,6.9788,0.0,0.0,-5.4002,27.7831,1.1850319424030233,0.428,-0.0421,6.9756,0.0,0.0
54.233,54.333004,54234.0,54334.0,100.0,0.10000400000000553,-5.4002,27.7831,1.1850319424030233,0.428,-0.0421,6.9756,0.0,0.0,-5.3802,27.8213,1.185200755975537,0.4303,-0.0399,6.9679,0.0,0.01
54.333004,54.4330025,54334.0,54434.0,100.0,0.0999984999999981,-5.3802,27.8213,1.185200755975537,0.4303,-0.0399,6.9679,0.0,0.01,-5.3599,27.8598,1.185200755975537,0.4345,-0.0474,6.9786,0.0,0.01
54.4330025,54.533,54434.0,54534.0,100.0,0.09999750000000063,-5.3599,27.8598,1.185200755975537,0.4345,-0.0474,6.9786,0.0,0.01,-5.3392,27.8987,1.1851983234685737,0.4355,-0.0459,6.9756,0.0,0.0
54.533,54.6330032,54534.0,54634.0,100.0,0.10000319999999618,-5.3392,27.8987,1.1851983234685737,0.4355,-0.0459,6.9756,0.0,0.0,-5.3184,27.9375,1.1852007559755375,0.4399,-0.0449,6.9681,0.0,0.01
54.6330032,54.733,54634.0,54734.0,100.0,0.09999679999999955,-5.3184,27.9375,1.1852007559755375,0.4399,-0.0449,6.9681,0.0,0.01,-5.2972,27.9766,1.1852007559755375,0.4412,-0.0533,6.9786,0.0,0.01
54.733,54.833004,54734.0,54834.0,100.0,0.10000400000000553,-5.2972,27.9766,1.1852007559755375,0.4412,-0.0533,6.9786,0.0,0.01,-5.2765,28.0164,1.1851983234685737,0.4494,-0.0344,6.9749,0.0,0.01
54.833004,54.9330025,54834.0,54934.0,100.0,0.0999984999999981,-5.2765,28.0164,1.1851983234685737,0.4494,-0.0344,6.9749,0.0,0.01,-5.2573,28.0593,1.1851958758009424,0.4761,0.0025,6.9735,0.0,0.0
54.9330025,55.033,54934.0,55034.0,100.0,0.09999750000000063,-5.2573,28.0593,1.1851958758009424,0.4761,0.0025,6.9735,0.0,0.0,-5.2407,28.1046,1.1851983234685737,0.4844,0.0339,6.9789,0.0,0.01
55.033,55.1330032,55034.0,55134.0,100.0,0.10000319999999618,-5.2407,28.1046,1.1851983234685737,0.4844,0.0339,6.9789,0.0,0.01,-5.2269,28.1519,1.1851983234685737,0.489,0.0484,6.978,0.0,0.0
55.1330032,55.233,55134.0,55234.0,100.0,0.09999679999999955,-5.2269,28.1519,1.1851983234685737,0.489,0.0484,6.978,0.0,0.0,-5.2126,28.199,1.1851983234685737,0.4845,0.0397,6.9754,0.0,0.01
55.233,55.333004,55234.0,55334.0,100.0,0.10000400000000553,-5.2126,28.199,1.1851983234685737,0.4845,0.0397,6.9754,0.0,0.01,-5.1977,28.2449,1.1851983234685737,0.4771,0.0307,6.9686,0.0,0.0
55.333004,55.4330025,55334.0,55434.0,100.0,0.0999984999999981,-5.1977,28.2449,1.1851983234685737,0.4771,0.0307,6.9686,0.0,0.0,-5.1819,28.2898,1.185367116087556,0.4745,0.0123,6.9782,0.0,0.01
55.4330025,55.533,55434.0,55534.0,100.0,0.09999750000000063,-5.1819,28.2898,1.185367116087556,0.4745,0.0123,6.9782,0.0,0.01,-5.1648,28.3344,1.185367116087556,0.4771,0.0045,6.9756,0.0,0.01
55.533,55.6330032,55534.0,55634.0,100.0,0.10000319999999618,-5.1648,28.3344,1.185367116087556,0.4771,0.0045,6.9756,0.0,0.01,-5.1466,28.3787,1.185367116087556,0.4799,-0.006,6.9687,0.0,0.01
55.6330032,55.733,55634.0,55734.0,100.0,0.09999679999999955,-5.1466,28.3787,1.185367116087556,0.4799,-0.006,6.9687,0.0,0.01,-5.1273,28.4227,1.185367116087556,0.4783,-0.0219,6.9783,0.0,0.01
55.733,55.833004,55734.0,55834.0,100.0,0.10000400000000553,-5.1273,28.4227,1.185367116087556,0.4783,-0.0219,6.9783,0.0,0.01,-5.1071,28.4664,1.1854791517023087,0.4791,-0.0261,6.9756,0.0,0.01
55.833004,55.9330025,55834.0,55934.0,100.0,0.0999984999999981,-5.1071,28.4664,1.1854791517023087,0.4791,-0.0261,6.9756,0.0,0.01,-5.0861,28.5104,1.1854767224258291,0.4968,-0.0288,6.9753,0.0,0.01
55.9330025,56.033,55934.0,56034.0,100.0,0.09999750000000063,-5.0861,28.5104,1.1854767224258291,0.4968,-0.0288,6.9753,0.0,0.01,-5.0656,28.5567,1.1854767224258291,0.5143,-0.0017,6.9755,0.0,0.01
56.033,56.1330032,56034.0,56134.0,100.0,0.10000319999999618,-5.0656,28.5567,1.1854767224258291,0.5143,-0.0017,6.9755,0.0,0.01,-5.0476,28.6048,1.1854743417532696,0.5246,0.0371,6.9761,0.0,0.01
56.1330032,56.233,56134.0,56234.0,100.0,0.09999679999999955,-5.0476,28.6048,1.1854743417532696,0.5246,0.0371,6.9761,0.0,0.01,-5.032,28.6559,1.1854791517023087,0.5376,0.0563,6.9757,0.0,0.0
56.233,56.333004,56234.0,56334.0,100.0,0.10000400000000553,-5.032,28.6559,1.1854791517023087,0.5376,0.0563,6.9757,0.0,0.0,-5.017,28.7087,1.1854791517023087,0.5475,0.0553,6.9779,0.0,0.01
56.333004,56.4330025,56334.0,56434.0,100.0,0.0999984999999981,-5.017,28.7087,1.1854791517023087,0.5475,0.0553,6.9779,0.0,0.01,-5.0012,28.7611,1.1854791517023087,0.5384,0.0443,6.9755,0.0,0.0
56.4330025,56.533,56434.0,56534.0,100.0,0.09999750000000063,-5.0012,28.7611,1.1854791517023087,0.5384,0.0443,6.9755,0.0,0.0,-4.9846,28.8119,1.1854815658285511,0.5296,0.0317,6.9693,0.0,0.0
56.533,56.6330032,56534.0,56634.0,100.0,0.10000319999999618,-4.9846,28.8119,1.1854815658285511,0.5296,0.0317,6.9693,0.0,0.0,-4.967,28.8615,1.1856479125701938,0.5206,0.0128,6.978,0.0,0.0
56.6330032,56.733,56634.0,56734.0,100.0,0.09999679999999955,-4.967,28.8615,1.1856479125701938,0.5206,0.0128,6.978,0.0,0.0,-4.9482,28.9103,1.1856406901035161,0.5191,0.003,6.9756,0.0,0.0
56.733,56.833004,56734.0,56834.0,100.0,0.10000400000000553,-4.9482,28.9103,1.1856406901035161,0.5191,0.003,6.9756,0.0,0.0,-4.9282,28.9582,1.1856479125701938,0.5186,-0.0094,6.9691,0.0,0.0
56.833004,56.9330025,56834.0,56934.0,100.0,0.0999984999999981,-4.9282,28.9582,1.1856479125701938,0.5186,-0.0094,6.9691,0.0,0.0,-4.907,29.0058,1.1856479125701938,0.5177,-0.0273,6.978,0.0,0.0
56.9330025,57.033,56934.0,57034.0,100.0,0.09999750000000063,-4.907,29.0058,1.1856479125701938,0.5177,-0.0273,6.978,0.0,0.0,-4.8848,29.0529,1.1856406901035161,0.5171,-0.0341,6.9756,0.0,0.0
57.033,57.1330032,57034.0,57134.0,100.0,0.10000319999999618,-4.8848,29.0529,1.1856406901035161,0.5171,-0.0341,6.9756,0.0,0.0,-4.8616,29.0994,1.1856406901035161,0.5159,-0.0429,6.9691,0.0,0.0
57.1330032,57.233,57134.0,57234.0,100.0,0.09999679999999955,-4.8616,29.0994,1.1856406901035161,0.5159,-0.0429,6.9691,0.0,0.0,-4.8376,29.1454,1.1856406901035161,0.5137,-0.0579,6.9781,0.0,0.0
57.233,57.333004,57234.0,57334.0,100.0,0.10000400000000553,-4.8376,29.1454,1.1856406901035161,0.5137,-0.0579,6.9781,0.0,0.0,-4.8129,29.191,1.185645500717338,0.5099,-0.0592,6.9756,0.0,0.0
57.333004,57.4330025,57334.0,57434.0,100.0,0.0999984999999981,-4.8129,29.191,1.185645500717338,0.5099,-0.0592,6.9756,0.0,0.0,-4.7881,29.2358,1.1856406901035161,0.5065,-0.0624,6.9689,0.0,0.0
57.4330025,57.533,57434.0,57534.0,100.0,0.09999750000000063,-4.7881,29.2358,1.1856406901035161,0.5065,-0.0624,6.9689,0.0,0.0,-4.7628,29.2801,1.1856406901035161,0.502,-0.0743,6.9782,0.0,0.0
57.533,57.6330032,57534.0,57634.0,100.0,0.10000319999999618,-4.7628,29.2801,1.1856406901035161,0.502,-0.0743,6.9782,0.0,0.0,-4.737,29.3242,1.185645500717338,0.5024,-0.0756,6.9756,0.0,0.0
57.6330032,57.733,57634.0,57734.0,100.0,0.09999679999999955,-4.737,29.3242,1.185645500717338,0.5024,-0.0756,6.9756,0.0,0.0,-4.7108,29.3679,1.1856406901035161,0.5019,-0.0786,6.9688,0.0,0.0
57.733,57.833004,57734.0,57834.0,100.0,0.10000400000000553,-4.7108,29.3679,1.1856406901035161,0.5019,-0.0786,6.9688,0.0,0.0,-4.6841,29.4116,1.1856406901035161,0.506,-0.0898,6.9781,0.0,0.02
57.833004,57.9330025,57834.0,57934.0,100.0,0.0999984999999981,-4.6841,29.4116,1.1856406901035161,0.506,-0.0898,6.9781,0.0,0.02,-4.6566,29.4557,1.185757562579316,0.5107,-0.0913,6.9755,0.0,0.02
57.9330025,58.033,57934.0,58034.0,100.0,0.09999750000000063,-4.6566,29.4557,1.185757562579316,0.5107,-0.0913,6.9755,0.0,0.02,-4.6295,29.5008,1.185755136534141,0.5357,-0.0672,6.9731,0.0,0.02
58.033,58.1330032,58034.0,58134.0,100.0,0.10000319999999618,-4.6295,29.5008,1.185755136534141,0.5357,-0.0672,6.9731,0.0,0.02,-4.6038,29.5488,1.1859166527259009,0.5313,-0.0487,6.9692,0.0,0.02
58.1330032,58.233,58134.0,58234.0,100.0,0.09999679999999955,-4.6038,29.5488,1.1859166527259009,0.5313,-0.0487,6.9692,0.0,0.02,-4.5796,29.596,1.18591908760022,0.5368,-0.0282,6.9785,0.0,0.02
58.233,58.333004,58234.0,58334.0,100.0,0.10000400000000553,-4.5796,29.596,1.18591908760022,0.5368,-0.0282,6.9785,0.0,0.02,-4.5582,29.647,1.18591908760022,0.5669,0.0016,6.9775,0.0,0.02
58.333004,58.4330025,58334.0,58434.0,100.0,0.0999984999999981,-4.5582,29.647,1.18591908760022,0.5669,0.0016,6.9775,0.0,0.02,-4.5383,29.7014,1.185921507341644,0.5828,0.0273,6.9759,0.0,0.02
58.4330025,58.533,58434.0,58534.0,100.0,0.09999750000000063,-4.5383,29.7014,1.185921507341644,0.5828,0.0273,6.9759,0.0,0.02,-4.52,29.7586,1.1859263091207917,0.6089,0.0554,6.9777,0.0,0.02
58.533,58.6330032,58534.0,58634.0,100.0,0.10000319999999618,-4.52,29.7586,1.1859263091207917,0.6089,0.0554,6.9777,0.0,0.02,-4.5021,29.817,1.1859263091207917,0.6058,0.0475,6.9755,0.0,0.02
58.6330032,58.733,58634.0,58734.0,100.0,0.09999679999999955,-4.5021,29.817,1.1859263091207917,0.6058,0.0475,6.9755,0.0,0.02,-4.4832,29.8745,1.185921507341644,0.601,0.0351,6.97,0.0,0.02
58.733,58.833004,58734.0,58834.0,100.0,0.10000400000000553,-4.4832,29.8745,1.185921507341644,0.601,0.0351,6.97,0.0,0.02,-4.4628,29.9325,1.185921507341644,0.6206,0.0224,6.9776,0.0,0.02
58.833004,58.9330025,58834.0,58934.0,100.0,0.0999984999999981,-4.4628,29.9325,1.185921507341644,0.6206,0.0224,6.9776,0.0,0.02,-4.4413,29.9907,1.18591908760022,0.6197,0.0138,6.9755,0.0,0.02
58.9330025,59.033,58934.0,59034.0,100.0,0.09999750000000063,-4.4413,29.9907,1.18591908760022,0.6197,0.0138,6.9755,0.0,0.02,-4.4192,30.0509,1.18591908760022,0.6476,0.0227,6.9755,0.0,0.0
59.033,59.1330032,59034.0,59134.0,100.0,0.10000319999999618,-4.4192,30.0509,1.18591908760022,0.6476,0.0227,6.9755,0.0,0.0,-4.3964,30.1114,1.18591908760022,0.637,0.0118,6.9701,0.0,0.02
59.1330032,59.233,59134.0,59234.0,100.0,0.09999679999999955,-4.3964,30.1114,1.18591908760022,0.637,0.0118,6.9701,0.0,0.02,-4.3728,30.1719,1.1859166527259009,0.657,0.0129,6.9744,0.0,0.02
59.233,59.333004,59234.0,59334.0,100.0,0.10000400000000553,-4.3728,30.1719,1.1859166527259009,0.657,0.0129,6.9744,0.0,0.02,-4.3503,30.2351,1.18591908760022,0.679,0.0451,6.9738,0.0,0.02
59.333004,59.4330025,59334.0,59434.0,100.0,0.0999984999999981,-4.3503,30.2351,1.18591908760022,0.679,0.0451,6.9738,0.0,0.02,-4.3286,30.3004,1.18591908760022,0.6811,0.0345,6.9772,0.0,0.02
59.4330025,59.533,59434.0,59534.0,100.0,0.09999750000000063,-4.3286,30.3004,1.18591908760022,0.6811,0.0345,6.9772,0.0,0.02,-4.306,30.3647,1.18591908760022,0.6757,0.0256,6.9752,0.0,0.02
59.533,59.6330032,59534.0,59634.0,100.0,0.10000319999999618,-4.306,30.3647,1.18591908760022,0.6757,0.0256,6.9752,0.0,0.02,-4.2823,30.428,1.18591908760022,0.6734,0.0137,6.9704,0.0,0.0
59.6330032,59.733,59634.0,59734.0,100.0,0.09999679999999955,-4.2823,30.428,1.18591908760022,0.6734,0.0137,6.9704,0.0,0.0,-4.2575,30.4907,1.18591908760022,0.6707,-0.0049,6.977,0.0,0.0
59.733,59.833004,59734.0,59834.0,100.0,0.10000400000000553,-4.2575,30.4907,1.18591908760022,0.6707,-0.0049,6.977,0.0,0.0,-4.2315,30.5528,1.18591908760022,0.6692,-0.0128,6.9752,0.0,0.0
59.833004,59.9330025,59834.0,59934.0,100.0,0.0999984999999981,-4.2315,30.5528,1.18591908760022,0.6692,-0.0128,6.9752,0.0,0.0,-4.2045,30.6142,1.18591908760022,0.6673,-0.0233,6.9703,0.0,0.0
59.9330025,60.033,59934.0,60034.0,100.0,0.09999750000000063,-4.2045,30.6142,1.18591908760022,0.6673,-0.0233,6.9703,0.0,0.0,-4.1767,30.6748,1.18591908760022,0.6581,-0.0381,6.977,0.0,0.0
60.033,60.1330032,60034.0,60134.0,100.0,0.10000319999999618,-4.1767,30.6748,1.18591908760022,0.6581,-0.0381,6.977,0.0,0.0,-4.1483,30.735,1.1859166527259009,0.6696,-0.0255,6.9644,0.0,0.0
60.1330032,60.233,60134.0,60234.0,100.0,0.09999679999999955,-4.1483,30.735,1.1859166527259009,0.6696,-0.0255,6.9644,0.0,0.0,-4.1211,30.7966,1.1859166527259009,0.6689,-0.0243,6.9751,0.0,0.0
60.233,60.333004,60234.0,60334.0,100.0,0.10000400000000553,-4.1211,30.7966,1.1859166527259009,0.6689,-0.0243,6.9751,0.0,0.0,-4.0935,30.8575,1.185911847403356,0.6633,-0.0279,6.9702,0.0,0.0
60.333004,60.4330025,60334.0,60434.0,100.0,0.0999984999999981,-4.0935,30.8575,1.185911847403356,0.6633,-0.0279,6.9702,0.0,0.0,-4.0669,30.9194,1.18591908760022,0.6816,0.0103,6.9764,0.0,0.0
60.4330025,60.5330048,60434.0,60534.0,100.0,0.10000229999999988,-4.0669,30.9194,1.18591908760022,0.6816,0.0103,6.9764,0.0,0.0,-4.0443,30.9854,1.1859167242381725,0.702,0.0585,6.9775,0.0,0.0
60.5330048,60.6330032,60534.0,60634.0,100.0,0.09999839999999693,-4.0443,30.9854,1.1859167242381725,0.702,0.0585,6.9775,0.0,0.0,-4.0242,31.0539,1.185921507341644,0.7124,0.0728,6.9771,0.0,0.0
60.6330032,60.733,60634.0,60734.0,100.0,0.09999679999999955,-4.0242,31.0539,1.185921507341644,0.7124,0.0728,6.9771,0.0,0.0,-4.0054,31.1235,1.1859167242381725,0.7188,0.0976,6.9695,0.0,0.0
60.733,60.833004,60734.0,60834.0,100.0,0.10000400000000553,-4.0054,31.1235,1.1859167242381725,0.7188,0.0976,6.9695,0.0,0.0,-3.9874,31.1943,1.185921507341644,0.7262,0.1065,6.9752,0.0,0.0
60.833004,60.9330025,60834.0,60934.0,100.0,0.0999984999999981,-3.9874,31.1943,1.185921507341644,0.7262,0.1065,6.9752,0.0,0.0,-3.97,31.2671,1.1859239004894164,0.7408,0.1142,6.975,0.0,0.03
60.9330025,61.0330048,60934.0,61034.0,100.0,0.10000229999999988,-3.97,31.2671,1.1859239004894164,0.7408,0.1142,6.975,0.0,0.03,-3.9538,31.3414,1.18591908760022,0.7557,0.1488,6.9783,0.0,0.03
61.0330048,61.1330032,61034.0,61134.0,100.0,0.09999839999999693,-3.9538,31.3414,1.18591908760022,0.7557,0.1488,6.9783,0.0,0.03,-3.9396,31.4176,1.185921507341644,0.77,0.1537,6.9649,0.0,0.03
61.1330032,61.233,61134.0,61234.0,100.0,0.09999679999999955,-3.9396,31.4176,1.185921507341644,0.77,0.1537,6.9649,0.0,0.03,-3.925,31.497,1.1859142933873164,0.8076,0.1754,6.9674,0.0,0.03
61.233,61.333004,61234.0,61334.0,100.0,0.10000400000000553,-3.925,31.497,1.1859142933873164,0.8076,0.1754,6.9674,0.0,0.03,-3.9109,31.5805,1.18591908760022,0.8362,0.1832,6.975,0.0,0.03
61.333004,61.4330025,61334.0,61434.0,100.0,0.0999984999999981,-3.9109,31.5805,1.18591908760022,0.8362,0.1832,6.975,0.0,0.03,-3.8967,31.667,1.1859166527259009,0.8655,0.2134,6.9736,0.0,0.03
61.4330025,61.5330048,61434.0,61534.0,100.0,0.10000229999999988,-3.8967,31.667,1.1859166527259009,0.8655,0.2134,6.9736,0.0,0.03,-3.8842,31.7561,1.1859166527259009,0.8739,0.2192,6.975,0.0,0.03
61.5330048,61.6330032,61534.0,61634.0,100.0,0.09999839999999693,-3.8842,31.7561,1.1859166527259009,0.8739,0.2192,6.975,0.0,0.03,-3.8721,31.8464,1.1859166527259009,0.8842,0.23,6.9742,0.0,0.0
61.6330032,61.733,61634.0,61734.0,100.0,0.09999679999999955,-3.8721,31.8464,1.1859166527259009,0.8842,0.23,6.9742,0.0,0.0,-3.8606,31.9368,1.185911847403356,0.8731,0.2294,6.9711,0.0,0.03
61.733,61.833004,61734.0,61834.0,100.0,0.10000400000000553,-3.8606,31.9368,1.185911847403356,0.8731,0.2294,6.9711,0.0,0.03,-3.8478,32.0263,1.1859166527259004,0.8729,0.2032,6.9762,0.0,0.03
61.833004,61.9330025,61834.0,61934.0,100.0,0.0999984999999981,-3.8478,32.0263,1.1859166527259004,0.8729,0.2032,6.9762,0.0,0.03,-3.8331,32.1151,1.1859166527259004,0.8752,0.1879,6.9749,0.0,0.0
61.9330025,62.0330048,61934.0,62034.0,100.0,0.10000229999999988,-3.8331,32.1151,1.1859166527259004,0.8752,0.1879,6.9749,0.0,0.0,-3.8166,32.2031,1.1859166527259004,0.8771,0.17,6.9712,0.0,0.03
62.0330048,62.1330032,62034.0,62134.0,100.0,0.09999839999999693,-3.8166,32.2031,1.1859166527259004,0.8771,0.17,6.9712,0.0,0.03,-3.7982,32.2907,1.1859166527259004,0.879,0.145,6.9761,0.0,0.03
62.1330032,62.233,62134.0,62234.0,100.0,0.09999679999999955,-3.7982,32.2907,1.1859166527259004,0.879,0.145,6.9761,0.0,0.03,-3.7779,32.3778,1.1859166527259004,0.8797,0.1306,6.9749,0.0,0.0
62.233,62.333004,62234.0,62334.0,100.0,0.10000400000000553,-3.7779,32.3778,1.1859166527259004,0.8797,0.1306,6.9749,0.0,0.0,-3.756,32.4641,1.1859166527259004,0.8811,0.1141,6.9712,0.0,0.03
62.333004,62.4330025,62334.0,62434.0,100.0,0.0999984999999981,-3.756,32.4641,1.1859166527259004,0.8811,0.1141,6.9712,0.0,0.03,-3.7337,32.5503,1.1859093862854728,0.8824,0.1136,6.976,0.0,0.03
62.4330025,62.5330048,62434.0,62534.0,100.0,0.10000229999999988,-3.7337,32.5503,1.1859093862854728,0.8824,0.1136,6.976,0.0,0.03,-3.7134,32.6396,1.185914202717867,0.9094,0.1752,6.9686,0.0,0.03
62.5330048,62.6330032,62534.0,62634.0,100.0,0.09999839999999693,-3.7134,32.6396,1.185914202717867,0.9094,0.1752,6.9686,0.0,0.03,-3.697,32.7326,1.1859093862854728,0.9254,0.2296,6.9691,0.0,0.03
62.6330032,62.733,62634.0,62734.0,100.0,0.09999679999999955,-3.697,32.7326,1.1859093862854728,0.9254,0.2296,6.9691,0.0,0.03,-3.6834,32.8276,1.185911737575297,0.9308,0.2339,6.9731,0.0,0.0
62.733,62.833004,62734.0,62834.0,100.0,0.10000400000000553,-3.6834,32.8276,1.185911737575297,0.9308,0.2339,6.9731,0.0,0.0,-3.6715,32.9236,1.1859069100328432,0.9321,0.2514,6.9745,0.0,0.0
62.833004,62.9330025,62834.0,62934.0,100.0,0.0999984999999981,-3.6715,32.9236,1.1859069100328432,0.9321,0.2514,6.9745,0.0,0.0,-3.6589,33.0197,1.1859069100328432,0.9347,0.2385,6.971,0.0,0.0
62.9330025,63.0330048,62934.0,63034.0,100.0,0.10000229999999988,-3.6589,33.0197,1.1859069100328432,0.9347,0.2385,6.971,0.0,0.0,-3.645,33.1151,1.1859069100328432,0.9321,0.2187,6.9757,0.0,0.0
63.0330048,63.1330032,63034.0,63134.0,100.0,0.09999839999999693,-3.645,33.1151,1.1859069100328432,0.9321,0.2187,6.9757,0.0,0.0,-3.6298,33.2099,1.185911737575297,0.9321,0.2086,6.9745,0.0,0.0
63.1330032,63.233,63134.0,63234.0,100.0,0.09999679999999955,-3.6298,33.2099,1.185911737575297,0.9321,0.2086,6.9745,0.0,0.0,-3.6133,33.304,1.1859069100328432,0.932,0.196,6.9712,0.0,0.0
63.233,63.333004,63234.0,63334.0,100.0,0.10000400000000553,-3.6133,33.304,1.1859069100328432,0.932,0.196,6.9712,0.0,0.0,-3.5955,33.3976,1.1859069100328432,0.9306,0.1768,6.9757,0.0,0.0
63.333004,63.4330025,63334.0,63434.0,100.0,0.0999984999999981,-3.5955,33.3976,1.1859069100328432,0.9306,0.1768,6.9757,0.0,0.0,-3.5765,33.4908,1.1859069100328432,0.9314,0.1669,6.9745,0.0,0.0
63.4330025,63.5330048,63434.0,63534.0,100.0,0.10000229999999988,-3.5765,33.4908,1.1859069100328432,0.9314,0.1669,6.9745,0.0,0.0,-3.5562,33.5833,1.1859069100328432,0.9316,0.1547,6.9713,0.0,0.0
63.5330048,63.6330032,63534.0,63634.0,100.0,0.09999839999999693,-3.5562,33.5833,1.1859069100328432,0.9316,0.1547,6.9713,0.0,0.0,-3.5347,33.6754,1.1859069100328432,0.9299,0.1359,6.9757,0.0,0.0
63.6330032,63.733,63634.0,63734.0,100.0,0.09999679999999955,-3.5347,33.6754,1.1859069100328432,0.9299,0.1359,6.9757,0.0,0.0,-3.5119,33.767,1.1859069100328432,0.9307,0.1269,6.9745,0.0,0.0
63.733,63.833004,63734.0,63834.0,100.0,0.10000400000000553,-3.5119,33.767,1.1859069100328432,0.9307,0.1269,6.9745,0.0,0.0,-3.4879,33.858,1.1859069100328432,0.9311,0.1149,6.9712,0.0,0.0
63.833004,63.9330025,63834.0,63934.0,100.0,0.0999984999999981,-3.4879,33.858,1.1859069100328432,0.9311,0.1149,6.9712,0.0,0.0,-3.4628,33.9484,1.185914202717867,0.9272,0.0977,6.9758,0.0,0.04
63.9330025,64.0330048,63934.0,64034.0,100.0,0.10000229999999988,-3.4628,33.9484,1.185914202717867,0.9272,0.0977,6.9758,0.0,0.04,-3.4367,34.0381,1.1859069100328432,0.9242,0.0903,6.9746,0.0,0.04
64.0330048,64.133,64034.0,64134.0,100.0,0.09999519999999507,-3.4367,34.0381,1.1859069100328432,0.9242,0.0903,6.9746,0.0,0.04,-3.411,34.1274,1.1859069100328432,0.9308,0.1033,6.976,0.0,0.04
64.133,64.233,64134.0,64234.0,100.0,0.10000000000000853,-3.411,34.1274,1.1859069100328432,0.9308,0.1033,6.976,0.0,0.04,-3.3866,34.2197,1.185911737575297,0.9491,0.1265,6.9756,0.0,0.04
64.233,64.333,64234.0,64334.0,100.0,0.09999999999999432,-3.3866,34.2197,1.185911737575297,0.9491,0.1265,6.9756,0.0,0.04,-3.3633,34.314,1.185911737575297,0.9676,0.1607,6.9685,0.0,0.04
64.333,64.43301,64334.0,64434.0,100.0,0.10000999999999749,-3.3633,34.314,1.185911737575297,0.9676,0.1607,6.9685,0.0,0.04,-3.3416,34.4106,1.1859044186446435,0.9721,0.173,6.9715,0.0,0.04
64.43301,64.5330048,64434.0,64534.0,100.0,0.0999948000000046,-3.3416,34.4106,1.1859044186446435,0.9721,0.173,6.9715,0.0,0.04,-3.3204,34.5072,1.1859044186446435,0.9725,0.1601,6.9754,0.0,0.04
64.5330048,64.633,64534.0,64634.0,100.0,0.09999519999999507,-3.3204,34.5072,1.1859044186446435,0.9725,0.1601,6.9754,0.0,0.04,-3.299,34.6052,1.1859019121200414,0.9986,0.1843,6.9741,0.0,0.04
64.633,64.733,64634.0,64734.0,100.0,0.10000000000000853,-3.299,34.6052,1.1859019121200414,0.9986,0.1843,6.9741,0.0,0.04,-3.2798,34.7066,1.1859092572973637,1.0172,0.2272,6.9744,0.0,0.04
64.733,64.833,64734.0,64834.0,100.0,0.09999999999999432,-3.2798,34.7066,1.1859092572973637,1.0172,0.2272,6.9744,0.0,0.04,-3.2635,34.8128,1.1859067618832395,1.0616,0.263,6.9743,0.0,0.04
64.833,64.93301,64834.0,64934.0,100.0,0.10000999999999749,-3.2635,34.8128,1.1859067618832395,1.0616,0.263,6.9743,0.0,0.04,-3.2494,34.9231,1.1859067618832395,1.0898,0.3024,6.9724,0.0,0.04
64.93301,65.0330048,64934.0,65034.0,100.0,0.0999948000000046,-3.2494,34.9231,1.1859067618832395,1.0898,0.3024,6.9724,0.0,0.04,-3.2373,35.0387,1.1858993904582065,1.1322,0.3387,6.9739,0.0,0.04
65.0330048,65.133,65034.0,65134.0,100.0,0.09999519999999507,-3.2373,35.0387,1.1858993904582065,1.1322,0.3387,6.9739,0.0,0.04,-3.2274,35.1598,1.1859042513320903,1.1764,0.3873,6.9701,0.0,0.04
65.133,65.233,65134.0,65234.0,100.0,0.10000000000000853,-3.2274,35.1598,1.1859042513320903,1.1764,0.3873,6.9701,0.0,0.04,-3.2201,35.2852,1.1858993904582065,1.2002,0.417,6.9735,0.0,0.04
65.233,65.333,65234.0,65334.0,100.0,0.09999999999999432,-3.2201,35.2852,1.1858993904582065,1.2002,0.417,6.9735,0.0,0.04,-3.2136,35.4139,1.1859017256430808,1.2159,0.4257,6.9737,0.0,0.04
65.333,65.43301,65334.0,65434.0,100.0,0.10000999999999749,-3.2136,35.4139,1.1859017256430808,1.2159,0.4257,6.9737,0.0,0.04,-3.2075,35.5433,1.1859042513320908,1.2226,0.4294,6.9724,0.0,0.04
65.43301,65.5330048,65434.0,65534.0,100.0,0.0999948000000046,-3.2075,35.5433,1.1859042513320908,1.2226,0.4294,6.9724,0.0,0.04,-3.2009,35.674,1.1859042513320908,1.2445,0.4316,6.9748,0.0,0.04
65.5330048,65.633,65534.0,65634.0,100.0,0.09999519999999507,-3.2009,35.674,1.1859042513320908,1.2445,0.4316,6.9748,0.0,0.04,-3.1955,35.8079,1.1859042513320908,1.2678,0.467,6.9738,0.0,0.0
65.633,65.733,65634.0,65734.0,100.0,0.10000000000000853,-3.1955,35.8079,1.1859042513320908,1.2678,0.467,6.9738,0.0,0.0,-3.1911,35.943,1.1859042513320908,1.264,0.4715,6.9723,0.0,0.0
65.733,65.833,65734.0,65834.0,100.0,0.09999999999999432,-3.1911,35.943,1.1859042513320908,1.264,0.4715,6.9723,0.0,0.0,-3.1871,36.0782,1.1859042513320908,1.2639,0.4701,6.9738,0.0,0.0
65.833,65.93301,65834.0,65934.0,100.0,0.10000999999999749,-3.1871,36.0782,1.1859042513320908,1.2639,0.4701,6.9738,0.0,0.0,-3.1823,36.2123,1.1859042513320908,1.2551,0.4488,6.9749,0.0,0.0
65.93301,66.0330048,65934.0,66034.0,100.0,0.0999948000000046,-3.1823,36.2123,1.1859042513320908,1.2551,0.4488,6.9749,0.0,0.0,-3.1762,36.3455,1.1859042513320908,1.2572,0.4358,6.975,0.0,0.0
66.0330048,66.133,66034.0,66134.0,100.0,0.09999519999999507,-3.1762,36.3455,1.1859042513320908,1.2572,0.4358,6.975,0.0,0.0,-3.1711,36.4794,1.185899390458207,1.2553,0.4643,6.9738,0.0,0.0
66.133,66.233,66134.0,66234.0,100.0,0.10000000000000853,-3.1711,36.4794,1.185899390458207,1.2553,0.4643,6.9738,0.0,0.0,-3.1662,36.6136,1.185899390458207,1.2588,0.456,6.9714,0.0,0.0
66.233,66.333,66234.0,66334.0,100.0,0.09999999999999432,-3.1662,36.6136,1.185899390458207,1.2588,0.456,6.9714,0.0,0.0,-3.1606,36.7474,1.185899390458207,1.256,0.4449,6.9747,0.0,0.0
66.333,66.43301,66334.0,66434.0,100.0,0.10000999999999749,-3.1606,36.7474,1.185899390458207,1.256,0.4449,6.9747,0.0,0.0,-3.1547,36.881,1.185899390458207,1.2562,0.4465,6.9738,0.0,0.0
66.43301,66.5330048,66434.0,66534.0,100.0,0.0999948000000046,-3.1547,36.881,1.185899390458207,1.2562,0.4465,6.9738,0.0,0.0,-3.1487,37.0145,1.1859019121200414,1.2593,0.446,6.9715,0.0,0.0
66.5330048,66.633,66534.0,66634.0,100.0,0.09999519999999507,-3.1487,37.0145,1.1859019121200414,1.2593,0.446,6.9715,0.0,0.0,-3.1423,37.1484,1.185894548263834,1.259,0.4398,6.9746,0.0,0.0
66.633,66.733,66634.0,66734.0,100.0,0.10000000000000853,-3.1423,37.1484,1.185894548263834,1.259,0.4398,6.9746,0.0,0.0,-3.136,37.2822,1.185894548263834,1.2598,0.4457,6.9738,0.0,0.05
66.733,66.833,66734.0,66834.0,100.0,0.09999999999999432,-3.136,37.2822,1.185894548263834,1.2598,0.4457,6.9738,0.0,0.05,-3.1315,37.4172,1.185894548263834,1.2705,0.5028,6.9697,0.0,0.05
66.833,66.93301,66834.0,66934.0,100.0,0.10000999999999749,-3.1315,37.4172,1.185894548263834,1.2705,0.5028,6.9697,0.0,0.05,-3.1307,37.5558,1.1858993904582065,1.2875,0.5291,6.9743,0.0,0.05
66.93301,67.0330048,66934.0,67034.0,100.0,0.0999948000000046,-3.1307,37.5558,1.1858993904582065,1.2875,0.5291,6.9743,0.0,0.05,-3.1348,37.6976,1.1858993904582065,1.3013,0.5939,6.9741,0.0,0.05
67.0330048,67.133,67034.0,67134.0,100.0,0.09999519999999507,-3.1348,37.6976,1.1858993904582065,1.3013,0.5939,6.9741,0.0,0.05,-3.1419,37.8426,1.1858920003536613,1.3194,0.6151,6.9736,0.0,0.0
67.133,67.233,67134.0,67234.0,100.0,0.10000000000000853,-3.1419,37.8426,1.1858920003536613,1.3194,0.6151,6.9736,0.0,0.0,-3.1501,37.989,1.1858993904582065,1.3225,0.6409,6.9717,0.0,0.05
67.233,67.333,67234.0,67334.0,100.0,0.09999999999999432,-3.1501,37.989,1.1858993904582065,1.3225,0.6409,6.9717,0.0,0.05,-3.1592,38.1355,1.1858993904582065,1.3165,0.6268,6.9745,0.0,0.05
67.333,67.43301,67334.0,67434.0,100.0,0.10000999999999749,-3.1592,38.1355,1.1858993904582065,1.3165,0.6268,6.9745,0.0,0.05,-3.1679,38.2818,1.1858920003536613,1.3243,0.6363,6.9738,0.0,0.05
67.43301,67.5330048,67434.0,67534.0,100.0,0.0999948000000046,-3.1679,38.2818,1.1858920003536613,1.3243,0.6363,6.9738,0.0,0.05,-3.1774,38.4302,1.1858993904582065,1.3406,0.6526,6.9716,0.0,0.05
67.5330048,67.633,67534.0,67634.0,100.0,0.09999519999999507,-3.1774,38.4302,1.1858993904582065,1.3406,0.6526,6.9716,0.0,0.05,-3.1876,38.5819,1.1858920003536613,1.385,0.6842,6.9734,0.0,0.05
67.633,67.733,67634.0,67734.0,100.0,0.10000000000000853,-3.1876,38.5819,1.1858920003536613,1.385,0.6842,6.9734,0.0,0.05,-3.2004,38.7399,1.1858968536583012,1.4364,0.7352,6.9721,0.0,0.05
67.733,67.833,67734.0,67834.0,100.0,0.09999999999999432,-3.2004,38.7399,1.1858968536583012,1.4364,0.7352,6.9721,0.0,0.05,-3.2149,38.9038,1.1858920003536613,1.4836,0.7704,6.9712,0.0,0.05
67.833,67.93301,67834.0,67934.0,100.0,0.10000999999999749,-3.2149,38.9038,1.1858920003536613,1.4836,0.7704,6.9712,0.0,0.05,-3.2316,39.0739,1.1858968536583012,1.5261,0.8057,6.9743,0.0,0.05
67.93301,68.0330048,67934.0,68034.0,100.0,0.0999948000000046,-3.2316,39.0739,1.1858968536583012,1.5261,0.8057,6.9743,0.0,0.05,-3.2503,39.2478,1.185889437304373,1.5419,0.8412,6.9736,0.0,0.05
68.0330048,68.133,68034.0,68134.0,100.0,0.09999519999999507,-3.2503,39.2478,1.185889437304373,1.5419,0.8412,6.9736,0.0,0.05,-3.2705,39.4242,1.185889437304373,1.5631,0.8626,6.9727,0.0,0.05
68.133,68.233,68134.0,68234.0,100.0,0.10000000000000853,-3.2705,39.4242,1.185889437304373,1.5631,0.8626,6.9727,0.0,0.05,-3.292,39.6024,1.185889437304373,1.5771,0.8784,6.9711,0.0,0.05
68.233,68.333,68234.0,68334.0,100.0,0.09999999999999432,-3.292,39.6024,1.185889437304373,1.5771,0.8784,6.9711,0.0,0.05,-3.3142,39.7833,1.185889437304373,1.5846,0.8888,6.974,0.0,0.0
68.333,68.43301,68334.0,68434.0,100.0,0.10000999999999749,-3.3142,39.7833,1.185889437304373,1.5846,0.8888,6.974,0.0,0.0,-3.3372,39.9644,1.185889437304373,1.5893,0.8947,6.9733,0.0,0.0
68.43301,68.5330048,68434.0,68534.0,100.0,0.0999948000000046,-3.3372,39.9644,1.185889437304373,1.5893,0.8947,6.9733,0.0,0.0,-3.3608,40.1458,1.1858845915695022,1.588,0.9053,6.9721,0.0,0.0
68.5330048,68.633,68534.0,68634.0,100.0,0.09999519999999507,-3.3608,40.1458,1.1858845915695022,1.588,0.9053,6.9721,0.0,0.0,-3.3848,40.3276,1.1858894373043734,1.5846,0.91,6.97,0.0,0.0
68.633,68.733,68634.0,68734.0,100.0,0.10000000000000853,-3.3848,40.3276,1.1858894373043734,1.5846,0.91,6.97,0.0,0.0,-3.4099,40.5097,1.1858894373043734,1.5906,0.9301,6.9736,0.0,0.0
68.733,68.833,68734.0,68834.0,100.0,0.09999999999999432,-3.4099,40.5097,1.1858894373043734,1.5906,0.9301,6.9736,0.0,0.0,-3.4364,40.6926,1.1858894373043734,1.5902,0.9354,6.9733,0.0,0.0
68.833,68.93301,68834.0,68934.0,100.0,0.10000999999999749,-3.4364,40.6926,1.1858894373043734,1.5902,0.9354,6.9733,0.0,0.0,-3.4632,40.8759,1.1858894373043734,1.5924,0.9431,6.9713,0.0,0.0
68.93301,69.0330048,68934.0,69034.0,100.0,0.0999948000000046,-3.4632,40.8759,1.1858894373043734,1.5924,0.9431,6.9713,0.0,0.0,-3.4906,41.0594,1.1858894373043734,1.5904,0.9437,6.973,0.0,0.0
69.0330048,69.133,69034.0,69134.0,100.0,0.09999519999999507,-3.4906,41.0594,1.1858894373043734,1.5904,0.9437,6.973,0.0,0.0,-3.5181,41.2425,1.1858868591151237,1.5887,0.9509,6.972,0.0,0.0
69.133,69.233,69134.0,69234.0,100.0,0.10000000000000853,-3.5181,41.2425,1.1858868591151237,1.5887,0.9509,6.972,0.0,0.0,-3.5458,41.4257,1.1858868591151237,1.5789,0.9426,6.973,0.0,0.0
69.233,69.333,69234.0,69334.0,100.0,0.09999999999999432,-3.5458,41.4257,1.1858868591151237,1.5789,0.9426,6.973,0.0,0.0,-3.5743,41.6082,1.1858868591151237,1.5796,0.9493,6.9713,0.0,0.0
69.333,69.43301,69334.0,69434.0,100.0,0.10000999999999749,-3.5743,41.6082,1.1858868591151237,1.5796,0.9493,6.9713,0.0,0.0,-3.6024,41.7915,1.1858868591151237,1.6045,0.9508,6.9738,0.0,0.06
69.43301,69.5330048,69434.0,69534.0,100.0,0.0999948000000046,-3.6024,41.7915,1.1858868591151237,1.6045,0.9508,6.9738,0.0,0.06,-3.6317,41.9797,1.1858868591151237,1.6441,0.9859,6.974,0.0,0.06
69.5330048,69.633,69534.0,69634.0,100.0,0.09999519999999507,-3.6317,41.9797,1.1858868591151237,1.6441,0.9859,6.974,0.0,0.06,-3.6626,42.1723,1.1858917346409206,1.687,1.0297,6.9732,0.0,0.06
69.633,69.733,69634.0,69734.0,100.0,0.10000000000000853,-3.6626,42.1723,1.1858917346409206,1.687,1.0297,6.9732,0.0,0.06,-3.6954,42.3706,1.1858868591151241,1.7279,1.0644,6.9699,0.0,0.06
69.733,69.833,69734.0,69834.0,100.0,0.09999999999999432,-3.6954,42.3706,1.1858868591151241,1.7279,1.0644,6.9699,0.0,0.06,-3.7292,42.5727,1.1858868591151241,1.7484,1.076,6.9736,0.0,0.06
69.833,69.93301,69834.0,69934.0,100.0,0.10000999999999749,-3.7292,42.5727,1.1858868591151241,1.7484,1.076,6.9736,0.0,0.06,-3.7635,42.7766,1.1858868591151241,1.7619,1.0876,6.9732,0.0,0.06
69.93301,70.0330048,69934.0,70034.0,100.0,0.0999948000000046,-3.7635,42.7766,1.1858868591151241,1.7619,1.0876,6.9732,0.0,0.06,-3.7986,42.9824,1.1858868591151241,1.7833,1.1118,6.9723,0.0,0.06
70.0330048,70.133,70034.0,70134.0,100.0,0.09999519999999507,-3.7986,42.9824,1.1858868591151241,1.7833,1.1118,6.9723,0.0,0.06,-3.8348,43.1908,1.1858868591151241,1.792,1.12,6.9736,0.0,0.06
70.133,70.233,70134.0,70234.0,100.0,0.10000000000000853,-3.8348,43.1908,1.1858868591151241,1.792,1.12,6.9736,0.0,0.06,-3.872,43.4005,1.1858793978298883,1.8077,1.1458,6.9733,0.0,0.06
70.233,70.333,70234.0,70334.0,100.0,0.09999999999999432,-3.872,43.4005,1.1858793978298883,1.8077,1.1458,6.9733,0.0,0.06,-3.9108,43.6129,1.1858793978298883,1.823,1.1688,6.9718,0.0,0.06
70.333,70.43301,70334.0,70434.0,100.0,0.10000999999999749,-3.9108,43.6129,1.1858793978298883,1.823,1.1688,6.9718,0.0,0.06,-3.9511,43.8276,1.1858793978298883,1.8331,1.189,6.9735,0.0,0.0
70.43301,70.5330048,70434.0,70534.0,100.0,0.0999948000000046,-3.9511,43.8276,1.1858793978298883,1.8331,1.189,6.9735,0.0,0.0,-3.9932,44.0431,1.1858793978298883,1.8284,1.2022,6.9735,0.0,0.0
70.5330048,70.633,70534.0,70634.0,100.0,0.09999519999999507,-3.9932,44.0431,1.1858793978298883,1.8284,1.2022,6.9735,0.0,0.0,-4.0363,44.2589,1.1858793978298883,1.8329,1.2116,6.9731,0.0,0.06
70.633,70.733,70634.0,70734.0,100.0,0.10000000000000853,-4.0363,44.2589,1.1858793978298883,1.8329,1.2116,6.9731,0.0,0.06,-4.0798,44.4764,1.1858793978298883,1.8678,1.2292,6.9717,0.0,0.06
70.733,70.833,70734.0,70834.0,100.0,0.09999999999999432,-4.0798,44.4764,1.1858793978298883,1.8678,1.2292,6.9717,0.0,0.06,-4.1225,44.6987,1.1858793978298883,1.9207,1.2401,6.9723,0.0,0.06
70.833,70.93301,70834.0,70934.0,100.0,0.10000999999999749,-4.1225,44.6987,1.1858793978298883,1.9207,1.2401,6.9723,0.0,0.06,-4.1652,44.9254,1.1858793978298883,1.9369,1.2487,6.9734,0.0,0.0
70.93301,71.0330048,70934.0,71034.0,100.0,0.0999948000000046,-4.1652,44.9254,1.1858793978298883,1.9369,1.2487,6.9734,0.0,0.0,-4.209,45.1528,1.1858793978298883,1.9353,1.2687,6.973,0.0,0.0
71.0330048,71.133,71034.0,71134.0,100.0,0.09999519999999507,-4.209,45.1528,1.1858793978298883,1.9353,1.2687,6.973,0.0,0.0,-4.2547,45.3808,1.1858793978298883,1.9321,1.2896,6.9728,0.0,0.0
71.133,71.233,71134.0,71234.0,100.0,0.10000000000000853,-4.2547,45.3808,1.1858793978298883,1.9321,1.2896,6.9728,0.0,0.0,-4.3021,45.6095,1.1858793978298883,1.9384,1.3118,6.9718,0.0,0.0
71.233,71.333,71234.0,71334.0,100.0,0.09999999999999432,-4.3021,45.6095,1.1858793978298883,1.9384,1.3118,6.9718,0.0,0.0,-4.3515,45.839,1.1858793978298883,1.9324,1.3243,6.9735,0.0,0.0
71.333,71.43301,71334.0,71434.0,100.0,0.10000999999999749,-4.3515,45.839,1.1858793978298883,1.9324,1.3243,6.9735,0.0,0.0,-4.4027,46.0691,1.1858719178636752,1.9324,1.3467,6.973,0.0,0.0
71.43301,71.5330048,71434.0,71534.0,100.0,0.0999948000000046,-4.4027,46.0691,1.1858719178636752,1.9324,1.3467,6.973,0.0,0.0,-4.4556,46.2997,1.1858719178636752,1.9317,1.3649,6.9714,0.0,0.0
71.5330048,71.633,71534.0,71634.0,100.0,0.09999519999999507,-4.4556,46.2997,1.1858719178636752,1.9317,1.3649,6.9714,0.0,0.0,-4.51,46.5304,1.1858719178636752,1.9223,1.3735,6.9732,0.0,0.0
71.633,71.733,71634.0,71734.0,100.0,0.10000000000000853,-4.51,46.5304,1.1858719178636752,1.9223,1.3735,6.9732,0.0,0.0,-4.5657,46.7614,1.1858767782477126,1.9229,1.3898,6.9731,0.0,0.0
71.733,71.833,71734.0,71834.0,100.0,0.09999999999999432,-4.5657,46.7614,1.1858767782477126,1.9229,1.3898,6.9731,0.0,0.0,-4.6226,46.9925,1.1858767782477126,1.9182,1.3997,6.9713,0.0,0.0
71.833,71.93301,71834.0,71934.0,100.0,0.10000999999999749,-4.6226,46.9925,1.1858767782477126,1.9182,1.3997,6.9713,0.0,0.0,-4.68,47.2246,1.1858767782477126,1.9499,1.4066,6.973,0.0,0.07
71.93301,72.0330048,71934.0,72034.0,100.0,0.0999948000000046,-4.68,47.2246,1.1858767782477126,1.9499,1.4066,6.973,0.0,0.07,-4.7365,47.462,1.1858767782477126,2.0113,1.4208,6.9726,0.0,0.07
72.0330048,72.133,72034.0,72134.0,100.0,0.09999519999999507,-4.7365,47.462,1.1858767782477126,2.0113,1.4208,6.9726,0.0,0.07,-4.7916,47.7053,1.1858767782477126,2.0532,1.4328,6.9716,0.0,0.07
72.133,72.233,72134.0,72234.0,100.0,0.10000000000000853,-4.7916,47.7053,1.1858767782477126,2.0532,1.4328,6.9716,0.0,0.07,-4.8475,47.9506,1.1858767782477126,2.0568,1.4422,6.9731,0.0,0.0
72.233,72.333,72234.0,72334.0,100.0,0.09999999999999432,-4.8475,47.9506,1.1858767782477126,2.0568,1.4422,6.9731,0.0,0.0,-4.9045,48.1973,1.1858767782477126,2.0743,1.4623,6.9728,0.0,0.07
72.333,72.43301,72334.0,72434.0,100.0,0.10000999999999749,-4.9045,48.1973,1.1858767782477126,2.0743,1.4623,6.9728,0.0,0.07,-4.9609,48.4472,1.1858767782477126,2.1115,1.4703,6.9714,0.0,0.07
72.43301,72.5330048,72434.0,72534.0,100.0,0.0999948000000046,-4.9609,48.4472,1.1858767782477126,2.1115,1.4703,6.9714,0.0,0.07,-5.0178,48.7003,1.1858767782477126,2.1335,1.486,6.9717,0.0,0.07
72.5330048,72.633,72534.0,72634.0,100.0,0.09999519999999507,-5.0178,48.7003,1.1858767782477126,2.1335,1.486,6.9717,0.0,0.07,-5.0756,48.956,1.1858719178636752,2.1475,1.4981,6.9733,0.0,0.07
72.633,72.733,72634.0,72734.0,100.0,0.10000000000000853,-5.0756,48.956,1.1858719178636752,2.1475,1.4981,6.9733,0.0,0.07,-5.1337,49.2143,1.1858767782477126,2.1821,1.5169,6.9729,0.0,0.07
72.733,72.833,72734.0,72834.0,100.0,0.09999999999999432,-5.1337,49.2143,1.1858767782477126,2.1821,1.5169,6.9729,0.0,0.07,-5.1923,49.475,1.1858719178636752,2.1904,1.5161,6.9721,0.0,0.07
72.833,72.93301,72834.0,72934.0,100.0,0.10000999999999749,-5.1923,49.475,1.1858719178636752,2.1904,1.5161,6.9721,0.0,0.07,-5.2498,49.7375,1.1858767782477126,2.221,1.5197,6.973,0.0,0.07
72.93301,73.0330048,72934.0,73034.0,100.0,0.0999948000000046,-5.2498,49.7375,1.1858767782477126,2.221,1.5197,6.973,0.0,0.07,-5.3062,50.0035,1.185869272028748,2.264,1.5201,6.9727,0.0,0.07
73.0330048,73.133,73034.0,73134.0,100.0,0.09999519999999507,-5.3062,50.0035,1.185869272028748,2.264,1.5201,6.9727,0.0,0.07,-5.3609,50.2732,1.1858767782477126,2.3005,1.5217,6.9716,0.0,0.07
73.133,73.233,73134.0,73234.0,100.0,0.10000000000000853,-5.3609,50.2732,1.1858767782477126,2.3005,1.5217,6.9716,0.0,0.07,-5.4144,50.5466,1.185869272028748,2.3498,1.5229,6.9728,0.0,0.07
73.233,73.333,73234.0,73334.0,100.0,0.09999999999999432,-5.4144,50.5466,1.185869272028748,2.3498,1.5229,6.9728,0.0,0.07,-5.4669,50.824,1.185869272028748,2.3752,1.5321,6.9727,0.0,0.07
73.333,73.43301,73334.0,73434.0,100.0,0.10000999999999749,-5.4669,50.824,1.185869272028748,2.3752,1.5321,6.9727,0.0,0.07,-5.5189,51.1043,1.185869272028748,2.4096,1.5356,6.9716,0.0,0.07
73.43301,73.5330048,73434.0,73534.0,100.0,0.0999948000000046,-5.5189,51.1043,1.185869272028748,2.4096,1.5356,6.9716,0.0,0.07,-5.5702,51.3871,1.185869272028748,2.4253,1.5395,6.9729,0.0,0.0
73.5330048,73.633,73534.0,73634.0,100.0,0.09999519999999507,-5.5702,51.3871,1.185869272028748,2.4253,1.5395,6.9729,0.0,0.0,-5.622,51.671,1.185869272028748,2.4261,1.5507,6.9727,0.0,0.0
73.633,73.733,73634.0,73734.0,100.0,0.10000000000000853,-5.622,51.671,1.185869272028748,2.4261,1.5507,6.9727,0.0,0.0,-5.6747,51.9549,1.185869272028748,2.4228,1.5593,6.9716,0.0,0.0
73.733,73.833,73734.0,73834.0,100.0,0.09999999999999432,-5.6747,51.9549,1.185869272028748,2.4228,1.5593,6.9716,0.0,0.0,-5.7284,52.2387,1.185869272028748,2.4166,1.5659,6.9729,0.0,0.0
73.833,73.93301,73834.0,73934.0,100.0,0.10000999999999749,-5.7284,52.2387,1.185869272028748,2.4166,1.5659,6.9729,0.0,0.0,-5.7831,52.5226,1.185869272028748,2.4135,1.5788,6.9727,0.0,0.0
73.93301,74.0330048,73934.0,74034.0,100.0,0.0999948000000046,-5.7831,52.5226,1.185869272028748,2.4135,1.5788,6.9727,0.0,0.0,-5.839,52.8065,1.185869272028748,2.4103,1.5898,6.9715,0.0,0.0
74.0330048,74.133,74034.0,74134.0,100.0,0.09999519999999507,-5.839,52.8065,1.185869272028748,2.4103,1.5898,6.9715,0.0,0.0,-5.8961,53.0904,1.185869272028748,2.4035,1.5982,6.9729,0.0,0.0
74.133,74.233,74134.0,74234.0,100.0,0.10000000000000853,-5.8961,53.0904,1.185869272028748,2.4035,1.5982,6.9729,0.0,0.0,-5.9544,53.3743,1.185869272028748,2.4,1.6131,6.9727,0.0,0.0
74.233,74.333,74234.0,74334.0,100.0,0.09999999999999432,-5.9544,53.3743,1.185869272028748,2.4,1.6131,6.9727,0.0,0.0,-6.014,53.6582,1.185869272028748,2.3962,1.6264,6.9715,0.0,0.0
