stamp_s,time_s,phase,target_speed_mps,target_accel_mps2,controller_speed_mps,controller_accel_mps2,controller_steering_rad,throttle_command,throttle_feedback,steering_command,steering_feedback,speed_mps,ax_mps2,ay_mps2,yaw_rate_radps,imu_yaw_rad,left_encoder_rad,right_encoder_rad,x_odom_m,y_odom_m,yaw_odom_rad,gt_x_m,gt_y_m,gt_z_m,gt_yaw_rad,gt_vx_mps,gt_vy_mps,gt_vz_mps,gt_speed_mps,gt_yaw_rate_radps,gt_collision_count,x_amcl_m,y_amcl_m,yaw_amcl_rad,amcl_xy_variance,amcl_yaw_variance,x_ekf_m,y_ekf_m,yaw_ekf_rad,ekf_xy_variance,ekf_yaw_variance,lidar_rate_hz,lidar_event_count,imu_rate_hz,imu_event_count,left_encoder_rate_hz,left_encoder_event_count,right_encoder_rate_hz,right_encoder_event_count,odom_rate_hz,odom_event_count,gt_odom_rate_hz,gt_odom_event_count,gt_ips_rate_hz,gt_ips_event_count,collision_rate_hz,collision_event_count,amcl_rate_hz,amcl_event_count,ekf_rate_hz,ekf_event_count,controller_command_rate_hz,controller_command_event_count,throttle_command_rate_hz,throttle_command_event_count,steering_command_rate_hz,steering_command_event_count,throttle_feedback_rate_hz,throttle_feedback_event_count,steering_feedback_rate_hz,steering_feedback_event_count,amcl_timing_ms,amcl_gpu_transfer_ms,amcl_gpu_pf_ms,amcl_gpu_callback_ms,amcl_pose_published,amcl_cluster_weight,amcl_kld_pre_particles,amcl_kld_bins,amcl_kld_target,amcl_kld_particles
1788167969.231343,0.068372742,reset,0.0,0.0,0.0,0.0,0.0,0.0,0.800000011920929,0.0,0.0,20.8853814673161,0.0,0.0,0.0,-0.0018963905219876686,49686.82,49686.83,1377.4946550232269,-11.796390435059136,-0.0018963905219876688,568.2836,0.12,-4100.791,-0.0018963905219876686,-35.8428,-0.0052,-2.4113,35.84280037720267,0.0,0,nan,nan,nan,nan,nan,nan,nan,nan,nan,nan,nan,1,nan,1,nan,1,nan,1,nan,2,nan,1,nan,1,nan,1,nan,nan,nan,nan,nan,2,nan,2,nan,2,nan,1,nan,1,nan,nan,nan,nan,nan,nan,nan,nan,nan,nan
1788167969.2513826,0.088412325,reset,0.0,0.0,0.0,0.0,0.0,0.0,0.800000011920929,0.0,0.0,20.8853814673161,0.0,0.0,0.0,-0.0018963905219876686,49686.82,49686.83,1377.4946550232269,-11.796390435059136,-0.0018963905219876688,568.2836,0.12,-4100.791,-0.0018963905219876686,-35.8428,-0.0052,-2.4113,35.84280037720267,0.0,0,nan,nan,nan,nan,nan,nan,nan,nan,nan,nan,nan,1,nan,1,nan,1,nan,1,nan,2,nan,1,nan,1,nan,1,nan,nan,nan,nan,nan,2,nan,3,nan,3,nan,1,nan,1,nan,nan,nan,nan,nan,nan,nan,nan,nan,nan
1788167969.2713375,0.10836733,reset,0.0,0.0,0.0,0.0,0.0,0.0,0.800000011920929,0.0,0.0,20.8853814673161,0.0,0.0,0.0,-0.0018963905219876686,49686.82,49686.83,1377.4946550232269,-11.796390435059136,-0.0018963905219876688,568.2836,0.12,-4100.791,-0.0018963905219876686,-35.8428,-0.0052,-2.4113,35.84280037720267,0.0,0,nan,nan,nan,nan,nan,nan,nan,nan,nan,nan,nan,1,nan,1,nan,1,nan,1,nan,2,nan,1,nan,1,nan,1,nan,nan,nan,nan,nan,2,nan,4,nan,4,nan,1,nan,1,nan,nan,nan,nan,nan,nan,nan,nan,nan,nan
1788167969.2914019,0.128431463,reset,0.0,0.0,0.0,0.0,0.0,0.0,0.800000011920929,0.0,0.0,20.8853814673161,0.0,0.0,0.0,-0.0018963905219876686,49686.82,49686.83,1377.4946550232269,-11.796390435059136,-0.0018963905219876688,568.2836,0.12,-4100.791,-0.0018963905219876686,-35.8428,-0.0052,-2.4113,35.84280037720267,0.0,0,nan,nan,nan,nan,nan,nan,nan,nan,nan,nan,nan,1,nan,1,nan,1,nan,1,nan,2,nan,1,nan,1,nan,1,nan,nan,nan,nan,nan,2,nan,5,nan,5,nan,1,nan,1,nan,nan,nan,nan,nan,nan,nan,nan,nan,nan
1788167969.3113687,0.14839854,reset,0.0,0.0,0.0,0.0,0.0,0.0,0.800000011920929,0.0,0.0,20.8853814673161,0.0,0.0,0.0,-0.0018963905219876686,49686.82,49686.83,1377.4946550232269,-11.796390435059136,-0.0018963905219876688,568.2836,0.12,-4100.791,-0.0018963905219876686,-35.8428,-0.0052,-2.4113,35.84280037720267,0.0,0,nan,nan,nan,nan,nan,nan,nan,nan,nan,nan,nan,1,nan,1,nan,1,nan,1,nan,2,nan,1,nan,1,nan,1,nan,nan,nan,nan,nan,2,nan,6,nan,6,nan,1,nan,1,nan,nan,nan,nan,nan,nan,nan,nan,nan,nan
1788167969.3313284,0.168357897,reset,0.0,0.0,0.0,0.0,0.0,0.0,0.800000011920929,0.0,0.0,12.037103560000002,0.0,0.0,0.0,-0.0018963905219876686,49720.84,49720.85,6.102369999999802,0.0,0.0,568.2836,0.12,-4104.368,-0.0018963905219876686,-35.8428,-0.0052,-2.4112,35.84280037720267,0.0,0,nan,nan,nan,nan,nan,nan,nan,nan,nan,nan,nan,2,nan,2,nan,2,nan,2,nan,4,nan,2,nan,2,nan,2,nan,nan,nan,nan,nan,2,nan,7,nan,7,nan,2,nan,2,nan,nan,nan,nan,nan,nan,nan,nan,nan,nan
1788167969.3513558,0.188385321,reset,0.0,0.0,0.0,0.0,0.0,0.0,0.800000011920929,0.0,0.0,12.037103560000002,0.0,0.0,0.0,-0.0018963905219876686,49720.84,49720.85,6.102369999999802,0.0,0.0,568.2836,0.12,-4104.368,-0.0018963905219876686,-35.8428,-0.0052,-2.4112,35.84280037720267,0.0,0,nan,nan,nan,nan,nan,nan,nan,nan,nan,nan,nan,2,nan,2,nan,2,nan,2,nan,4,nan,2,nan,2,nan,2,nan,nan,nan,nan,nan,2,nan,8,nan,8,nan,2,nan,2,nan,nan,nan,nan,nan,nan,nan,nan,nan,nan
1788167969.3713136,0.208343279,reset,0.0,0.0,0.0,0.0,0.0,0.0,0.800000011920929,0.0,0.0,12.037103560000002,0.0,0.0,0.0,-0.0018963905219876686,49720.84,49720.85,6.102369999999802,0.0,0.0,568.2836,0.12,-4104.368,-0.0018963905219876686,-35.8428,-0.0052,-2.4112,35.84280037720267,0.0,0,nan,nan,nan,nan,nan,nan,nan,nan,nan,nan,nan,2,nan,2,nan,2,nan,2,nan,4,nan,2,nan,2,nan,2,nan,nan,nan,nan,nan,2,nan,9,nan,9,nan,2,nan,2,nan,nan,nan,nan,nan,nan,nan,nan,nan,nan
1788167969.3913522,0.228381795,reset,0.0,0.0,0.0,0.0,0.0,0.0,0.800000011920929,0.0,0.0,12.037103560000002,0.0,0.0,0.0,-0.0018963905219876686,49720.84,49720.85,6.102369999999802,0.0,0.0,568.2836,0.12,-4104.368,-0.0018963905219876686,-35.8428,-0.0052,-2.4112,35.84280037720267,0.0,0,nan,nan,nan,nan,nan,nan,nan,nan,nan,nan,nan,2,nan,2,nan,2,nan,2,nan,4,nan,2,nan,2,nan,2,nan,nan,nan,nan,nan,2,nan,10,nan,10,nan,2,nan,2,nan,nan,nan,nan,nan,nan,nan,nan,nan,nan
1788167969.4113455,0.248375189,reset,0.0,0.0,0.0,0.0,0.0,0.0,0.800000011920929,0.0,0.0,12.037103560000002,0.0,0.0,0.0,-0.0018963905219876686,49720.84,49720.85,6.102369999999802,0.0,0.0,568.2836,0.12,-4104.368,-0.0018963905219876686,-35.8428,-0.0052,-2.4112,35.84280037720267,0.0,0,nan,nan,nan,nan,nan,nan,nan,nan,nan,nan,nan,2,nan,2,nan,2,nan,2,nan,4,nan,2,nan,2,nan,2,nan,nan,nan,nan,nan,2,nan,11,nan,11,nan,2,nan,2,nan,nan,nan,nan,nan,nan,nan,nan,nan,nan
1788167969.4513311,0.288360922,settle,0.0,0.0,0.0,0.0,0.0,0.0,0.800000011920929,0.0,0.0,15.963653960000002,0.0,0.0,0.0,-0.0018963905219876686,49755.2,49755.21,8.129609999999836,0.0,0.0,568.2836,0.12,-4107.981,-0.0018963905219876686,-35.8428,-0.0052,-2.4111,35.84280037720267,0.0,0,nan,nan,nan,nan,nan,nan,nan,nan,nan,nan,nan,3,nan,3,nan,3,nan,3,nan,6,nan,3,nan,3,nan,3,nan,nan,nan,nan,nan,2,nan,12,nan,12,nan,3,nan,3,nan,nan,nan,nan,nan,nan,nan,nan,nan,nan
1788167969.4713435,0.308373041,settle,0.0,0.0,0.0,0.0,0.0,0.0,0.800000011920929,0.0,0.0,15.963653960000002,0.0,0.0,0.0,-0.0018963905219876686,49755.2,49755.21,8.129609999999836,0.0,0.0,568.2836,0.12,-4107.981,-0.0018963905219876686,-35.8428,-0.0052,-2.4111,35.84280037720267,0.0,0,nan,nan,nan,nan,nan,nan,nan,nan,nan,nan,nan,3,nan,3,nan,3,nan,3,nan,6,nan,3,nan,3,nan,3,nan,nan,nan,nan,nan,2,nan,13,nan,13,nan,3,nan,3,nan,nan,nan,nan,nan,nan,nan,nan,nan,nan
1788167969.4913695,0.328399364,settle,0.0,0.0,0.0,0.0,0.0,0.0,0.800000011920929,0.0,0.0,15.963653960000002,0.0,0.0,0.0,-0.0018963905219876686,49755.2,49755.21,8.129609999999836,0.0,0.0,568.2836,0.12,-4107.981,-0.0018963905219876686,-35.8428,-0.0052,-2.4111,35.84280037720267,0.0,0,nan,nan,nan,nan,nan,nan,nan,nan,nan,nan,nan,3,nan,3,nan,3,nan,3,nan,6,nan,3,nan,3,nan,3,nan,nan,nan,nan,nan,2,nan,14,nan,14,nan,3,nan,3,nan,nan,nan,nan,nan,nan,nan,nan,nan,nan
1788167969.5113368,0.348366381,settle,0.0,0.0,0.0,0.0,0.0,0.0,0.800000011920929,0.0,0.0,15.963653960000002,0.0,0.0,0.0,-0.0018963905219876686,49755.2,49755.21,8.129609999999836,0.0,0.0,568.2836,0.12,-4107.981,-0.0018963905219876686,-35.8428,-0.0052,-2.4111,35.84280037720267,0.0,0,nan,nan,nan,nan,nan,nan,nan,nan,nan,nan,nan,3,nan,3,nan,3,nan,3,nan,6,nan,3,nan,3,nan,3,nan,nan,nan,nan,nan,2,nan,15,nan,15,nan,3,nan,3,nan,nan,nan,nan,nan,nan,nan,nan,nan,nan
1788167969.5312839,0.368313472,settle,0.0,0.0,0.0,0.0,0.0,0.0,0.800000011920929,0.0,0.0,19.673871640031482,0.0,0.0,0.0,-0.0018963905219876686,49789.56,49789.57,1383.5563041234652,-11.807885702740577,-0.0018963905219876688,568.2836,0.12,-4111.594,-0.0018963905219876686,-35.8428,-0.0052,-2.4111,35.84280037720267,0.0,0,nan,nan,nan,nan,nan,nan,nan,nan,nan,nan,nan,4,nan,4,nan,4,nan,4,nan,8,nan,4,nan,4,nan,4,nan,nan,nan,nan,nan,2,nan,16,nan,16,nan,4,nan,4,nan,nan,nan,nan,nan,nan,nan,nan,nan,nan
1788167969.5513015,0.388331216,settle,0.0,0.0,0.0,0.0,0.0,0.0,0.800000011920929,0.0,0.0,19.673871640031482,0.0,0.0,0.0,-0.0018963905219876686,49789.56,49789.57,1383.5563041234652,-11.807885702740577,-0.0018963905219876688,568.2836,0.12,-4111.594,-0.0018963905219876686,-35.8428,-0.0052,-2.4111,35.84280037720267,0.0,0,nan,nan,nan,nan,nan,nan,nan,nan,nan,nan,nan,4,nan,4,nan,4,nan,4,nan,8,nan,4,nan,4,nan,4,nan,nan,nan,nan,nan,2,nan,17,nan,17,nan,4,nan,4,nan,nan,nan,nan,nan,nan,nan,nan,nan,nan
1788167969.5714064,0.408436185,settle,0.0,0.0,0.0,0.0,0.0,0.0,0.800000011920929,0.0,0.0,19.673871640031482,0.0,0.0,0.0,-0.0018963905219876686,49789.56,49789.57,1383.5563041234652,-11.807885702740577,-0.0018963905219876688,568.2836,0.12,-4111.594,-0.0018963905219876686,-35.8428,-0.0052,-2.4111,35.84280037720267,0.0,0,nan,nan,nan,nan,nan,nan,nan,nan,nan,nan,nan,4,nan,4,nan,4,nan,4,nan,8,nan,4,nan,4,nan,4,nan,nan,nan,nan,nan,2,nan,18,nan,18,nan,4,nan,4,nan,nan,nan,nan,nan,nan,nan,nan,nan,nan
1788167969.591345,0.428374606,settle,0.0,0.0,0.0,0.0,0.0,0.0,0.800000011920929,0.0,0.0,19.673871640031482,0.0,0.0,0.0,-0.0018963905219876686,49789.56,49789.57,1383.5563041234652,-11.807885702740577,-0.0018963905219876688,568.2836,0.12,-4111.594,-0.0018963905219876686,-35.8428,-0.0052,-2.4111,35.84280037720267,0.0,0,nan,nan,nan,nan,nan,nan,nan,nan,nan,nan,nan,4,nan,4,nan,4,nan,4,nan,8,nan,4,nan,4,nan,4,nan,nan,nan,nan,nan,2,nan,19,nan,19,nan,4,nan,4,nan,nan,nan,nan,nan,nan,nan,nan,nan,nan
1788167969.6115947,0.448624385,settle,0.0,0.0,0.0,0.0,0.0,0.0,0.800000011920929,0.0,0.0,22.994550720031484,0.0,0.0,0.0,-0.0018963905219876686,49822.2,49822.21,1385.4820606606638,-11.81153769356326,-0.0018963905219876688,568.2836,0.12,-4115.027,-0.0018963905219876686,-35.8428,-0.0052,-2.411,35.84280037720267,0.0,0,nan,nan,nan,nan,nan,nan,nan,nan,nan,nan,nan,5,nan,5,nan,5,nan,5,nan,10,nan,5,nan,5,nan,5,nan,nan,nan,nan,nan,2,nan,20,nan,20,nan,5,nan,5,nan,nan,nan,nan,nan,nan,nan,nan,nan,nan
1788167969.6315026,0.468532455,settle,0.0,0.0,0.0,0.0,0.0,0.0,0.800000011920929,0.0,0.0,22.994550720031484,0.0,0.0,0.0,-0.0018963905219876686,49822.2,49822.21,1385.4820606606638,-11.81153769356326,-0.0018963905219876688,568.2836,0.12,-4115.027,-0.0018963905219876686,-35.8428,-0.0052,-2.411,35.84280037720267,0.0,0,nan,nan,nan,nan,nan,nan,nan,nan,nan,nan,nan,5,nan,5,nan,5,nan,5,nan,10,nan,5,nan,5,nan,5,nan,nan,nan,nan,nan,2,nan,21,nan,21,nan,5,nan,5,nan,nan,nan,nan,nan,nan,nan,nan,nan,nan
1788167969.651407,0.488436687,settle,0.0,0.0,0.0,0.0,0.0,0.0,0.800000011920929,0.0,0.0,22.994550720031484,0.0,0.0,0.0,-0.0018963905219876686,49822.2,49822.21,1385.4820606606638,-11.81153769356326,-0.0018963905219876688,568.2836,0.12,-4115.027,-0.0018963905219876686,-35.8428,-0.0052,-2.411,35.84280037720267,0.0,0,nan,nan,nan,nan,nan,nan,nan,nan,nan,nan,nan,5,nan,5,nan,5,nan,5,nan,10,nan,5,nan,5,nan,5,nan,nan,nan,nan,nan,2,nan,22,nan,22,nan,5,nan,5,nan,nan,nan,nan,nan,nan,nan,nan,nan,nan
1788167969.671679,0.508708775,settle,0.0,0.0,0.0,0.0,0.0,0.0,0.800000011920929,0.0,0.0,22.994550720031484,0.0,0.0,0.0,-0.0018963905219876686,49822.2,49822.21,1385.4820606606638,-11.81153769356326,-0.0018963905219876688,568.2836,0.12,-4115.027,-0.0018963905219876686,-35.8428,-0.0052,-2.411,35.84280037720267,0.0,0,nan,nan,nan,nan,nan,nan,nan,nan,nan,nan,nan,5,nan,5,nan,5,nan,5,nan,10,nan,5,nan,5,nan,5,nan,nan,nan,nan,nan,2,nan,23,nan,23,nan,5,nan,5,nan,nan,nan,nan,nan,nan,nan,nan,nan,nan
1788167969.691661,0.528690467,settle,0.0,0.0,0.0,0.0,0.0,0.0,0.800000011920929,0.0,0.0,22.994550720031484,0.0,0.0,0.0,-0.0018963905219876686,49822.2,49822.21,1385.4820606606638,-11.81153769356326,-0.0018963905219876688,568.2836,0.12,-4115.027,-0.0018963905219876686,-35.8428,-0.0052,-2.411,35.84280037720267,0.0,0,nan,nan,nan,nan,nan,nan,nan,nan,nan,nan,nan,5,nan,5,nan,5,nan,5,nan,10,nan,5,nan,5,nan,5,nan,nan,nan,nan,nan,2,nan,24,nan,24,nan,5,nan,5,nan,nan,nan,nan,nan,nan,nan,nan,nan,nan
1788167969.7112486,0.548278342,settle,0.0,0.0,0.0,0.0,0.0,0.0,0.800000011920929,0.0,0.0,18.937850280031483,0.0,0.0,0.0,-0.0018963905219876686,49852.44,49852.45,1387.2662174524803,-11.81492115564898,-0.0018963905219876688,568.2836,0.12,-4118.207,-0.0018963905219876686,-35.8428,-0.0052,-2.4111,35.84280037720267,0.0,0,nan,nan,nan,nan,nan,nan,nan,nan,nan,nan,nan,6,nan,6,nan,6,nan,6,nan,12,nan,6,nan,6,nan,6,nan,nan,nan,nan,nan,2,nan,25,nan,25,nan,6,nan,6,nan,nan,nan,nan,nan,nan,nan,nan,nan,nan
1788167969.7313392,0.56836883,settle,0.0,0.0,0.0,0.0,0.0,0.0,0.800000011920929,0.0,0.0,18.937850280031483,0.0,0.0,0.0,-0.0018963905219876686,49852.44,49852.45,1387.2662174524803,-11.81492115564898,-0.0018963905219876688,568.2836,0.12,-4118.207,-0.0018963905219876686,-35.8428,-0.0052,-2.4111,35.84280037720267,0.0,0,nan,nan,nan,nan,nan,nan,nan,nan,nan,nan,nan,6,nan,6,nan,6,nan,6,nan,12,nan,6,nan,6,nan,6,nan,nan,nan,nan,nan,2,nan,26,nan,26,nan,6,nan,6,nan,nan,nan,nan,nan,nan,nan,nan,nan,nan
1788167969.7519574,0.588987089,settle,0.0,0.0,0.0,0.0,0.0,0.0,0.800000011920929,0.0,0.0,18.937850280031483,0.0,0.0,0.0,-0.0018963905219876686,49852.44,49852.45,1387.2662174524803,-11.81492115564898,-0.0018963905219876688,568.2836,0.12,-4118.207,-0.0018963905219876686,-35.8428,-0.0052,-2.4111,35.84280037720267,0.0,0,nan,nan,nan,nan,nan,nan,nan,nan,nan,nan,nan,6,nan,6,nan,6,nan,6,nan,12,nan,6,nan,6,nan,6,nan,nan,nan,nan,nan,2,nan,27,nan,27,nan,6,nan,6,nan,nan,nan,nan,nan,nan,nan,nan,nan,nan
1788167969.7714655,0.608495161,settle,0.0,0.0,0.0,0.0,0.0,0.0,0.800000011920929,0.0,0.0,21.244735080031482,0.0,0.0,0.0,-0.0018963905219876686,49886.8,49886.81,1389.293453807203,-11.818765592066484,-0.0018963905219876688,568.2836,0.12,-4121.82,-0.0018963905219876686,-35.8428,-0.0052,-2.4112,35.84280037720267,0.0,0,nan,nan,nan,nan,nan,nan,nan,nan,nan,nan,nan,7,nan,7,nan,7,nan,7,nan,14,nan,7,nan,7,nan,7,nan,nan,nan,nan,nan,2,nan,28,nan,28,nan,7,nan,7,nan,nan,nan,nan,nan,nan,nan,nan,nan,nan
1788167969.7913694,0.628399103,settle,0.0,0.0,0.0,0.0,0.0,0.0,0.800000011920929,0.0,0.0,21.244735080031482,0.0,0.0,0.0,-0.0018963905219876686,49886.8,49886.81,1389.293453807203,-11.818765592066484,-0.0018963905219876688,568.2836,0.12,-4121.82,-0.0018963905219876686,-35.8428,-0.0052,-2.4112,35.84280037720267,0.0,0,nan,nan,nan,nan,nan,nan,nan,nan,nan,nan,nan,7,nan,7,nan,7,nan,7,nan,14,nan,7,nan,7,nan,7,nan,nan,nan,nan,nan,2,nan,29,nan,29,nan,7,nan,7,nan,nan,nan,nan,nan,nan,nan,nan,nan,nan
1788167969.811368,0.648397773,settle,0.0,0.0,0.0,0.0,0.0,0.0,0.800000011920929,0.0,0.0,21.244735080031482,0.0,0.0,0.0,-0.0018963905219876686,49886.8,49886.81,1389.293453807203,-11.818765592066484,-0.0018963905219876688,568.2836,0.12,-4121.82,-0.0018963905219876686,-35.8428,-0.0052,-2.4112,35.84280037720267,0.0,0,nan,nan,nan,nan,nan,nan,nan,nan,nan,nan,nan,7,nan,7,nan,7,nan,7,nan,14,nan,7,nan,7,nan,7,nan,nan,nan,nan,nan,2,nan,30,nan,30,nan,7,nan,7,nan,nan,nan,nan,nan,nan,nan,nan,nan,nan
1788167969.8313594,0.668389071,settle,0.0,0.0,0.0,0.0,0.0,0.0,0.800000011920929,0.0,0.0,21.244735080031482,0.0,0.0,0.0,-0.0018963905219876686,49886.8,49886.81,1389.293453807203,-11.818765592066484,-0.0018963905219876688,568.2836,0.12,-4121.82,-0.0018963905219876686,-35.8428,-0.0052,-2.4112,35.84280037720267,0.0,0,nan,nan,nan,nan,nan,nan,nan,nan,nan,nan,nan,7,nan,7,nan,7,nan,7,nan,14,nan,7,nan,7,nan,7,nan,nan,nan,nan,nan,2,nan,31,nan,31,nan,7,nan,7,nan,nan,nan,nan,nan,nan,nan,nan,nan,nan
1788167969.8513618,0.68839119,settle,0.0,0.0,0.0,0.0,0.0,0.0,0.800000011920929,0.0,0.0,21.244735080031482,0.0,0.0,0.0,-0.0018963905219876686,49886.8,49886.81,1389.293453807203,-11.818765592066484,-0.0018963905219876688,568.2836,0.12,-4121.82,-0.0018963905219876686,-35.8428,-0.0052,-2.4112,35.84280037720267,0.0,0,nan,nan,nan,nan,nan,nan,nan,nan,nan,nan,nan,7,nan,7,nan,7,nan,7,nan,14,nan,7,nan,7,nan,7,nan,nan,nan,nan,nan,2,nan,32,nan,32,nan,7,nan,7,nan,nan,nan,nan,nan,nan,nan,nan,nan,nan
1788167969.8713365,0.708366108,settle,0.0,0.0,0.0,0.0,0.0,0.0,0.800000011920929,0.0,0.0,17.651854160031483,0.0,0.0,0.0,-0.0018963905219876686,49908.45,49908.46,1390.5708015103385,-11.821187945047827,-0.0018963905219876688,568.2836,0.12,-4124.096,-0.0018963905219876686,-35.8428,-0.0052,-2.4111,35.84280037720267,0.0,0,nan,nan,nan,nan,nan,nan,nan,nan,nan,nan,nan,8,nan,8,nan,8,nan,8,nan,16,nan,8,nan,8,nan,8,nan,nan,nan,nan,nan,2,nan,33,nan,33,nan,8,nan,8,nan,nan,nan,nan,nan,nan,nan,nan,nan,nan
1788167969.8914003,0.728429943,settle,0.0,0.0,0.0,0.0,0.0,0.0,0.800000011920929,0.0,0.0,17.651854160031483,0.0,0.0,0.0,-0.0018963905219876686,49908.45,49908.46,1390.5708015103385,-11.821187945047827,-0.0018963905219876688,568.2836,0.12,-4124.096,-0.0018963905219876686,-35.8428,-0.0052,-2.4111,35.84280037720267,0.0,0,nan,nan,nan,nan,nan,nan,nan,nan,nan,nan,nan,8,nan,8,nan,8,nan,8,nan,16,nan,8,nan,8,nan,8,nan,nan,nan,nan,nan,2,nan,34,nan,34,nan,8,nan,8,nan,nan,nan,nan,nan,nan,nan,nan,nan,nan
1788167969.9114132,0.748442826,settle,0.0,0.0,0.0,0.0,0.0,0.0,0.800000011920929,0.0,0.0,17.651854160031483,0.0,0.0,0.0,-0.0018963905219876686,49908.45,49908.46,1390.5708015103385,-11.821187945047827,-0.0018963905219876688,568.2836,0.12,-4124.096,-0.0018963905219876686,-35.8428,-0.0052,-2.4111,35.84280037720267,0.0,0,nan,nan,nan,nan,nan,nan,nan,nan,nan,nan,nan,8,nan,8,nan,8,nan,8,nan,16,nan,8,nan,8,nan,8,nan,nan,nan,nan,nan,2,nan,35,nan,35,nan,8,nan,8,nan,nan,nan,nan,nan,nan,nan,nan,nan,nan
1788167969.9314075,0.768437051,settle,0.0,0.0,0.0,0.0,0.0,0.0,0.800000011920929,0.0,0.0,17.651854160031483,0.0,0.0,0.0,-0.0018963905219876686,49908.45,49908.46,1390.5708015103385,-11.821187945047827,-0.0018963905219876688,568.2836,0.12,-4124.096,-0.0018963905219876686,-35.8428,-0.0052,-2.4111,35.84280037720267,0.0,0,nan,nan,nan,nan,nan,nan,nan,nan,nan,nan,nan,8,nan,8,nan,8,nan,8,nan,16,nan,8,nan,8,nan,8,nan,nan,nan,nan,nan,2,nan,36,nan,36,nan,8,nan,8,nan,nan,nan,nan,nan,nan,nan,nan,nan,nan
1788167969.9513674,0.78839697,settle,0.0,0.0,0.0,0.0,0.0,0.0,0.800000011920929,0.0,0.0,17.651854160031483,0.0,0.0,0.0,-0.0018963905219876686,49908.45,49908.46,1390.5708015103385,-11.821187945047827,-0.0018963905219876688,568.2836,0.12,-4124.096,-0.0018963905219876686,-35.8428,-0.0052,-2.4111,35.84280037720267,0.0,0,nan,nan,nan,nan,nan,nan,nan,nan,nan,nan,nan,8,nan,8,nan,8,nan,8,nan,16,nan,8,nan,8,nan,8,nan,nan,nan,nan,nan,2,nan,37,nan,37,nan,8,nan,8,nan,nan,nan,nan,nan,nan,nan,nan,nan,nan
1788167969.9713297,0.80835918,settle,0.0,0.0,0.0,0.0,0.0,0.0,0.800000011920929,0.0,0.0,17.632876293073338,0.0,0.0,0.0,-0.0018963905219876686,49938.69,49938.7,1392.354958302155,-11.824571407133547,-0.0018963905219876688,568.2836,0.12,-4127.276,-0.0018963905219876686,-35.8428,-0.0052,-2.4112,35.84280037720267,0.0,0,nan,nan,nan,nan,nan,nan,nan,nan,nan,nan,nan,9,nan,9,nan,9,nan,9,nan,18,nan,9,nan,9,nan,9,nan,nan,nan,nan,nan,2,nan,38,nan,38,nan,9,nan,9,nan,nan,nan,nan,nan,nan,nan,nan,nan,nan
1788167969.9913962,0.828425851,settle,0.0,0.0,0.0,0.0,0.0,0.0,0.800000011920929,0.0,0.0,17.632876293073338,0.0,0.0,0.0,-0.0018963905219876686,49938.69,49938.7,1392.354958302155,-11.824571407133547,-0.0018963905219876688,568.2836,0.12,-4127.276,-0.0018963905219876686,-35.8428,-0.0052,-2.4112,35.84280037720267,0.0,0,nan,nan,nan,nan,nan,nan,nan,nan,nan,nan,nan,9,nan,9,nan,9,nan,9,nan,18,nan,9,nan,9,nan,9,nan,nan,nan,nan,nan,2,nan,39,nan,39,nan,9,nan,9,nan,nan,nan,nan,nan,nan,nan,nan,nan,nan
1788167970.011409,0.848438648,settle,0.0,0.0,0.0,0.0,0.0,0.0,0.800000011920929,0.0,0.0,17.632876293073338,0.0,0.0,0.0,-0.0018963905219876686,49938.69,49938.7,1392.354958302155,-11.824571407133547,-0.0018963905219876688,568.2836,0.12,-4127.276,-0.0018963905219876686,-35.8428,-0.0052,-2.4112,35.84280037720267,0.0,0,nan,nan,nan,nan,nan,nan,nan,nan,nan,nan,nan,9,nan,9,nan,9,nan,9,nan,18,nan,9,nan,9,nan,9,nan,nan,nan,nan,nan,2,nan,40,nan,40,nan,9,nan,9,nan,nan,nan,nan,nan,nan,nan,nan,nan,nan
1788167970.0314534,0.868483008,settle,0.0,0.0,0.0,0.0,0.0,0.0,0.800000011920929,0.0,0.0,17.632876293073338,0.0,0.0,0.0,-0.0018963905219876686,49938.69,49938.7,1392.354958302155,-11.824571407133547,-0.0018963905219876688,568.2836,0.12,-4127.276,-0.0018963905219876686,-35.8428,-0.0052,-2.4112,35.84280037720267,0.0,0,nan,nan,nan,nan,nan,nan,nan,nan,nan,nan,nan,9,nan,9,nan,9,nan,9,nan,18,nan,9,nan,9,nan,9,nan,nan,nan,nan,nan,2,nan,41,nan,41,nan,9,nan,9,nan,nan,nan,nan,nan,nan,nan,nan,nan,nan
1788167970.051385,0.888414497,settle,0.0,0.0,0.0,0.0,0.0,0.0,0.800000011920929,0.0,0.0,17.632876293073338,0.0,0.0,0.0,-0.0018963905219876686,49938.69,49938.7,1392.354958302155,-11.824571407133547,-0.0018963905219876688,568.2836,0.12,-4127.276,-0.0018963905219876686,-35.8428,-0.0052,-2.4112,35.84280037720267,0.0,0,nan,nan,nan,nan,nan,nan,nan,nan,nan,nan,nan,9,nan,9,nan,9,nan,9,nan,18,nan,9,nan,9,nan,9,nan,nan,nan,nan,nan,2,nan,42,nan,42,nan,9,nan,9,nan,nan,nan,nan,nan,nan,nan,nan,nan,nan
1788167970.0713935,0.908423097,settle,0.0,0.0,0.0,0.0,0.0,0.0,0.800000011920929,0.0,0.0,20.44317595454002,0.0,0.0,0.0,-0.0018963905219876686,49973.05,49973.06,20.982759999999967,0.0,0.0,568.2836,0.12,-4130.889,-0.0018963905219876686,-35.8428,-0.0052,-2.4111,35.84280037720267,0.0,0,nan,nan,nan,nan,nan,nan,nan,nan,nan,nan,nan,10,nan,10,nan,10,nan,10,nan,20,nan,10,nan,10,nan,10,nan,nan,nan,nan,nan,2,nan,43,nan,43,nan,10,nan,10,nan,nan,nan,nan,nan,nan,nan,nan,nan,nan
1788167970.0913908,0.928420558,settle,0.0,0.0,0.0,0.0,0.0,0.0,0.800000011920929,0.0,0.0,20.44317595454002,0.0,0.0,0.0,-0.0018963905219876686,49973.05,49973.06,20.982759999999967,0.0,0.0,568.2836,0.12,-4130.889,-0.0018963905219876686,-35.8428,-0.0052,-2.4111,35.84280037720267,0.0,0,nan,nan,nan,nan,nan,nan,nan,nan,nan,nan,nan,10,nan,10,nan,10,nan,10,nan,20,nan,10,nan,10,nan,10,nan,nan,nan,nan,nan,2,nan,44,nan,44,nan,10,nan,10,nan,nan,nan,nan,nan,nan,nan,nan,nan,nan
1788167970.1116045,0.948634004,settle,0.0,0.0,0.0,0.0,0.0,0.0,0.800000011920929,0.0,0.0,20.44317595454002,0.0,0.0,0.0,-0.0018963905219876686,49973.05,49973.06,20.982759999999967,0.0,0.0,568.2836,0.12,-4130.889,-0.0018963905219876686,-35.8428,-0.0052,-2.4111,35.84280037720267,0.0,0,nan,nan,nan,nan,nan,nan,nan,nan,nan,nan,nan,10,nan,10,nan,10,nan,10,nan,20,nan,10,nan,10,nan,10,nan,nan,nan,nan,nan,2,nan,45,nan,45,nan,10,nan,10,nan,nan,nan,nan,nan,nan,nan,nan,nan,nan
1788167970.1313605,0.968390284,settle,0.0,0.0,0.0,0.0,0.0,0.0,0.800000011920929,0.0,0.0,20.44317595454002,0.0,0.0,0.0,-0.0018963905219876686,49973.05,49973.06,20.982759999999967,0.0,0.0,568.2836,0.12,-4130.889,-0.0018963905219876686,-35.8428,-0.0052,-2.4111,35.84280037720267,0.0,0,nan,nan,nan,nan,nan,nan,nan,nan,nan,nan,nan,10,nan,10,nan,10,nan,10,nan,20,nan,10,nan,10,nan,10,nan,nan,nan,nan,nan,2,nan,46,nan,46,nan,10,nan,10,nan,nan,nan,nan,nan,nan,nan,nan,nan,nan
1788167970.1513636,0.988393386,settle,0.0,0.0,0.0,0.0,0.0,0.0,0.800000011920929,0.0,0.0,20.44317595454002,0.0,0.0,0.0,-0.0018963905219876686,49973.05,49973.06,20.982759999999967,0.0,0.0,568.2836,0.12,-4130.889,-0.0018963905219876686,-35.8428,-0.0052,-2.4111,35.84280037720267,0.0,0,nan,nan,nan,nan,nan,nan,nan,nan,nan,nan,nan,10,nan,10,nan,10,nan,10,nan,20,nan,10,nan,10,nan,10,nan,nan,nan,nan,nan,2,nan,47,nan,47,nan,10,nan,10,nan,nan,nan,nan,nan,nan,nan,nan,nan,nan
1788167970.1713834,1.008413035,settle,0.0,0.0,0.0,0.0,0.0,0.0,0.800000011920929,0.0,0.0,20.035893674945388,0.0,0.0,0.0,-0.0018963905219876686,50007.07,50007.08,1396.389371047671,-11.832222238397485,-0.0018963905219876688,568.2836,0.12,-4134.466,-0.0018963905219876686,-35.8428,-0.0052,-2.4112,35.84280037720267,0.0,0,nan,nan,nan,nan,nan,nan,nan,nan,nan,nan,nan,11,nan,11,nan,11,nan,11,nan,22,nan,11,nan,11,nan,11,nan,nan,nan,nan,nan,2,nan,48,nan,48,nan,11,nan,11,nan,nan,nan,nan,nan,nan,nan,nan,nan,nan
1788167970.2114635,1.048493213,grid_throttle_0.000_at_0.00,0.0,0.0,0.0,0.0,0.0,0.0,0.800000011920929,0.0,0.0,20.035893674945388,0.0,0.0,0.0,-0.0018963905219876686,50007.07,50007.08,1396.389371047671,-11.832222238397485,-0.0018963905219876688,568.2836,0.12,-4134.466,-0.0018963905219876686,-35.8428,-0.0052,-2.4112,35.84280037720267,0.0,0,nan,nan,nan,nan,nan,nan,nan,nan,nan,nan,nan,11,nan,11,nan,11,nan,11,nan,22,nan,11,nan,11,nan,11,nan,nan,nan,nan,nan,2,nan,49,nan,49,nan,11,nan,11,nan,nan,nan,nan,nan,nan,nan,nan,nan,nan
1788167970.2316322,1.068662022,grid_throttle_0.000_at_0.00,0.0,0.0,0.0,0.0,0.0,0.0,0.800000011920929,0.0,0.0,20.035893674945388,0.0,0.0,0.0,-0.0018963905219876686,50007.07,50007.08,1396.389371047671,-11.832222238397485,-0.0018963905219876688,568.2836,0.12,-4134.466,-0.0018963905219876686,-35.8428,-0.0052,-2.4112,35.84280037720267,0.0,0,nan,nan,nan,nan,nan,nan,nan,nan,nan,nan,nan,11,nan,11,nan,11,nan,11,nan,22,nan,11,nan,11,nan,11,nan,nan,nan,nan,nan,2,nan,50,nan,50,nan,11,nan,11,nan,nan,nan,nan,nan,nan,nan,nan,nan,nan
1788167970.2514281,1.088457895,grid_throttle_0.000_at_0.00,0.0,0.0,0.0,0.0,0.0,0.0,0.800000011920929,0.0,0.0,20.035893674945388,0.0,0.0,0.0,-0.0018963905219876686,50007.07,50007.08,1396.389371047671,-11.832222238397485,-0.0018963905219876688,568.2836,0.12,-4134.466,-0.0018963905219876686,-35.8428,-0.0052,-2.4112,35.84280037720267,0.0,0,nan,nan,nan,nan,nan,nan,nan,nan,nan,nan,nan,11,nan,11,nan,11,nan,11,nan,22,nan,11,nan,11,nan,11,nan,nan,nan,nan,nan,2,nan,51,nan,51,nan,11,nan,11,nan,nan,nan,nan,nan,nan,nan,nan,nan,nan
1788167970.2713282,1.108357805,grid_throttle_0.000_at_0.00,0.0,0.0,0.0,0.0,0.0,0.0,0.800000011920929,0.0,0.0,20.208495413243504,0.0,0.0,0.0,-0.0018963905219876686,50041.77,50041.79,1398.436962365792,-11.836105275820927,-0.0018963905219876688,568.2836,0.12,-4138.116,-0.0018963905219876686,-35.8428,-0.0052,-2.4112,35.84280037720267,0.0,0,nan,nan,nan,nan,nan,nan,nan,nan,nan,nan,nan,12,nan,12,nan,12,nan,12,nan,24,nan,12,nan,12,nan,12,nan,nan,nan,nan,nan,2,nan,52,nan,52,nan,12,nan,12,nan,nan,nan,nan,nan,nan,nan,nan,nan,nan
1788167970.2913396,1.128369393,grid_throttle_0.000_at_0.00,0.0,0.0,0.0,0.0,0.0,0.0,0.800000011920929,0.0,0.0,20.208495413243504,0.0,0.0,0.0,-0.0018963905219876686,50041.77,50041.79,1398.436962365792,-11.836105275820927,-0.0018963905219876688,568.2836,0.12,-4138.116,-0.0018963905219876686,-35.8428,-0.0052,-2.4112,35.84280037720267,0.0,0,nan,nan,nan,nan,nan,nan,nan,nan,nan,nan,nan,12,nan,12,nan,12,nan,12,nan,24,nan,12,nan,12,nan,12,nan,nan,nan,nan,nan,2,nan,53,nan,53,nan,12,nan,12,nan,nan,nan,nan,nan,nan,nan,nan,nan,nan
1788167970.311498,1.148527582,grid_throttle_0.000_at_0.00,0.0,0.0,0.0,0.0,0.0,0.0,0.800000011920929,0.0,0.0,20.208495413243504,0.0,0.0,0.0,-0.0018963905219876686,50041.77,50041.79,1398.436962365792,-11.836105275820927,-0.0018963905219876688,568.2836,0.12,-4138.116,-0.0018963905219876686,-35.8428,-0.0052,-2.4112,35.84280037720267,0.0,0,nan,nan,nan,nan,nan,nan,nan,nan,nan,nan,nan,12,nan,12,nan,12,nan,12,nan,24,nan,12,nan,12,nan,12,nan,nan,nan,nan,nan,2,nan,54,nan,54,nan,12,nan,12,nan,nan,nan,nan,nan,nan,nan,nan,nan,nan
1788167970.3313413,1.168370941,grid_throttle_0.000_at_0.00,0.0,0.0,0.0,0.0,0.0,0.0,0.800000011920929,0.0,0.0,20.208495413243504,0.0,0.0,0.0,-0.0018963905219876686,50041.77,50041.79,1398.436962365792,-11.836105275820927,-0.0018963905219876688,568.2836,0.12,-4138.116,-0.0018963905219876686,-35.8428,-0.0052,-2.4112,35.84280037720267,0.0,0,nan,nan,nan,nan,nan,nan,nan,nan,nan,nan,nan,12,nan,12,nan,12,nan,12,nan,24,nan,12,nan,12,nan,12,nan,nan,nan,nan,nan,2,nan,55,nan,55,nan,12,nan,12,nan,nan,nan,nan,nan,nan,nan,nan,nan,nan
1788167970.3513749,1.188404523,grid_throttle_0.000_at_0.00,0.0,0.0,0.0,0.0,0.0,0.0,0.800000011920929,0.0,0.0,23.453701453243504,0.0,0.0,0.0,-0.0018963905219876686,50075.1,50075.11,1400.4031338303184,-11.839833909220616,-0.0018963905219876688,568.2836,0.12,-4141.621,-0.0018963905219876686,-35.8428,-0.0052,-2.4112,35.84280037720267,0.0,0,nan,nan,nan,nan,nan,nan,nan,nan,nan,nan,nan,13,nan,13,nan,13,nan,13,nan,26,nan,13,nan,13,nan,13,nan,nan,nan,nan,nan,2,nan,56,nan,56,nan,13,nan,13,nan,nan,nan,nan,nan,nan,nan,nan,nan,nan
1788167970.371408,1.208437688,grid_throttle_0.000_at_0.00,0.0,0.0,0.0,0.0,0.0,0.0,0.800000011920929,0.0,0.0,23.453701453243504,0.0,0.0,0.0,-0.0018963905219876686,50075.1,50075.11,1400.4031338303184,-11.839833909220616,-0.0018963905219876688,568.2836,0.12,-4141.621,-0.0018963905219876686,-35.8428,-0.0052,-2.4112,35.84280037720267,0.0,0,nan,nan,nan,nan,nan,nan,nan,nan,nan,nan,nan,13,nan,13,nan,13,nan,13,nan,26,nan,13,nan,13,nan,13,nan,nan,nan,nan,nan,2,nan,57,nan,57,nan,13,nan,13,nan,nan,nan,nan,nan,nan,nan,nan,nan,nan
1788167970.3913395,1.228369176,grid_throttle_0.000_at_0.00,0.0,0.0,0.0,0.0,0.0,0.0,0.800000011920929,0.0,0.0,23.453701453243504,0.0,0.0,0.0,-0.0018963905219876686,50075.1,50075.11,1400.4031338303184,-11.839833909220616,-0.0018963905219876688,568.2836,0.12,-4141.621,-0.0018963905219876686,-35.8428,-0.0052,-2.4112,35.84280037720267,0.0,0,nan,nan,nan,nan,nan,nan,nan,nan,nan,nan,nan,13,nan,13,nan,13,nan,13,nan,26,nan,13,nan,13,nan,13,nan,nan,nan,nan,nan,2,nan,58,nan,58,nan,13,nan,13,nan,nan,nan,nan,nan,nan,nan,nan,nan,nan
1788167970.4113963,1.2484259,grid_throttle_0.000_at_0.00,0.0,0.0,0.0,0.0,0.0,0.0,0.800000011920929,0.0,0.0,23.453701453243504,0.0,0.0,0.0,-0.0018963905219876686,50075.1,50075.11,1400.4031338303184,-11.839833909220616,-0.0018963905219876688,568.2836,0.12,-4141.621,-0.0018963905219876686,-35.8428,-0.0052,-2.4112,35.84280037720267,0.0,0,nan,nan,nan,nan,nan,nan,nan,nan,nan,nan,nan,13,nan,13,nan,13,nan,13,nan,26,nan,13,nan,13,nan,13,nan,nan,nan,nan,nan,2,nan,59,nan,59,nan,13,nan,13,nan,nan,nan,nan,nan,nan,nan,nan,nan,nan
1788167970.4314137,1.268443355,grid_throttle_0.000_at_0.00,0.0,0.0,0.0,0.0,0.0,0.0,0.800000011920929,0.0,0.0,23.453701453243504,0.0,0.0,0.0,-0.0018963905219876686,50075.1,50075.11,1400.4031338303184,-11.839833909220616,-0.0018963905219876688,568.2836,0.12,-4141.621,-0.0018963905219876686,-35.8428,-0.0052,-2.4112,35.84280037720267,0.0,0,nan,nan,nan,nan,nan,nan,nan,nan,nan,nan,nan,13,nan,13,nan,13,nan,13,nan,26,nan,13,nan,13,nan,13,nan,nan,nan,nan,nan,2,nan,60,nan,60,nan,13,nan,13,nan,nan,nan,nan,nan,nan,nan,nan,nan,nan
1788167970.451332,1.288361979,grid_throttle_0.000_at_0.00,0.0,0.0,0.0,0.0,0.0,0.0,0.800000011920929,0.0,0.0,19.415857133243502,0.0,0.0,0.0,-0.0018963905219876686,50105.0,50105.01,28.767810000000008,0.0,0.0,568.2836,0.12,-4144.764,-0.0018963905219876686,-35.8428,-0.0052,-2.4113,35.84280037720267,0.0,0,nan,nan,nan,nan,nan,nan,nan,nan,nan,nan,nan,14,nan,14,nan,14,nan,14,nan,28,nan,14,nan,14,nan,14,nan,nan,nan,nan,nan,2,nan,61,nan,61,nan,14,nan,14,nan,nan,nan,nan,nan,nan,nan,nan,nan,nan
1788167970.471347,1.308376654,grid_throttle_0.000_at_0.00,0.0,0.0,0.0,0.0,0.0,0.0,0.800000011920929,0.0,0.0,19.415857133243502,0.0,0.0,0.0,-0.0018963905219876686,50105.0,50105.01,28.767810000000008,0.0,0.0,568.2836,0.12,-4144.764,-0.0018963905219876686,-35.8428,-0.0052,-2.4113,35.84280037720267,0.0,0,nan,nan,nan,nan,nan,nan,nan,nan,nan,nan,nan,14,nan,14,nan,14,nan,14,nan,28,nan,14,nan,14,nan,14,nan,nan,nan,nan,nan,2,nan,62,nan,62,nan,14,nan,14,nan,nan,nan,nan,nan,nan,nan,nan,nan,nan
1788167970.49143,1.328459553,grid_throttle_0.000_at_0.00,0.0,0.0,0.0,0.0,0.0,0.0,0.800000011920929,0.0,0.0,19.415857133243502,0.0,0.0,0.0,-0.0018963905219876686,50105.0,50105.01,28.767810000000008,0.0,0.0,568.2836,0.12,-4144.764,-0.0018963905219876686,-35.8428,-0.0052,-2.4113,35.84280037720267,0.0,0,nan,nan,nan,nan,nan,nan,nan,nan,nan,nan,nan,14,nan,14,nan,14,nan,14,nan,28,nan,14,nan,14,nan,14,nan,nan,nan,nan,nan,2,nan,63,nan,63,nan,14,nan,14,nan,nan,nan,nan,nan,nan,nan,nan,nan,nan
1788167970.511389,1.348418611,grid_throttle_0.000_at_0.00,0.0,0.0,0.0,0.0,0.0,0.0,0.800000011920929,0.0,0.0,19.415857133243502,0.0,0.0,0.0,-0.0018963905219876686,50105.0,50105.01,28.767810000000008,0.0,0.0,568.2836,0.12,-4144.764,-0.0018963905219876686,-35.8428,-0.0052,-2.4113,35.84280037720267,0.0,0,nan,nan,nan,nan,nan,nan,nan,nan,nan,nan,nan,14,nan,14,nan,14,nan,14,nan,28,nan,14,nan,14,nan,14,nan,nan,nan,nan,nan,2,nan,64,nan,64,nan,14,nan,14,nan,nan,nan,nan,nan,nan,nan,nan,nan,nan
1788167970.5314128,1.368442478,grid_throttle_0.000_at_0.00,0.0,0.0,0.0,0.0,0.0,0.0,0.800000011920929,0.0,0.0,19.415857133243502,0.0,0.0,0.0,-0.0018963905219876686,50105.0,50105.01,28.767810000000008,0.0,0.0,568.2836,0.12,-4144.764,-0.0018963905219876686,-35.8428,-0.0052,-2.4113,35.84280037720267,0.0,0,nan,nan,nan,nan,nan,nan,nan,nan,nan,nan,nan,14,nan,14,nan,14,nan,14,nan,28,nan,14,nan,14,nan,14,nan,nan,nan,nan,nan,2,nan,65,nan,65,nan,14,nan,14,nan,nan,nan,nan,nan,nan,nan,nan,nan,nan
1788167970.5513322,1.388361941,grid_throttle_0.000_at_0.00,0.0,0.0,0.0,0.0,0.0,0.0,0.800000011920929,0.0,0.0,19.866489515492614,0.0,0.0,0.0,-0.0018963905219876686,50139.01,50139.02,1404.1738170500598,-11.846984605711963,-0.0018963905219876688,568.2836,0.12,-4148.341,-0.0018963905219876686,-35.8428,-0.0052,-2.4113,35.84280037720267,0.0,0,nan,nan,nan,nan,nan,nan,nan,nan,nan,nan,nan,15,nan,15,nan,15,nan,15,nan,30,nan,15,nan,15,nan,15,nan,nan,nan,nan,nan,2,nan,66,nan,66,nan,15,nan,15,nan,nan,nan,nan,nan,nan,nan,nan,nan,nan
1788167970.571308,1.40833767,grid_throttle_0.000_at_0.00,0.0,0.0,0.0,0.0,0.0,0.0,0.800000011920929,0.0,0.0,19.866489515492614,0.0,0.0,0.0,-0.0018963905219876686,50139.01,50139.02,1404.1738170500598,-11.846984605711963,-0.0018963905219876688,568.2836,0.12,-4148.341,-0.0018963905219876686,-35.8428,-0.0052,-2.4113,35.84280037720267,0.0,0,nan,nan,nan,nan,nan,nan,nan,nan,nan,nan,nan,15,nan,15,nan,15,nan,15,nan,30,nan,15,nan,15,nan,15,nan,nan,nan,nan,nan,2,nan,67,nan,67,nan,15,nan,15,nan,nan,nan,nan,nan,nan,nan,nan,nan,nan
1788167970.591301,1.428330551,grid_throttle_0.000_at_0.00,0.0,0.0,0.0,0.0,0.0,0.0,0.800000011920929,0.0,0.0,19.866489515492614,0.0,0.0,0.0,-0.0018963905219876686,50139.01,50139.02,1404.1738170500598,-11.846984605711963,-0.0018963905219876688,568.2836,0.12,-4148.341,-0.0018963905219876686,-35.8428,-0.0052,-2.4113,35.84280037720267,0.0,0,nan,nan,nan,nan,nan,nan,nan,nan,nan,nan,nan,15,nan,15,nan,15,nan,15,nan,30,nan,15,nan,15,nan,15,nan,nan,nan,nan,nan,2,nan,68,nan,68,nan,15,nan,15,nan,nan,nan,nan,nan,nan,nan,nan,nan,nan
1788167970.6114066,1.448436016,grid_throttle_0.000_at_0.00,0.0,0.0,0.0,0.0,0.0,0.0,0.800000011920929,0.0,0.0,19.866489515492614,0.0,0.0,0.0,-0.0018963905219876686,50139.01,50139.02,1404.1738170500598,-11.846984605711963,-0.0018963905219876688,568.2836,0.12,-4148.341,-0.0018963905219876686,-35.8428,-0.0052,-2.4113,35.84280037720267,0.0,0,nan,nan,nan,nan,nan,nan,nan,nan,nan,nan,nan,15,nan,15,nan,15,nan,15,nan,30,nan,15,nan,15,nan,15,nan,nan,nan,nan,nan,2,nan,69,nan,69,nan,15,nan,15,nan,nan,nan,nan,nan,nan,nan,nan,nan,nan
1788167970.6313694,1.468398977,grid_throttle_0.000_at_0.00,0.0,0.0,0.0,0.0,0.0,0.0,0.800000011920929,0.0,0.0,19.866489515492614,0.0,0.0,0.0,-0.0018963905219876686,50139.01,50139.02,1404.1738170500598,-11.846984605711963,-0.0018963905219876688,568.2836,0.12,-4148.341,-0.0018963905219876686,-35.8428,-0.0052,-2.4113,35.84280037720267,0.0,0,nan,nan,nan,nan,nan,nan,nan,nan,nan,nan,nan,15,nan,15,nan,15,nan,15,nan,30,nan,15,nan,15,nan,15,nan,nan,nan,nan,nan,2,nan,70,nan,70,nan,15,nan,15,nan,nan,nan,nan,nan,nan,nan,nan,nan,nan
1788167970.65129,1.488319522,grid_throttle_0.000_at_0.00,0.0,0.0,0.0,0.0,0.0,0.0,0.800000011920929,0.0,0.0,20.30021672298003,0.0,0.0,0.0,-0.0018963905219876686,50173.38,50173.39,1406.2016434037214,-11.850830160999205,-0.0018963905219876688,568.2836,0.12,-4151.955,-0.0018963905219876686,-35.8428,-0.0052,-2.4112,35.84280037720267,0.0,0,nan,nan,nan,nan,nan,nan,nan,nan,nan,nan,nan,16,nan,16,nan,16,nan,16,nan,32,nan,16,nan,16,nan,16,nan,nan,nan,nan,nan,2,nan,71,nan,71,nan,16,nan,16,nan,nan,nan,nan,nan,nan,nan,nan,nan,nan
1788167970.671353,1.508382872,grid_throttle_0.000_at_0.00,0.0,0.0,0.0,0.0,0.0,0.0,0.800000011920929,0.0,0.0,20.30021672298003,0.0,0.0,0.0,-0.0018963905219876686,50173.38,50173.39,1406.2016434037214,-11.850830160999205,-0.0018963905219876688,568.2836,0.12,-4151.955,-0.0018963905219876686,-35.8428,-0.0052,-2.4112,35.84280037720267,0.0,0,nan,nan,nan,nan,nan,nan,nan,nan,nan,nan,nan,16,nan,16,nan,16,nan,16,nan,32,nan,16,nan,16,nan,16,nan,nan,nan,nan,nan,2,nan,72,nan,72,nan,16,nan,16,nan,nan,nan,nan,nan,nan,nan,nan,nan,nan
1788167970.6913354,1.528365286,grid_throttle_0.000_at_0.00,0.0,0.0,0.0,0.0,0.0,0.0,0.800000011920929,0.0,0.0,20.30021672298003,0.0,0.0,0.0,-0.0018963905219876686,50173.38,50173.39,1406.2016434037214,-11.850830160999205,-0.0018963905219876688,568.2836,0.12,-4151.955,-0.0018963905219876686,-35.8428,-0.0052,-2.4112,35.84280037720267,0.0,0,nan,nan,nan,nan,nan,nan,nan,nan,nan,nan,nan,16,nan,16,nan,16,nan,16,nan,32,nan,16,nan,16,nan,16,nan,nan,nan,nan,nan,2,nan,73,nan,73,nan,16,nan,16,nan,nan,nan,nan,nan,nan,nan,nan,nan,nan
1788167970.7113628,1.548392606,grid_throttle_0.000_at_0.00,0.0,0.0,0.0,0.0,0.0,0.0,0.800000011920929,0.0,0.0,22.93238968298003,0.0,0.0,0.0,-0.0018963905219876686,50206.36,50206.37,1408.1474599048493,-11.854520193392956,-0.0018963905219876688,568.2836,0.12,-4155.423,-0.0018963905219876686,-35.8428,-0.0052,-2.4112,35.84280037720267,0.0,0,nan,nan,nan,nan,nan,nan,nan,nan,nan,nan,nan,17,nan,17,nan,17,nan,17,nan,34,nan,17,nan,17,nan,17,nan,nan,nan,nan,nan,2,nan,74,nan,74,nan,17,nan,17,nan,nan,nan,nan,nan,nan,nan,nan,nan,nan
1788167970.731459,1.568488597,grid_throttle_0.000_at_0.00,0.0,0.0,0.0,0.0,0.0,0.0,0.800000011920929,0.0,0.0,22.93238968298003,0.0,0.0,0.0,-0.0018963905219876686,50206.36,50206.37,1408.1474599048493,-11.854520193392956,-0.0018963905219876688,568.2836,0.12,-4155.423,-0.0018963905219876686,-35.8428,-0.0052,-2.4112,35.84280037720267,0.0,0,nan,nan,nan,nan,nan,nan,nan,nan,nan,nan,nan,17,nan,17,nan,17,nan,17,nan,34,nan,17,nan,17,nan,17,nan,nan,nan,nan,nan,2,nan,75,nan,75,nan,17,nan,17,nan,nan,nan,nan,nan,nan,nan,nan,nan,nan
1788167970.7514186,1.58844808,grid_throttle_0.000_at_0.00,0.0,0.0,0.0,0.0,0.0,0.0,0.800000011920929,0.0,0.0,22.93238968298003,0.0,0.0,0.0,-0.0018963905219876686,50206.36,50206.37,1408.1474599048493,-11.854520193392956,-0.0018963905219876688,568.2836,0.12,-4155.423,-0.0018963905219876686,-35.8428,-0.0052,-2.4112,35.84280037720267,0.0,0,nan,nan,nan,nan,nan,nan,nan,nan,nan,nan,nan,17,nan,17,nan,17,nan,17,nan,34,nan,17,nan,17,nan,17,nan,nan,nan,nan,nan,2,nan,76,nan,76,nan,17,nan,17,nan,nan,nan,nan,nan,nan,nan,nan,nan,nan
1788167970.771398,1.608427749,grid_throttle_0.000_at_0.00,0.0,0.0,0.0,0.0,0.0,0.0,0.800000011920929,0.0,0.0,22.93238968298003,0.0,0.0,0.0,-0.0018963905219876686,50206.36,50206.37,1408.1474599048493,-11.854520193392956,-0.0018963905219876688,568.2836,0.12,-4155.423,-0.0018963905219876686,-35.8428,-0.0052,-2.4112,35.84280037720267,0.0,0,nan,nan,nan,nan,nan,nan,nan,nan,nan,nan,nan,17,nan,17,nan,17,nan,17,nan,34,nan,17,nan,17,nan,17,nan,nan,nan,nan,nan,2,nan,77,nan,77,nan,17,nan,17,nan,nan,nan,nan,nan,nan,nan,nan,nan,nan
1788167970.7913234,1.628353234,grid_throttle_0.000_at_0.00,0.0,0.0,0.0,0.0,0.0,0.0,0.800000011920929,0.0,0.0,22.93238968298003,0.0,0.0,0.0,-0.0018963905219876686,50206.36,50206.37,1408.1474599048493,-11.854520193392956,-0.0018963905219876688,568.2836,0.12,-4155.423,-0.0018963905219876686,-35.8428,-0.0052,-2.4112,35.84280037720267,0.0,0,nan,nan,nan,nan,nan,nan,nan,nan,nan,nan,nan,17,nan,17,nan,17,nan,17,nan,34,nan,17,nan,17,nan,17,nan,nan,nan,nan,nan,2,nan,78,nan,78,nan,17,nan,17,nan,nan,nan,nan,nan,nan,nan,nan,nan,nan
1788167970.8114564,1.648485945,grid_throttle_0.000_at_0.00,0.0,0.0,0.0,0.0,0.0,0.0,0.800000011920929,0.0,0.0,18.96142544298003,0.0,0.0,0.0,-0.0018963905219876686,50231.44,50231.46,1409.6274722435633,-11.857326878129076,-0.0018963905219876688,568.2836,0.12,-4158.061,-0.0018963905219876686,-35.8428,-0.0052,-2.4112,35.84280037720267,0.0,0,nan,nan,nan,nan,nan,nan,nan,nan,nan,nan,nan,18,nan,18,nan,18,nan,18,nan,36,nan,18,nan,18,nan,18,nan,nan,nan,nan,nan,2,nan,79,nan,79,nan,18,nan,18,nan,nan,nan,nan,nan,nan,nan,nan,nan,nan
1788167970.831357,1.66838675,grid_throttle_0.000_at_0.00,0.0,0.0,0.0,0.0,0.0,0.0,0.800000011920929,0.0,0.0,18.96142544298003,0.0,0.0,0.0,-0.0018963905219876686,50231.44,50231.46,1409.6274722435633,-11.857326878129076,-0.0018963905219876688,568.2836,0.12,-4158.061,-0.0018963905219876686,-35.8428,-0.0052,-2.4112,35.84280037720267,0.0,0,nan,nan,nan,nan,nan,nan,nan,nan,nan,nan,nan,18,nan,18,nan,18,nan,18,nan,36,nan,18,nan,18,nan,18,nan,nan,nan,nan,nan,2,nan,80,nan,80,nan,18,nan,18,nan,nan,nan,nan,nan,nan,nan,nan,nan,nan
1788167970.851477,1.688506393,grid_throttle_0.000_at_0.00,0.0,0.0,0.0,0.0,0.0,0.0,0.800000011920929,0.0,0.0,18.96142544298003,0.0,0.0,0.0,-0.0018963905219876686,50231.44,50231.46,1409.6274722435633,-11.857326878129076,-0.0018963905219876688,568.2836,0.12,-4158.061,-0.0018963905219876686,-35.8428,-0.0052,-2.4112,35.84280037720267,0.0,0,nan,nan,nan,nan,nan,nan,nan,nan,nan,nan,nan,18,nan,18,nan,18,nan,18,nan,36,nan,18,nan,18,nan,18,nan,nan,nan,nan,nan,2,nan,81,nan,81,nan,18,nan,18,nan,nan,nan,nan,nan,nan,nan,nan,nan,nan
1788167970.8716102,1.708639777,grid_throttle_0.000_at_0.00,0.0,0.0,0.0,0.0,0.0,0.0,0.800000011920929,0.0,0.0,18.96142544298003,0.0,0.0,0.0,-0.0018963905219876686,50231.44,50231.46,1409.6274722435633,-11.857326878129076,-0.0018963905219876688,568.2836,0.12,-4158.061,-0.0018963905219876686,-35.8428,-0.0052,-2.4112,35.84280037720267,0.0,0,nan,nan,nan,nan,nan,nan,nan,nan,nan,nan,nan,18,nan,18,nan,18,nan,18,nan,36,nan,18,nan,18,nan,18,nan,nan,nan,nan,nan,2,nan,82,nan,82,nan,18,nan,18,nan,nan,nan,nan,nan,nan,nan,nan,nan,nan
1788167970.8913703,1.728399883,grid_throttle_0.000_at_0.00,0.0,0.0,0.0,0.0,0.0,0.0,0.800000011920929,0.0,0.0,18.96142544298003,0.0,0.0,0.0,-0.0018963905219876686,50231.44,50231.46,1409.6274722435633,-11.857326878129076,-0.0018963905219876688,568.2836,0.12,-4158.061,-0.0018963905219876686,-35.8428,-0.0052,-2.4112,35.84280037720267,0.0,0,nan,nan,nan,nan,nan,nan,nan,nan,nan,nan,nan,18,nan,18,nan,18,nan,18,nan,36,nan,18,nan,18,nan,18,nan,nan,nan,nan,nan,2,nan,83,nan,83,nan,18,nan,18,nan,nan,nan,nan,nan,nan,nan,nan,nan,nan
1788167970.91133,1.748359469,grid_throttle_0.000_at_0.00,0.0,0.0,0.0,0.0,0.0,0.0,0.800000011920929,0.0,0.0,20.0184703944999,0.0,0.0,0.0,-0.0018963905219876686,50265.46,50265.48,1411.6346486343566,-11.86113327297551,-0.0018963905219876688,568.2836,0.12,-4161.638,-0.0018963905219876686,-35.8428,-0.0052,-2.4111,35.84280037720267,0.0,0,nan,nan,nan,nan,nan,nan,nan,nan,nan,nan,nan,19,nan,19,nan,19,nan,19,nan,38,nan,19,nan,19,nan,19,nan,nan,nan,nan,nan,2,nan,84,nan,84,nan,19,nan,19,nan,nan,nan,nan,nan,nan,nan,nan,nan,nan
1788167970.9314418,1.768471341,grid_throttle_0.000_at_0.00,0.0,0.0,0.0,0.0,0.0,0.0,0.800000011920929,0.0,0.0,20.0184703944999,0.0,0.0,0.0,-0.0018963905219876686,50265.46,50265.48,1411.6346486343566,-11.86113327297551,-0.0018963905219876688,568.2836,0.12,-4161.638,-0.0018963905219876686,-35.8428,-0.0052,-2.4111,35.84280037720267,0.0,0,nan,nan,nan,nan,nan,nan,nan,nan,nan,nan,nan,19,nan,19,nan,19,nan,19,nan,38,nan,19,nan,19,nan,19,nan,nan,nan,nan,nan,2,nan,85,nan,85,nan,19,nan,19,nan,nan,nan,nan,nan,nan,nan,nan,nan,nan
1788167970.9515533,1.788582922,grid_throttle_0.000_at_0.00,0.0,0.0,0.0,0.0,0.0,0.0,0.800000011920929,0.0,0.0,20.0184703944999,0.0,0.0,0.0,-0.0018963905219876686,50265.46,50265.48,1411.6346486343566,-11.86113327297551,-0.0018963905219876688,568.2836,0.12,-4161.638,-0.0018963905219876686,-35.8428,-0.0052,-2.4111,35.84280037720267,0.0,0,nan,nan,nan,nan,nan,nan,nan,nan,nan,nan,nan,19,nan,19,nan,19,nan,19,nan,38,nan,19,nan,19,nan,19,nan,nan,nan,nan,nan,2,nan,86,nan,86,nan,19,nan,19,nan,nan,nan,nan,nan,nan,nan,nan,nan,nan
1788167970.9716663,1.808695823,grid_throttle_0.000_at_0.00,0.0,0.0,0.0,0.0,0.0,0.0,0.800000011920929,0.0,0.0,20.0184703944999,0.0,0.0,0.0,-0.0018963905219876686,50265.46,50265.48,1411.6346486343566,-11.86113327297551,-0.0018963905219876688,568.2836,0.12,-4161.638,-0.0018963905219876686,-35.8428,-0.0052,-2.4111,35.84280037720267,0.0,0,nan,nan,nan,nan,nan,nan,nan,nan,nan,nan,nan,19,nan,19,nan,19,nan,19,nan,38,nan,19,nan,19,nan,19,nan,nan,nan,nan,nan,2,nan,87,nan,87,nan,19,nan,19,nan,nan,nan,nan,nan,nan,nan,nan,nan,nan
1788167970.9913385,1.828368204,grid_throttle_0.000_at_0.00,0.0,0.0,0.0,0.0,0.0,0.0,0.800000011920929,0.0,0.0,20.0184703944999,0.0,0.0,0.0,-0.0018963905219876686,50265.46,50265.48,1411.6346486343566,-11.86113327297551,-0.0018963905219876688,568.2836,0.12,-4161.638,-0.0018963905219876686,-35.8428,-0.0052,-2.4111,35.84280037720267,0.0,0,nan,nan,nan,nan,nan,nan,nan,nan,nan,nan,nan,19,nan,19,nan,19,nan,19,nan,38,nan,19,nan,19,nan,19,nan,nan,nan,nan,nan,2,nan,88,nan,88,nan,19,nan,19,nan,nan,nan,nan,nan,nan,nan,nan,nan,nan
1788167971.0113144,1.848344043,grid_throttle_0.000_at_0.00,0.0,0.0,0.0,0.0,0.0,0.0,0.800000011920929,0.0,0.0,20.20368972412521,0.0,0.0,0.0,-0.0018963905219876686,50300.17,50300.18,1413.6822399524776,-11.865016310398952,-0.0018963905219876688,568.2836,0.12,-4165.288,-0.0018963905219876686,-35.8428,-0.0052,-2.4111,35.84280037720267,0.0,0,nan,nan,nan,nan,nan,nan,nan,nan,nan,nan,nan,20,nan,20,nan,20,nan,20,nan,40,nan,20,nan,20,nan,20,nan,nan,nan,nan,nan,2,nan,89,nan,89,nan,20,nan,20,nan,nan,nan,nan,nan,nan,nan,nan,nan,nan
1788167971.0313084,1.868338082,grid_throttle_0.000_at_0.00,0.0,0.0,0.0,0.0,0.0,0.0,0.800000011920929,0.0,0.0,20.20368972412521,0.0,0.0,0.0,-0.0018963905219876686,50300.17,50300.18,1413.6822399524776,-11.865016310398952,-0.0018963905219876688,568.2836,0.12,-4165.288,-0.0018963905219876686,-35.8428,-0.0052,-2.4111,35.84280037720267,0.0,0,nan,nan,nan,nan,nan,nan,nan,nan,nan,nan,nan,20,nan,20,nan,20,nan,20,nan,40,nan,20,nan,20,nan,20,nan,nan,nan,nan,nan,2,nan,90,nan,90,nan,20,nan,20,nan,nan,nan,nan,nan,nan,nan,nan,nan,nan
1788167971.05128,1.888309564,grid_throttle_0.000_at_0.00,0.0,0.0,0.0,0.0,0.0,0.0,0.800000011920929,0.0,0.0,20.20368972412521,0.0,0.0,0.0,-0.0018963905219876686,50300.17,50300.18,1413.6822399524776,-11.865016310398952,-0.0018963905219876688,568.2836,0.12,-4165.288,-0.0018963905219876686,-35.8428,-0.0052,-2.4111,35.84280037720267,0.0,0,nan,nan,nan,nan,nan,nan,nan,nan,nan,nan,nan,20,nan,20,nan,20,nan,20,nan,40,nan,20,nan,20,nan,20,nan,nan,nan,nan,nan,2,nan,91,nan,91,nan,20,nan,20,nan,nan,nan,nan,nan,nan,nan,nan,nan,nan
1788167971.0713847,1.908414375,grid_throttle_0.000_at_0.00,0.0,0.0,0.0,0.0,0.0,0.0,0.800000011920929,0.0,0.0,20.20368972412521,0.0,0.0,0.0,-0.0018963905219876686,50300.17,50300.18,1413.6822399524776,-11.865016310398952,-0.0018963905219876688,568.2836,0.12,-4165.288,-0.0018963905219876686,-35.8428,-0.0052,-2.4111,35.84280037720267,0.0,0,nan,nan,nan,nan,nan,nan,nan,nan,nan,nan,nan,20,nan,20,nan,20,nan,20,nan,40,nan,20,nan,20,nan,20,nan,nan,nan,nan,nan,2,nan,92,nan,92,nan,20,nan,20,nan,nan,nan,nan,nan,nan,nan,nan,nan,nan
1788167971.0913875,1.928417271,grid_throttle_0.000_at_0.00,0.0,0.0,0.0,0.0,0.0,0.0,0.800000011920929,0.0,0.0,20.20368972412521,0.0,0.0,0.0,-0.0018963905219876686,50300.17,50300.18,1413.6822399524776,-11.865016310398952,-0.0018963905219876688,568.2836,0.12,-4165.288,-0.0018963905219876686,-35.8428,-0.0052,-2.4111,35.84280037720267,0.0,0,nan,nan,nan,nan,nan,nan,nan,nan,nan,nan,nan,20,nan,20,nan,20,nan,20,nan,40,nan,20,nan,20,nan,20,nan,nan,nan,nan,nan,2,nan,93,nan,93,nan,20,nan,20,nan,nan,nan,nan,nan,nan,nan,nan,nan,nan
1788167971.1113567,1.948386491,grid_throttle_0.000_at_0.00,0.0,0.0,0.0,0.0,0.0,0.0,0.800000011920929,0.0,0.0,19.968747715062552,0.0,0.0,0.0,-0.0018963905219876686,50333.84,50333.86,1415.6690613798723,-11.868784104239447,-0.0018963905219876688,568.2836,0.12,-4168.829,-0.0018963905219876686,-35.8428,-0.0052,-2.411,35.84280037720267,0.0,0,nan,nan,nan,nan,nan,nan,nan,nan,nan,nan,nan,21,nan,21,nan,21,nan,21,nan,42,nan,21,nan,21,nan,21,nan,nan,nan,nan,nan,2,nan,94,nan,94,nan,21,nan,21,nan,nan,nan,nan,nan,nan,nan,nan,nan,nan
1788167971.1313548,1.968384277,grid_throttle_0.000_at_0.00,0.0,0.0,0.0,0.0,0.0,0.0,0.800000011920929,0.0,0.0,19.968747715062552,0.0,0.0,0.0,-0.0018963905219876686,50333.84,50333.86,1415.6690613798723,-11.868784104239447,-0.0018963905219876688,568.2836,0.12,-4168.829,-0.0018963905219876686,-35.8428,-0.0052,-2.411,35.84280037720267,0.0,0,nan,nan,nan,nan,nan,nan,nan,nan,nan,nan,nan,21,nan,21,nan,21,nan,21,nan,42,nan,21,nan,21,nan,21,nan,nan,nan,nan,nan,2,nan,95,nan,95,nan,21,nan,21,nan,nan,nan,nan,nan,nan,nan,nan,nan,nan
1788167971.1512694,1.988299048,grid_throttle_0.000_at_0.00,0.0,0.0,0.0,0.0,0.0,0.0,0.800000011920929,0.0,0.0,19.968747715062552,0.0,0.0,0.0,-0.0018963905219876686,50333.84,50333.86,1415.6690613798723,-11.868784104239447,-0.0018963905219876688,568.2836,0.12,-4168.829,-0.0018963905219876686,-35.8428,-0.0052,-2.411,35.84280037720267,0.0,0,nan,nan,nan,nan,nan,nan,nan,nan,nan,nan,nan,21,nan,21,nan,21,nan,21,nan,42,nan,21,nan,21,nan,21,nan,nan,nan,nan,nan,2,nan,96,nan,96,nan,21,nan,21,nan,nan,nan,nan,nan,nan,nan,nan,nan,nan
1788167971.171797,2.008826753,grid_throttle_0.000_at_0.00,0.0,0.0,0.0,0.0,0.0,0.0,0.800000011920929,0.0,0.0,19.968747715062552,0.0,0.0,0.0,-0.0018963905219876686,50333.84,50333.86,1415.6690613798723,-11.868784104239447,-0.0018963905219876688,568.2836,0.12,-4168.829,-0.0018963905219876686,-35.8428,-0.0052,-2.411,35.84280037720267,0.0,0,nan,nan,nan,nan,nan,nan,nan,nan,nan,nan,nan,21,nan,21,nan,21,nan,21,nan,42,nan,21,nan,21,nan,21,nan,nan,nan,nan,nan,2,nan,97,nan,97,nan,21,nan,21,nan,nan,nan,nan,nan,nan,nan,nan,nan,nan
1788167971.191331,2.028360523,grid_throttle_0.000_at_0.00,0.0,0.0,0.0,0.0,0.0,0.0,0.800000011920929,0.0,0.0,19.968747715062552,0.0,0.0,0.0,-0.0018963905219876686,50333.84,50333.86,1415.6690613798723,-11.868784104239447,-0.0018963905219876688,568.2836,0.12,-4168.829,-0.0018963905219876686,-35.8428,-0.0052,-2.411,35.84280037720267,0.0,0,nan,nan,nan,nan,nan,nan,nan,nan,nan,nan,nan,21,nan,21,nan,21,nan,21,nan,42,nan,21,nan,21,nan,21,nan,nan,nan,nan,nan,2,48.756664361882756,98,48.259147378598236,98,nan,21,nan,21,nan,nan,nan,nan,nan,nan,nan,nan,nan,nan
1788167971.2113028,2.048332377,grid_throttle_0.000_at_0.00,0.0,0.0,0.0,0.0,0.0,0.0,0.800000011920929,0.0,0.0,20.28210740921677,0.0,0.0,0.0,-0.0018963905219876686,50368.55,50368.56,1417.7166526979936,-11.87266714166289,-0.0018963905219876688,568.2836,0.12,-4172.478,-0.0018963905219876686,-35.8428,-0.0052,-2.4111,35.84280037720267,0.0,0,nan,nan,nan,nan,nan,nan,nan,nan,nan,nan,10.447856648974877,22,10.447856648974877,22,10.447856648974877,22,10.447856648974877,22,20.895713297949754,44,10.447856648974877,22,10.447856648974877,22,10.447856648974877,22,nan,nan,nan,nan,nan,2,48.756664361882756,99,48.259147378598236,99,10.447856648974877,22,10.447856648974877,22,nan,nan,nan,nan,nan,nan,nan,nan,nan,nan
1788167971.2314155,2.068445081,grid_throttle_0.000_at_0.00,0.0,0.0,0.0,0.0,0.0,0.0,0.800000011920929,0.0,0.0,20.28210740921677,0.0,0.0,0.0,-0.0018963905219876686,50368.55,50368.56,1417.7166526979936,-11.87266714166289,-0.0018963905219876688,568.2836,0.12,-4172.478,-0.0018963905219876686,-35.8428,-0.0052,-2.4111,35.84280037720267,0.0,0,nan,nan,nan,nan,nan,nan,nan,nan,nan,nan,10.447856648974877,22,10.447856648974877,22,10.447856648974877,22,10.447856648974877,22,20.895713297949754,44,10.447856648974877,22,10.447856648974877,22,10.447856648974877,22,nan,nan,nan,nan,nan,2,48.756664361882756,100,48.259147378598236,100,10.447856648974877,22,10.447856648974877,22,nan,nan,nan,nan,nan,nan,nan,nan,nan,nan
1788167971.2513614,2.08839101,grid_throttle_0.000_at_0.00,0.0,0.0,0.0,0.0,0.0,0.0,0.800000011920929,0.0,0.0,20.28210740921677,0.0,0.0,0.0,-0.0018963905219876686,50368.55,50368.56,1417.7166526979936,-11.87266714166289,-0.0018963905219876688,568.2836,0.12,-4172.478,-0.0018963905219876686,-35.8428,-0.0052,-2.4111,35.84280037720267,0.0,0,nan,nan,nan,nan,nan,nan,nan,nan,nan,nan,10.447856648974877,22,10.447856648974877,22,10.447856648974877,22,10.447856648974877,22,20.895713297949754,44,10.447856648974877,22,10.447856648974877,22,10.447856648974877,22,nan,nan,nan,nan,nan,2,48.756664361882756,101,48.259147378598236,101,10.447856648974877,22,10.447856648974877,22,nan,nan,nan,nan,nan,nan,nan,nan,nan,nan
1788167971.2713983,2.108427969,grid_throttle_0.000_at_0.00,0.0,0.0,0.0,0.0,0.0,0.0,0.800000011920929,0.0,0.0,20.28210740921677,0.0,0.0,0.0,-0.0018963905219876686,50368.55,50368.56,1417.7166526979936,-11.87266714166289,-0.0018963905219876688,568.2836,0.12,-4172.478,-0.0018963905219876686,-35.8428,-0.0052,-2.4111,35.84280037720267,0.0,0,nan,nan,nan,nan,nan,nan,nan,nan,nan,nan,10.447856648974877,22,10.447856648974877,22,10.447856648974877,22,10.447856648974877,22,20.895713297949754,44,10.447856648974877,22,10.447856648974877,22,10.447856648974877,22,nan,nan,nan,nan,nan,2,48.756664361882756,102,48.259147378598236,102,10.447856648974877,22,10.447856648974877,22,nan,nan,nan,nan,nan,nan,nan,nan,nan,nan
1788167971.2913795,2.128409209,grid_throttle_0.000_at_0.00,0.0,0.0,0.0,0.0,0.0,0.0,0.800000011920929,0.0,0.0,20.28210740921677,0.0,0.0,0.0,-0.0018963905219876686,50368.55,50368.56,1417.7166526979936,-11.87266714166289,-0.0018963905219876688,568.2836,0.12,-4172.478,-0.0018963905219876686,-35.8428,-0.0052,-2.4111,35.84280037720267,0.0,0,nan,nan,nan,nan,nan,nan,nan,nan,nan,nan,10.447856648974877,22,10.447856648974877,22,10.447856648974877,22,10.447856648974877,22,20.895713297949754,44,10.447856648974877,22,10.447856648974877,22,10.447856648974877,22,nan,nan,nan,nan,nan,2,48.756664361882756,103,48.259147378598236,103,10.447856648974877,22,10.447856648974877,22,nan,nan,nan,nan,nan,nan,nan,nan,nan,nan
1788167971.3140814,2.151111121,grid_throttle_0.000_at_0.00,0.0,0.0,0.0,0.0,0.0,0.0,0.800000011920929,0.0,0.0,19.621727660170418,0.0,0.0,0.0,-0.0018963905219876686,50402.56,50402.57,1419.7232390898478,-11.876472417639587,-0.0018963905219876688,568.2836,0.12,-4176.055,-0.0018963905219876686,-35.8428,-0.0052,-2.411,35.84280037720267,0.0,0,nan,nan,nan,nan,nan,nan,nan,nan,nan,nan,10.447856648974877,22,10.447856648974877,23,10.447856648974877,23,10.447856648974877,23,20.895713297949754,45,10.447856648974877,23,10.447856648974877,23,10.447856648974877,22,nan,nan,nan,nan,nan,2,48.756664361882756,104,48.259147378598236,104,10.447856648974877,23,10.447856648974877,23,nan,nan,nan,nan,nan,nan,nan,nan,nan,nan
1788167971.3313344,2.168363997,grid_throttle_0.000_at_0.00,0.0,0.0,0.0,0.0,0.0,0.0,0.800000011920929,0.0,0.0,19.621727660170418,0.0,0.0,0.0,-0.0018963905219876686,50402.56,50402.57,46.323849999999865,0.0,0.0,568.2836,0.12,-4176.055,-0.0018963905219876686,-35.8428,-0.0052,-2.411,35.84280037720267,0.0,0,nan,nan,nan,nan,nan,nan,nan,nan,nan,nan,10.447856648974877,23,10.447856648974877,23,10.447856648974877,23,10.447856648974877,23,20.895713297949754,46,10.447856648974877,23,10.447856648974877,23,10.447856648974877,23,nan,nan,nan,nan,nan,2,48.756664361882756,105,48.259147378598236,105,10.447856648974877,23,10.447856648974877,23,nan,nan,nan,nan,nan,nan,nan,nan,nan,nan
1788167971.351458,2.188487881,grid_throttle_0.000_at_0.00,0.0,0.0,0.0,0.0,0.0,0.0,0.800000011920929,0.0,0.0,19.621727660170418,0.0,0.0,0.0,-0.0018963905219876686,50402.56,50402.57,46.323849999999865,0.0,0.0,568.2836,0.12,-4176.055,-0.0018963905219876686,-35.8428,-0.0052,-2.411,35.84280037720267,0.0,0,nan,nan,nan,nan,nan,nan,nan,nan,nan,nan,10.447856648974877,23,10.447856648974877,23,10.447856648974877,23,10.447856648974877,23,20.895713297949754,46,10.447856648974877,23,10.447856648974877,23,10.447856648974877,23,nan,nan,nan,nan,nan,2,48.756664361882756,106,48.259147378598236,106,10.447856648974877,23,10.447856648974877,23,nan,nan,nan,nan,nan,nan,nan,nan,nan,nan
1788167971.3713307,2.208360345,grid_throttle_0.000_at_0.00,0.0,0.0,0.0,0.0,0.0,0.0,0.800000011920929,0.0,0.0,21.697338940170418,0.0,0.0,0.0,-0.001896688930480865,50436.24,50436.25,48.31096999999986,-2.964867425002549e-07,-2.9840849319643856e-07,568.2836,0.12,-4179.596,-0.001896688930480865,-35.8428,-0.0052,-2.411,35.84280037720267,0.0,0,nan,nan,nan,nan,nan,nan,nan,nan,nan,nan,10.447856648974877,24,10.447856648974877,24,10.447856648974877,24,10.447856648974877,24,20.895713297949754,48,10.447856648974877,24,10.447856648974877,24,10.447856648974877,24,nan,nan,nan,nan,nan,2,48.756664361882756,107,48.259147378598236,107,10.447856648974877,24,10.447856648974877,24,nan,nan,nan,nan,nan,nan,nan,nan,nan,nan
1788167971.391345,2.228374576,grid_throttle_0.000_at_0.00,0.0,0.0,0.0,0.0,0.0,0.0,0.800000011920929,0.0,0.0,21.697338940170418,0.0,0.0,0.0,-0.001896688930480865,50436.24,50436.25,48.31096999999986,-2.964867425002549e-07,-2.9840849319643856e-07,568.2836,0.12,-4179.596,-0.001896688930480865,-35.8428,-0.0052,-2.411,35.84280037720267,0.0,0,nan,nan,nan,nan,nan,nan,nan,nan,nan,nan,10.447856648974877,24,10.447856648974877,24,10.447856648974877,24,10.447856648974877,24,20.895713297949754,48,10.447856648974877,24,10.447856648974877,24,10.447856648974877,24,nan,nan,nan,nan,nan,2,48.756664361882756,108,48.259147378598236,108,10.447856648974877,24,10.447856648974877,24,nan,nan,nan,nan,nan,nan,nan,nan,nan,nan
1788167971.4115336,2.248563211,grid_throttle_0.000_at_0.00,0.0,0.0,0.0,0.0,0.0,0.0,0.800000011920929,0.0,0.0,21.697338940170418,0.0,0.0,0.0,-0.001896688930480865,50436.24,50436.25,48.31096999999986,-2.964867425002549e-07,-2.9840849319643856e-07,568.2836,0.12,-4179.596,-0.001896688930480865,-35.8428,-0.0052,-2.411,35.84280037720267,0.0,0,nan,nan,nan,nan,nan,nan,nan,nan,nan,nan,10.447856648974877,24,10.447856648974877,24,10.447856648974877,24,10.447856648974877,24,20.895713297949754,48,10.447856648974877,24,10.447856648974877,24,10.447856648974877,24,nan,nan,nan,nan,nan,2,48.756664361882756,109,48.259147378598236,109,10.447856648974877,24,10.447856648974877,24,nan,nan,nan,nan,nan,nan,nan,nan,nan,nan
1788167971.431446,2.268475896,grid_throttle_0.000_at_0.00,0.0,0.0,0.0,0.0,0.0,0.0,0.800000011920929,0.0,0.0,21.697338940170418,0.0,0.0,0.0,-0.001896688930480865,50436.24,50436.25,48.31096999999986,-2.964867425002549e-07,-2.9840849319643856e-07,568.2836,0.12,-4179.596,-0.001896688930480865,-35.8428,-0.0052,-2.411,35.84280037720267,0.0,0,nan,nan,nan,nan,nan,nan,nan,nan,nan,nan,10.447856648974877,24,10.447856648974877,24,10.447856648974877,24,10.447856648974877,24,20.895713297949754,48,10.447856648974877,24,10.447856648974877,24,10.447856648974877,24,nan,nan,nan,nan,nan,2,48.756664361882756,110,48.259147378598236,110,10.447856648974877,24,10.447856648974877,24,nan,nan,nan,nan,nan,nan,nan,nan,nan,nan
1788167971.4513361,2.288365729,grid_throttle_0.000_at_0.00,0.0,0.0,0.0,0.0,0.0,0.0,0.800000011920929,0.0,0.0,21.697338940170418,0.0,0.0,0.0,-0.001896688930480865,50436.24,50436.25,48.31096999999986,-2.964867425002549e-07,-2.9840849319643856e-07,568.2836,0.12,-4179.596,-0.001896688930480865,-35.8428,-0.0052,-2.411,35.84280037720267,0.0,0,nan,nan,nan,nan,nan,nan,nan,nan,nan,nan,10.447856648974877,24,10.447856648974877,24,10.447856648974877,24,10.447856648974877,24,20.895713297949754,48,10.447856648974877,24,10.447856648974877,24,10.447856648974877,24,nan,nan,nan,nan,nan,2,48.756664361882756,111,48.259147378598236,111,10.447856648974877,24,10.447856648974877,24,nan,nan,nan,nan,nan,nan,nan,nan,nan,nan
1788167971.4713624,2.308392035,grid_throttle_0.000_at_0.00,0.0,0.0,0.0,0.0,0.0,0.0,0.800000011920929,0.0,0.0,17.86286762017042,0.0,0.0,0.0,-0.001896688930480865,50454.79,50454.8,49.405419999999985,-6.230799178791434e-07,-2.9840849319643856e-07,568.2836,0.12,-4181.547,-0.001896688930480865,-35.8428,-0.0052,-2.411,35.84280037720267,0.0,0,nan,nan,nan,nan,nan,nan,nan,nan,nan,nan,10.447856648974877,25,10.447856648974877,25,10.447856648974877,25,10.447856648974877,25,20.895713297949754,50,10.447856648974877,25,10.447856648974877,25,10.447856648974877,25,nan,nan,nan,nan,nan,2,48.756664361882756,112,48.259147378598236,112,10.447856648974877,25,10.447856648974877,25,nan,nan,nan,nan,nan,nan,nan,nan,nan,nan
1788167971.4914572,2.328486883,grid_throttle_0.000_at_0.00,0.0,0.0,0.0,0.0,0.0,0.0,0.800000011920929,0.0,0.0,17.86286762017042,0.0,0.0,0.0,-0.001896688930480865,50454.79,50454.8,49.405419999999985,-6.230799178791434e-07,-2.9840849319643856e-07,568.2836,0.12,-4181.547,-0.001896688930480865,-35.8428,-0.0052,-2.411,35.84280037720267,0.0,0,nan,nan,nan,nan,nan,nan,nan,nan,nan,nan,10.447856648974877,25,10.447856648974877,25,10.447856648974877,25,10.447856648974877,25,20.895713297949754,50,10.447856648974877,25,10.447856648974877,25,10.447856648974877,25,nan,nan,nan,nan,nan,2,48.756664361882756,113,48.259147378598236,113,10.447856648974877,25,10.447856648974877,25,nan,nan,nan,nan,nan,nan,nan,nan,nan,nan
1788167971.5114074,2.348437082,grid_throttle_0.000_at_0.00,0.0,0.0,0.0,0.0,0.0,0.0,0.800000011920929,0.0,0.0,17.86286762017042,0.0,0.0,0.0,-0.001896688930480865,50454.79,50454.8,49.405419999999985,-6.230799178791434e-07,-2.9840849319643856e-07,568.2836,0.12,-4181.547,-0.001896688930480865,-35.8428,-0.0052,-2.411,35.84280037720267,0.0,0,nan,nan,nan,nan,nan,nan,nan,nan,nan,nan,10.447856648974877,25,10.447856648974877,25,10.447856648974877,25,10.447856648974877,25,20.895713297949754,50,10.447856648974877,25,10.447856648974877,25,10.447856648974877,25,nan,nan,nan,nan,nan,2,48.756664361882756,114,48.259147378598236,114,10.447856648974877,25,10.447856648974877,25,nan,nan,nan,nan,nan,nan,nan,nan,nan,nan
1788167971.5313637,2.368393313,grid_throttle_0.000_at_0.00,0.0,0.0,0.0,0.0,0.0,0.0,0.800000011920929,0.0,0.0,17.86286762017042,0.0,0.0,0.0,-0.001896688930480865,50454.79,50454.8,49.405419999999985,-6.230799178791434e-07,-2.9840849319643856e-07,568.2836,0.12,-4181.547,-0.001896688930480865,-35.8428,-0.0052,-2.411,35.84280037720267,0.0,0,nan,nan,nan,nan,nan,nan,nan,nan,nan,nan,10.447856648974877,25,10.447856648974877,25,10.447856648974877,25,10.447856648974877,25,20.895713297949754,50,10.447856648974877,25,10.447856648974877,25,10.447856648974877,25,nan,nan,nan,nan,nan,2,48.756664361882756,115,48.259147378598236,115,10.447856648974877,25,10.447856648974877,25,nan,nan,nan,nan,nan,nan,nan,nan,nan,nan
1788167971.5513272,2.388357079,grid_throttle_0.000_at_0.00,0.0,0.0,0.0,0.0,0.0,0.0,0.800000011920929,0.0,0.0,17.86286762017042,0.0,0.0,0.0,-0.001896688930480865,50454.79,50454.8,49.405419999999985,-6.230799178791434e-07,-2.9840849319643856e-07,568.2836,0.12,-4181.547,-0.001896688930480865,-35.8428,-0.0052,-2.411,35.84280037720267,0.0,0,nan,nan,nan,nan,nan,nan,nan,nan,nan,nan,10.447856648974877,25,10.447856648974877,25,10.447856648974877,25,10.447856648974877,25,20.895713297949754,50,10.447856648974877,25,10.447856648974877,25,10.447856648974877,25,nan,nan,nan,nan,nan,2,48.756664361882756,116,48.259147378598236,116,10.447856648974877,25,10.447856648974877,25,nan,nan,nan,nan,nan,nan,nan,nan,nan,nan
1788167971.5713336,2.408363405,grid_throttle_0.000_at_0.00,0.0,0.0,0.0,0.0,0.0,0.0,0.800000011920929,0.0,0.0,20.074463279041343,0.0,0.0,0.0,-0.0018963905219876686,50488.81,50488.82,51.41259999999978,-9.225596975661279e-07,0.0,568.2836,0.12,-4185.125,-0.0018963905219876686,-35.8428,-0.0052,-2.4111,35.84280037720267,0.0,0,nan,nan,nan,nan,nan,nan,nan,nan,nan,nan,10.447856648974877,26,10.447856648974877,26,10.447856648974877,26,10.447856648974877,26,20.895713297949754,52,10.447856648974877,26,10.447856648974877,26,10.447856648974877,26,nan,nan,nan,nan,nan,2,48.756664361882756,117,48.259147378598236,117,10.447856648974877,26,10.447856648974877,26,nan,nan,nan,nan,nan,nan,nan,nan,nan,nan
1788167971.5915084,2.428537885,grid_throttle_0.000_at_0.00,0.0,0.0,0.0,0.0,0.0,0.0,0.800000011920929,0.0,0.0,20.074463279041343,0.0,0.0,0.0,-0.0018963905219876686,50488.81,50488.82,51.41259999999978,-9.225596975661279e-07,0.0,568.2836,0.12,-4185.125,-0.0018963905219876686,-35.8428,-0.0052,-2.4111,35.84280037720267,0.0,0,nan,nan,nan,nan,nan,nan,nan,nan,nan,nan,10.447856648974877,26,10.447856648974877,26,10.447856648974877,26,10.447856648974877,26,20.895713297949754,52,10.447856648974877,26,10.447856648974877,26,10.447856648974877,26,nan,nan,nan,nan,nan,2,48.756664361882756,118,48.259147378598236,118,10.447856648974877,26,10.447856648974877,26,nan,nan,nan,nan,nan,nan,nan,nan,nan,nan
1788167971.6115026,2.448532356,grid_throttle_0.000_at_0.00,0.0,0.0,0.0,0.0,0.0,0.0,0.800000011920929,0.0,0.0,20.074463279041343,0.0,0.0,0.0,-0.0018963905219876686,50488.81,50488.82,51.41259999999978,-9.225596975661279e-07,0.0,568.2836,0.12,-4185.125,-0.0018963905219876686,-35.8428,-0.0052,-2.4111,35.84280037720267,0.0,0,nan,nan,nan,nan,nan,nan,nan,nan,nan,nan,10.447856648974877,26,10.447856648974877,26,10.447856648974877,26,10.447856648974877,26,20.895713297949754,52,10.447856648974877,26,10.447856648974877,26,10.447856648974877,26,nan,nan,nan,nan,nan,2,48.756664361882756,119,48.259147378598236,119,10.447856648974877,26,10.447856648974877,26,nan,nan,nan,nan,nan,nan,nan,nan,nan,nan
1788167971.631721,2.468750728,grid_throttle_0.000_at_0.00,0.0,0.0,0.0,0.0,0.0,0.0,0.800000011920929,0.0,0.0,20.074463279041343,0.0,0.0,0.0,-0.0018963905219876686,50488.81,50488.82,51.41259999999978,-9.225596975661279e-07,0.0,568.2836,0.12,-4185.125,-0.0018963905219876686,-35.8428,-0.0052,-2.4111,35.84280037720267,0.0,0,nan,nan,nan,nan,nan,nan,nan,nan,nan,nan,10.447856648974877,26,10.447856648974877,26,10.447856648974877,26,10.447856648974877,26,20.895713297949754,52,10.447856648974877,26,10.447856648974877,26,10.447856648974877,26,nan,nan,nan,nan,nan,2,48.756664361882756,120,48.259147378598236,120,10.447856648974877,26,10.447856648974877,26,nan,nan,nan,nan,nan,nan,nan,nan,nan,nan
