scan_index,bag_time,time,finite_count,min_range,max_range,angle_min,angle_max,angle_increment,range_min,range_max,odom_index,odom_dt
0,1788885219.5571296,1788885219.5571296,1031,0.8600316047668457,9.803089141845703,-2.3561899662017822,2.3561899662017822,0.004363323096185923,0.05999999865889549,10.0,0,0.0
1,1788885219.6467707,1788885219.6467707,1031,0.8600335717201233,9.803133010864258,-2.3561899662017822,2.3561899662017822,0.004363323096185923,0.05999999865889549,10.0,1,0.0
2,1788885219.6974978,1788885219.6974978,1032,0.8602715134620667,9.984756469726562,-2.3561899662017822,2.3561899662017822,0.004363323096185923,0.05999999865889549,10.0,2,0.0
3,1788885219.747745,1788885219.747745,1031,0.8619964122772217,9.820070266723633,-2.3561899662017822,2.3561899662017822,0.004363323096185923,0.05999999865889549,10.0,3,0.0
4,1788885219.7968242,1788885219.7968242,1031,0.8657605051994324,9.778790473937988,-2.3561899662017822,2.3561899662017822,0.004363323096185923,0.05999999865889549,10.0,4,0.0
5,1788885219.846769,1788885219.846769,1032,0.8717287182807922,9.917588233947754,-2.3561899662017822,2.3561899662017822,0.004363323096185923,0.05999999865889549,10.0,5,0.0
6,1788885219.8968515,1788885219.8968515,1031,0.8804566264152527,9.753408432006836,-2.3561899662017822,2.3561899662017822,0.004363323096185923,0.05999999865889549,10.0,6,0.0
7,1788885219.951185,1788885219.951185,1032,0.8925356268882751,9.995061874389648,-2.3561899662017822,2.3561899662017822,0.004363323096185923,0.05999999865889549,10.0,7,0.0
8,1788885220.0060856,1788885220.0060856,1031,0.9083964824676514,9.749329566955566,-2.3561899662017822,2.3561899662017822,0.004363323096185923,0.05999999865889549,10.0,8,0.0
9,1788885220.0718083,1788885220.0718083,1032,0.9217842221260071,9.932771682739258,-2.3561899662017822,2.3561899662017822,0.004363323096185923,0.05999999865889549,10.0,9,0.0
10,1788885220.122808,1788885220.122808,1032,0.8935847878456116,9.872246742248535,-2.3561899662017822,2.3561899662017822,0.004363323096185923,0.05999999865889549,10.0,10,0.0
11,1788885220.1735268,1788885220.1735268,1033,0.862501323223114,9.930378913879395,-2.3561899662017822,2.3561899662017822,0.004363323096185923,0.05999999865889549,10.0,11,0.0
12,1788885220.2213926,1788885220.2213926,1034,0.8342711925506592,9.953811645507812,-2.3561899662017822,2.3561899662017822,0.004363323096185923,0.05999999865889549,10.0,12,0.0
13,1788885220.272637,1788885220.272637,1034,0.8124458193778992,9.88886547088623,-2.3561899662017822,2.3561899662017822,0.004363323096185923,0.05999999865889549,10.0,13,0.0
14,1788885220.3214853,1788885220.3214853,1035,0.7967044711112976,9.969757080078125,-2.3561899662017822,2.3561899662017822,0.004363323096185923,0.05999999865889549,10.0,14,0.0
15,1788885220.3726788,1788885220.3726788,1035,0.7870504856109619,9.881482124328613,-2.3561899662017822,2.3561899662017822,0.004363323096185923,0.05999999865889549,10.0,15,0.0
16,1788885220.4225776,1788885220.4225776,1035,0.78130042552948,9.864057540893555,-2.3561899662017822,2.3561899662017822,0.004363323096185923,0.05999999865889549,10.0,16,0.0
17,1788885220.472293,1788885220.472293,1036,0.7781065106391907,9.950934410095215,-2.3561899662017822,2.3561899662017822,0.004363323096185923,0.05999999865889549,10.0,17,0.0
18,1788885220.5215836,1788885220.5215836,1036,0.7836372256278992,9.886588096618652,-2.3561899662017822,2.3561899662017822,0.004363323096185923,0.05999999865889549,10.0,18,0.0
19,1788885220.5716038,1788885220.5716038,1037,0.7939342856407166,9.959141731262207,-2.3561899662017822,2.3561899662017822,0.004363323096185923,0.05999999865889549,10.0,19,0.0
20,1788885220.6212971,1788885220.6212971,1037,0.8073855042457581,9.875945091247559,-2.3561899662017822,2.3561899662017822,0.004363323096185923,0.05999999865889549,10.0,20,0.0
21,1788885220.6724885,1788885220.6724885,1039,0.8234549164772034,9.98691463470459,-2.3561899662017822,2.3561899662017822,0.004363323096185923,0.05999999865889549,10.0,21,0.0
22,1788885220.7214463,1788885220.7214463,1039,0.8415662050247192,9.963587760925293,-2.3561899662017822,2.3561899662017822,0.004363323096185923,0.05999999865889549,10.0,22,0.0
23,1788885220.7712638,1788885220.7712638,1039,0.8610672950744629,9.894027709960938,-2.3561899662017822,2.3561899662017822,0.004363323096185923,0.05999999865889549,10.0,23,0.0
24,1788885220.8217137,1788885220.8217137,1040,0.8811019062995911,9.911760330200195,-2.3561899662017822,2.3561899662017822,0.004363323096185923,0.05999999865889549,10.0,24,0.0
25,1788885220.8715558,1788885220.8715558,1040,0.9008352160453796,9.902194023132324,-2.3561899662017822,2.3561899662017822,0.004363323096185923,0.05999999865889549,10.0,25,0.0
26,1788885220.9217684,1788885220.9217684,1041,0.9194875955581665,9.95915699005127,-2.3561899662017822,2.3561899662017822,0.004363323096185923,0.05999999865889549,10.0,26,0.0
27,1788885220.9715602,1788885220.9715602,1041,0.9209582209587097,9.943560600280762,-2.3561899662017822,2.3561899662017822,0.004363323096185923,0.05999999865889549,10.0,27,0.0
28,1788885221.0224988,1788885221.0224988,1041,0.9056251049041748,9.861068725585938,-2.3561899662017822,2.3561899662017822,0.004363323096185923,0.05999999865889549,10.0,28,0.0
29,1788885221.0772095,1788885221.0772095,1041,0.8929198980331421,9.897398948669434,-2.3561899662017822,2.3561899662017822,0.004363323096185923,0.05999999865889549,10.0,29,0.0
30,1788885221.1470523,1788885221.1470523,1042,0.8784065842628479,9.920028686523438,-2.3561899662017822,2.3561899662017822,0.004363323096185923,0.05999999865889549,10.0,30,0.0
31,1788885221.1999063,1788885221.1999063,1042,0.8738210201263428,9.925294876098633,-2.3561899662017822,2.3561899662017822,0.004363323096185923,0.05999999865889549,10.0,31,0.0
32,1788885221.2520838,1788885221.2520838,1042,0.8797817826271057,9.907735824584961,-2.3561899662017822,2.3561899662017822,0.004363323096185923,0.05999999865889549,10.0,32,0.0
33,1788885221.3013062,1788885221.3013062,1043,0.8886002898216248,9.936882019042969,-2.3561899662017822,2.3561899662017822,0.004363323096185923,0.05999999865889549,10.0,33,0.0
34,1788885221.3493817,1788885221.3493817,1043,0.8982303142547607,9.912528038024902,-2.3561899662017822,2.3561899662017822,0.004363323096185923,0.05999999865889549,10.0,34,0.0
35,1788885221.3966317,1788885221.3966317,1044,0.9080970287322998,9.977254867553711,-2.3561899662017822,2.3561899662017822,0.004363323096185923,0.05999999865889549,10.0,35,0.0
36,1788885221.4465861,1788885221.4465861,1044,0.9176260828971863,9.92957878112793,-2.3561899662017822,2.3561899662017822,0.004363323096185923,0.05999999865889549,10.0,36,0.0
37,1788885221.4965236,1788885221.4965236,1044,0.9263175129890442,9.892470359802246,-2.3561899662017822,2.3561899662017822,0.004363323096185923,0.05999999865889549,10.0,37,0.0
38,1788885221.546584,1788885221.546584,1045,0.9337161183357239,9.987897872924805,-2.3561899662017822,2.3561899662017822,0.004363323096185923,0.05999999865889549,10.0,38,0.0
39,1788885221.596708,1788885221.596708,1045,0.939513623714447,9.950709342956543,-2.3561899662017822,2.3561899662017822,0.004363323096185923,0.05999999865889549,10.0,39,0.0
40,1788885221.647574,1788885221.647574,1045,0.9359608888626099,9.89148998260498,-2.3561899662017822,2.3561899662017822,0.004363323096185923,0.05999999865889549,10.0,40,0.0
41,1788885221.6972063,1788885221.6972063,1045,0.9307010173797607,9.902068138122559,-2.3561899662017822,2.3561899662017822,0.004363323096185923,0.05999999865889549,10.0,41,0.0
42,1788885221.746811,1788885221.746811,1046,0.9271724820137024,9.955753326416016,-2.3561899662017822,2.3561899662017822,0.004363323096185923,0.05999999865889549,10.0,42,0.0
43,1788885221.7980168,1788885221.7980168,1046,0.9251735210418701,9.894902229309082,-2.3561899662017822,2.3561899662017822,0.004363323096185923,0.05999999865889549,10.0,43,0.0
44,1788885221.8482213,1788885221.8482213,1047,0.9243993759155273,9.949966430664062,-2.3561899662017822,2.3561899662017822,0.004363323096185923,0.05999999865889549,10.0,44,0.0
45,1788885221.8985105,1788885221.8985105,1047,0.9245237708091736,9.938218116760254,-2.3561899662017822,2.3561899662017822,0.004363323096185923,0.05999999865889549,10.0,45,0.0
46,1788885221.9485447,1788885221.9485447,1048,0.9252644777297974,9.979460716247559,-2.3561899662017822,2.3561899662017822,0.004363323096185923,0.05999999865889549,10.0,46,0.0
47,1788885221.998031,1788885221.998031,1048,0.9262980222702026,9.958765983581543,-2.3561899662017822,2.3561899662017822,0.004363323096185923,0.05999999865889549,10.0,47,0.0
48,1788885222.0471544,1788885222.0471544,1049,0.9272801280021667,9.972026824951172,-2.3561899662017822,2.3561899662017822,0.004363323096185923,0.05999999865889549,10.0,48,0.0
49,1788885222.0967596,1788885222.0967596,1050,0.9279013276100159,9.9270658493042,-2.3561899662017822,2.3561899662017822,0.004363323096185923,0.05999999865889549,10.0,49,0.0
50,1788885222.149621,1788885222.149621,1050,0.9298790097236633,9.914548873901367,-2.3561899662017822,2.3561899662017822,0.004363323096185923,0.05999999865889549,10.0,50,0.0
51,1788885222.2217467,1788885222.2217467,1051,0.941373884677887,9.956265449523926,-2.3561899662017822,2.3561899662017822,0.004363323096185923,0.05999999865889549,10.0,51,0.0
52,1788885222.2727273,1788885222.2727273,1052,0.9485006928443909,9.949501991271973,-2.3561899662017822,2.3561899662017822,0.004363323096185923,0.05999999865889549,10.0,52,0.0
53,1788885222.3215005,1788885222.3215005,1054,0.9548798203468323,9.992034912109375,-2.3561899662017822,2.3561899662017822,0.004363323096185923,0.05999999865889549,10.0,53,0.0
54,1788885222.3723996,1788885222.3723996,1056,0.9606301784515381,9.979171752929688,-2.3561899662017822,2.3561899662017822,0.004363323096185923,0.05999999865889549,10.0,54,0.0
55,1788885222.4214,1788885222.4214,1057,0.9659109711647034,9.968962669372559,-2.3561899662017822,2.3561899662017822,0.004363323096185923,0.05999999865889549,10.0,55,0.0
56,1788885222.4715579,1788885222.4715579,1058,0.9709782004356384,9.971166610717773,-2.3561899662017822,2.3561899662017822,0.004363323096185923,0.05999999865889549,10.0,56,0.0
57,1788885222.5215402,1788885222.5215402,1061,0.9760885238647461,9.99795913696289,-2.3561899662017822,2.3561899662017822,0.004363323096185923,0.05999999865889549,10.0,57,0.0
58,1788885222.5714955,1788885222.5714955,1064,0.9814308881759644,9.989753723144531,-2.3561899662017822,2.3561899662017822,0.004363323096185923,0.05999999865889549,10.0,58,0.0
59,1788885222.6217382,1788885222.6217382,1068,0.98719322681427,9.994749069213867,-2.3561899662017822,2.3561899662017822,0.004363323096185923,0.05999999865889549,10.0,59,0.0
60,1788885222.6714194,1788885222.6714194,1079,0.9886782765388489,9.993295669555664,-2.3561899662017822,2.3561899662017822,0.004363323096185923,0.05999999865889549,10.0,60,0.0
61,1788885222.7215393,1788885222.7215393,1081,0.987246572971344,9.921259880065918,-2.3561899662017822,2.3561899662017822,0.004363323096185923,0.05999999865889549,10.0,61,0.0
62,1788885222.7719102,1788885222.7719102,1081,0.986958920955658,9.824819564819336,-2.3561899662017822,2.3561899662017822,0.004363323096185923,0.05999999865889549,10.0,62,0.0
63,1788885222.8217986,1788885222.8217986,1081,0.9882876873016357,9.73608112335205,-2.3561899662017822,2.3561899662017822,0.004363323096185923,0.05999999865889549,10.0,63,0.0
64,1788885222.87284,1788885222.87284,1081,0.9915081262588501,9.634201049804688,-2.3561899662017822,2.3561899662017822,0.004363323096185923,0.05999999865889549,10.0,64,0.0
65,1788885222.922396,1788885222.922396,1081,0.9964920282363892,9.546884536743164,-2.3561899662017822,2.3561899662017822,0.004363323096185923,0.05999999865889549,10.0,65,0.0
66,1788885222.9714932,1788885222.9714932,1081,1.0029629468917847,9.450239181518555,-2.3561899662017822,2.3561899662017822,0.004363323096185923,0.05999999865889549,10.0,66,0.0
67,1788885223.021565,1788885223.021565,1081,1.0105769634246826,9.35170841217041,-2.3561899662017822,2.3561899662017822,0.004363323096185923,0.05999999865889549,10.0,67,0.0
68,1788885223.0723257,1788885223.0723257,1081,1.0189779996871948,9.25894546508789,-2.3561899662017822,2.3561899662017822,0.004363323096185923,0.05999999865889549,10.0,68,0.0
69,1788885223.1217704,1788885223.1217704,1081,1.0277659893035889,9.159697532653809,-2.3561899662017822,2.3561899662017822,0.004363323096185923,0.05999999865889549,10.0,69,0.0
70,1788885223.1717155,1788885223.1717155,1081,1.036520004272461,9.063409805297852,-2.3561899662017822,2.3561899662017822,0.004363323096185923,0.05999999865889549,10.0,70,0.0
71,1788885223.221591,1788885223.221591,1081,1.0449399948120117,8.969639778137207,-2.3561899662017822,2.3561899662017822,0.004363323096185923,0.05999999865889549,10.0,71,0.0
72,1788885223.2714744,1788885223.2714744,1081,1.0526310205459595,8.86839485168457,-2.3561899662017822,2.3561899662017822,0.004363323096185923,0.05999999865889549,10.0,72,0.0
73,1788885223.322713,1788885223.322713,1081,1.0593769550323486,8.770277976989746,-2.3561899662017822,2.3561899662017822,0.004363323096185923,0.05999999865889549,10.0,73,0.0
74,1788885223.3714728,1788885223.3714728,1081,1.0652090311050415,8.677276611328125,-2.3561899662017822,2.3561899662017822,0.004363323096185923,0.05999999865889549,10.0,74,0.0
75,1788885223.4214883,1788885223.4214883,1081,1.0699870586395264,8.580556869506836,-2.3561899662017822,2.3561899662017822,0.004363323096185923,0.05999999865889549,10.0,75,0.0
76,1788885223.4722905,1788885223.4722905,1081,1.0737429857254028,8.481881141662598,-2.3561899662017822,2.3561899662017822,0.004363323096185923,0.05999999865889549,10.0,76,0.0
77,1788885223.5214543,1788885223.5214543,1081,1.0766539573669434,8.382770538330078,-2.3561899662017822,2.3561899662017822,0.004363323096185923,0.05999999865889549,10.0,77,0.0
78,1788885223.5716436,1788885223.5716436,1081,1.0789040327072144,8.294334411621094,-2.3561899662017822,2.3561899662017822,0.004363323096185923,0.05999999865889549,10.0,78,0.0
79,1788885223.621464,1788885223.621464,1081,1.0806870460510254,8.197769165039062,-2.3561899662017822,2.3561899662017822,0.004363323096185923,0.05999999865889549,10.0,79,0.0
80,1788885223.6717403,1788885223.6717403,1081,1.0822449922561646,8.103569984436035,-2.3561899662017822,2.3561899662017822,0.004363323096185923,0.05999999865889549,10.0,80,0.0
81,1788885223.7227542,1788885223.7227542,1081,1.0837600231170654,8.012077331542969,-2.3561899662017822,2.3561899662017822,0.004363323096185923,0.05999999865889549,10.0,81,0.0
82,1788885223.771836,1788885223.771836,1081,1.0854029655456543,7.913824081420898,-2.3561899662017822,2.3561899662017822,0.004363323096185923,0.05999999865889549,10.0,82,0.0
83,1788885223.822346,1788885223.822346,1081,1.087339997291565,7.819035053253174,-2.3561899662017822,2.3561899662017822,0.004363323096185923,0.05999999865889549,10.0,83,0.0
84,1788885223.8715184,1788885223.8715184,1081,1.0896780490875244,7.727395057678223,-2.3561899662017822,2.3561899662017822,0.004363323096185923,0.05999999865889549,10.0,84,0.0
85,1788885223.9218388,1788885223.9218388,1081,1.0925129652023315,7.6386590003967285,-2.3561899662017822,2.3561899662017822,0.004363323096185923,0.05999999865889549,10.0,85,0.0
86,1788885223.9714518,1788885223.9714518,1081,1.0958809852600098,7.541991233825684,-2.3561899662017822,2.3561899662017822,0.004363323096185923,0.05999999865889549,10.0,86,0.0
87,1788885224.0213146,1788885224.0213146,1081,1.097944974899292,7.4468278884887695,-2.3561899662017822,2.3561899662017822,0.004363323096185923,0.05999999865889549,10.0,87,0.0
88,1788885224.0715673,1788885224.0715673,1081,1.0918309688568115,7.352439880371094,-2.3561899662017822,2.3561899662017822,0.004363323096185923,0.05999999865889549,10.0,88,0.0
89,1788885224.1215758,1788885224.1215758,1081,1.0853140354156494,7.257795810699463,-2.3561899662017822,2.3561899662017822,0.004363323096185923,0.05999999865889549,10.0,89,0.0
90,1788885224.1717687,1788885224.1717687,1081,1.0784410238265991,7.162699222564697,-2.3561899662017822,2.3561899662017822,0.004363323096185923,0.05999999865889549,10.0,90,0.0
91,1788885224.222436,1788885224.222436,1081,1.071302056312561,7.076826095581055,-2.3561899662017822,2.3561899662017822,0.004363323096185923,0.05999999865889549,10.0,91,0.0
92,1788885224.273939,1788885224.273939,1081,1.063992977142334,6.979173183441162,-2.3561899662017822,2.3561899662017822,0.004363323096185923,0.05999999865889549,10.0,92,0.0
93,1788885224.3226871,1788885224.3226871,1081,1.05662202835083,6.890016078948975,-2.3561899662017822,2.3561899662017822,0.004363323096185923,0.05999999865889549,10.0,93,0.0
94,1788885224.371463,1788885224.371463,1081,1.0492500066757202,6.799160003662109,-2.3561899662017822,2.3561899662017822,0.004363323096185923,0.05999999865889549,10.0,94,0.0
95,1788885224.421557,1788885224.421557,1081,1.041936993598938,6.706604957580566,-2.3561899662017822,2.3561899662017822,0.004363323096185923,0.05999999865889549,10.0,95,0.0
96,1788885224.471771,1788885224.471771,1081,1.0347670316696167,6.612120151519775,-2.3561899662017822,2.3561899662017822,0.004363323096185923,0.05999999865889549,10.0,96,0.0
97,1788885224.5215752,1788885224.5215752,1081,1.0277570486068726,6.526744842529297,-2.3561899662017822,2.3561899662017822,0.004363323096185923,0.05999999865889549,10.0,97,0.0
98,1788885224.5713964,1788885224.5713964,1081,1.0208990573883057,6.429789066314697,-2.3561899662017822,2.3561899662017822,0.004363323096185923,0.05999999865889549,10.0,98,0.0
99,1788885224.6215897,1788885224.6215897,1081,1.014178991317749,6.342798233032227,-2.3561899662017822,2.3561899662017822,0.004363323096185923,0.05999999865889549,10.0,99,0.0
100,1788885224.6717527,1788885224.6717527,1081,1.0075620412826538,6.255605220794678,-2.3561899662017822,2.3561899662017822,0.004363323096185923,0.05999999865889549,10.0,100,0.0
101,1788885224.7215946,1788885224.7215946,1081,1.0009690523147583,6.168869972229004,-2.3561899662017822,2.3561899662017822,0.004363323096185923,0.05999999865889549,10.0,101,0.0
102,1788885224.7713058,1788885224.7713058,1081,0.9943436980247498,6.0827507972717285,-2.3561899662017822,2.3561899662017822,0.004363323096185923,0.05999999865889549,10.0,102,0.0
103,1788885224.8212814,1788885224.8212814,1081,0.9875802993774414,5.997958183288574,-2.3561899662017822,2.3561899662017822,0.004363323096185923,0.05999999865889549,10.0,103,0.0
104,1788885224.8739803,1788885224.8739803,1081,0.9805970191955566,5.914608955383301,-2.3561899662017822,2.3561899662017822,0.004363323096185923,0.05999999865889549,10.0,104,0.0
105,1788885224.9235525,1788885224.9235525,1081,0.9733821749687195,5.831727981567383,-2.3561899662017822,2.3561899662017822,0.004363323096185923,0.05999999865889549,10.0,105,0.0
106,1788885224.973334,1788885224.973334,1081,0.965825617313385,5.736148834228516,-2.3561899662017822,2.3561899662017822,0.004363323096185923,0.05999999865889549,10.0,106,0.0
107,1788885225.0224626,1788885225.0224626,1081,0.9578493237495422,5.640471935272217,-2.3561899662017822,2.3561899662017822,0.004363323096185923,0.05999999865889549,10.0,107,0.0
108,1788885225.0714958,1788885225.0714958,1081,0.9494078755378723,5.546363830566406,-2.3561899662017822,2.3561899662017822,0.004363323096185923,0.05999999865889549,10.0,108,0.0
109,1788885225.1221695,1788885225.1221695,1081,0.9404413104057312,5.450469970703125,-2.3561899662017822,2.3561899662017822,0.004363323096185923,0.05999999865889549,10.0,109,0.0
110,1788885225.1719997,1788885225.1719997,1081,0.9309238791465759,5.355953216552734,-2.3561899662017822,2.3561899662017822,0.004363323096185923,0.05999999865889549,10.0,110,0.0
111,1788885225.222924,1788885225.222924,1081,0.9195824861526489,5.261200904846191,-2.3561899662017822,2.3561899662017822,0.004363323096185923,0.05999999865889549,10.0,111,0.0
112,1788885225.2721665,1788885225.2721665,1081,0.904305100440979,5.166365146636963,-2.3561899662017822,2.3561899662017822,0.004363323096185923,0.05999999865889549,10.0,112,0.0
113,1788885225.321158,1788885225.321158,1081,0.8884788751602173,5.07177209854126,-2.3561899662017822,2.3561899662017822,0.004363323096185923,0.05999999865889549,10.0,113,0.0
114,1788885225.372351,1788885225.372351,1081,0.8721112012863159,4.978796005249023,-2.3561899662017822,2.3561899662017822,0.004363323096185923,0.05999999865889549,10.0,114,0.0
115,1788885225.4217489,1788885225.4217489,1081,0.8551247119903564,4.890359878540039,-2.3561899662017822,2.3561899662017822,0.004363323096185923,0.05999999865889549,10.0,115,0.0
116,1788885225.4725027,1788885225.4725027,1081,0.8375617861747742,4.8037519454956055,-2.3561899662017822,2.3561899662017822,0.004363323096185923,0.05999999865889549,10.0,116,0.0
117,1788885225.5227315,1788885225.5227315,1081,0.8194941878318787,4.719429969787598,-2.3561899662017822,2.3561899662017822,0.004363323096185923,0.05999999865889549,10.0,117,0.0
118,1788885225.5733438,1788885225.5733438,1081,0.8009411096572876,4.631209850311279,-2.3561899662017822,2.3561899662017822,0.004363323096185923,0.05999999865889549,10.0,118,0.0
119,1788885225.6255424,1788885225.6255424,1081,0.7818722724914551,4.5440850257873535,-2.3561899662017822,2.3561899662017822,0.004363323096185923,0.05999999865889549,10.0,119,0.0
120,1788885225.6742907,1788885225.6742907,1081,0.7622308731079102,4.4569621086120605,-2.3561899662017822,2.3561899662017822,0.004363323096185923,0.05999999865889549,10.0,120,0.0
121,1788885225.7246673,1788885225.7246673,1081,0.7419701814651489,4.371582984924316,-2.3561899662017822,2.3561899662017822,0.004363323096185923,0.05999999865889549,10.0,121,0.0
122,1788885225.7773376,1788885225.7773376,1081,0.721123218536377,4.2854719161987305,-2.3561899662017822,2.3561899662017822,0.004363323096185923,0.05999999865889549,10.0,122,0.0
123,1788885225.828094,1788885225.828094,1081,0.6996241807937622,4.201213836669922,-2.3561899662017822,2.3561899662017822,0.004363323096185923,0.05999999865889549,10.0,123,0.0
124,1788885225.896493,1788885225.896493,1081,0.6687167882919312,4.076167106628418,-2.3561899662017822,2.3561899662017822,0.004363323096185923,0.05999999865889549,10.0,124,0.0
125,1788885225.9467745,1788885225.9467745,1081,0.6590368151664734,3.9930379390716553,-2.3561899662017822,2.3561899662017822,0.004363323096185923,0.05999999865889549,10.0,125,0.0
126,1788885225.9961834,1788885225.9961834,1081,0.6563435792922974,3.91157603263855,-2.3561899662017822,2.3561899662017822,0.004363323096185923,0.05999999865889549,10.0,126,0.0
127,1788885226.0468192,1788885226.0468192,1081,0.6524510979652405,3.83125901222229,-2.3561899662017822,2.3561899662017822,0.004363323096185923,0.05999999865889549,10.0,127,0.0
128,1788885226.0964367,1788885226.0964367,1081,0.6470608711242676,3.7558751106262207,-2.3561899662017822,2.3561899662017822,0.004363323096185923,0.05999999865889549,10.0,128,0.0
129,1788885226.146969,1788885226.146969,1081,0.63979572057724,3.6803359985351562,-2.3561899662017822,2.3561899662017822,0.004363323096185923,0.05999999865889549,10.0,129,0.0
130,1788885226.1990886,1788885226.1990886,1081,0.6304603815078735,3.604151964187622,-2.3561899662017822,2.3561899662017822,0.004363323096185923,0.05999999865889549,10.0,130,0.0
131,1788885226.2486076,1788885226.2486076,1081,0.6190596222877502,3.528939962387085,-2.3561899662017822,2.3561899662017822,0.004363323096185923,0.05999999865889549,10.0,131,0.0
132,1788885226.2991998,1788885226.2991998,1081,0.6056352257728577,3.454751968383789,-2.3561899662017822,2.3561899662017822,0.004363323096185923,0.05999999865889549,10.0,132,0.0
133,1788885226.360429,1788885226.360429,1081,0.5902091860771179,3.3840670585632324,-2.3561899662017822,2.3561899662017822,0.004363323096185923,0.05999999865889549,10.0,133,0.0
134,1788885226.42189,1788885226.42189,1081,0.563479483127594,3.385446071624756,-2.3561899662017822,2.3561899662017822,0.004363323096185923,0.05999999865889549,10.0,134,0.0
135,1788885226.47468,1788885226.47468,1081,0.5432522892951965,3.4206390380859375,-2.3561899662017822,2.3561899662017822,0.004363323096185923,0.05999999865889549,10.0,135,0.0
136,1788885226.5249228,1788885226.5249228,1081,0.5263466835021973,3.498450994491577,-2.3561899662017822,2.3561899662017822,0.004363323096185923,0.05999999865889549,10.0,136,0.0
137,1788885226.578279,1788885226.578279,1081,0.5190976858139038,3.615149974822998,-2.3561899662017822,2.3561899662017822,0.004363323096185923,0.05999999865889549,10.0,137,0.0
138,1788885226.6472712,1788885226.6472712,1081,0.527101993560791,3.847714900970459,-2.3561899662017822,2.3561899662017822,0.004363323096185923,0.05999999865889549,10.0,138,0.0
139,1788885226.6983252,1788885226.6983252,1081,0.5435531735420227,4.087029933929443,-2.3561899662017822,2.3561899662017822,0.004363323096185923,0.05999999865889549,10.0,139,0.0
140,1788885226.7521012,1788885226.7521012,1081,0.5608854293823242,4.424654960632324,-2.3561899662017822,2.3561899662017822,0.004363323096185923,0.05999999865889549,10.0,140,0.0
141,1788885226.8214967,1788885226.8214967,1081,0.5809891819953918,5.238169193267822,-2.3561899662017822,2.3561899662017822,0.004363323096185923,0.05999999865889549,10.0,141,0.0
142,1788885226.8718219,1788885226.8718219,1081,0.5902153253555298,5.846927165985107,-2.3561899662017822,2.3561899662017822,0.004363323096185923,0.05999999865889549,10.0,142,0.0
143,1788885226.9219942,1788885226.9219942,1081,0.5962392091751099,6.082661151885986,-2.3561899662017822,2.3561899662017822,0.004363323096185923,0.05999999865889549,10.0,143,0.0
144,1788885226.972296,1788885226.972296,1081,0.605037271976471,6.2047929763793945,-2.3561899662017822,2.3561899662017822,0.004363323096185923,0.05999999865889549,10.0,144,0.0
145,1788885227.021248,1788885227.021248,1081,0.6181256771087646,6.248195171356201,-2.3561899662017822,2.3561899662017822,0.004363323096185923,0.05999999865889549,10.0,145,0.0
146,1788885227.0725532,1788885227.0725532,1081,0.6319391131401062,6.302186012268066,-2.3561899662017822,2.3561899662017822,0.004363323096185923,0.05999999865889549,10.0,146,0.0
147,1788885227.1226027,1788885227.1226027,1081,0.6446704268455505,6.327083110809326,-2.3561899662017822,2.3561899662017822,0.004363323096185923,0.05999999865889549,10.0,147,0.0
148,1788885227.1721904,1788885227.1721904,1081,0.6548944115638733,6.343556880950928,-2.3561899662017822,2.3561899662017822,0.004363323096185923,0.05999999865889549,10.0,148,0.0
149,1788885227.2218719,1788885227.2218719,1081,0.6635140776634216,6.364892959594727,-2.3561899662017822,2.3561899662017822,0.004363323096185923,0.05999999865889549,10.0,149,0.0
150,1788885227.2717667,1788885227.2717667,1081,0.6694161295890808,8.527111053466797,-2.3561899662017822,2.3561899662017822,0.004363323096185923,0.05999999865889549,10.0,150,0.0
151,1788885227.321236,1788885227.321236,1081,0.6693601012229919,7.304443836212158,-2.3561899662017822,2.3561899662017822,0.004363323096185923,0.05999999865889549,10.0,151,0.0
152,1788885227.372352,1788885227.372352,1081,0.6635109186172485,6.443972110748291,-2.3561899662017822,2.3561899662017822,0.004363323096185923,0.05999999865889549,10.0,152,0.0
153,1788885227.4214067,1788885227.4214067,1081,0.6524307727813721,6.415503978729248,-2.3561899662017822,2.3561899662017822,0.004363323096185923,0.05999999865889549,10.0,153,0.0
154,1788885227.4725018,1788885227.4725018,1081,0.6401103138923645,6.426943778991699,-2.3561899662017822,2.3561899662017822,0.004363323096185923,0.05999999865889549,10.0,154,0.0
155,1788885227.5214176,1788885227.5214176,1081,0.6284556984901428,6.435428142547607,-2.3561899662017822,2.3561899662017822,0.004363323096185923,0.05999999865889549,10.0,155,0.0
156,1788885227.5716164,1788885227.5716164,1081,0.6176102757453918,6.444365978240967,-2.3561899662017822,2.3561899662017822,0.004363323096185923,0.05999999865889549,10.0,156,0.0
157,1788885227.621598,1788885227.621598,1081,0.6075025796890259,6.433484077453613,-2.3561899662017822,2.3561899662017822,0.004363323096185923,0.05999999865889549,10.0,157,0.0
158,1788885227.671433,1788885227.671433,1081,0.5995287895202637,6.413365840911865,-2.3561899662017822,2.3561899662017822,0.004363323096185923,0.05999999865889549,10.0,158,0.0
159,1788885227.7215722,1788885227.7215722,1081,0.5940142869949341,6.381411075592041,-2.3561899662017822,2.3561899662017822,0.004363323096185923,0.05999999865889549,10.0,159,0.0
160,1788885227.7716668,1788885227.7716668,1081,0.5911787748336792,6.354446887969971,-2.3561899662017822,2.3561899662017822,0.004363323096185923,0.05999999865889549,10.0,160,0.0
161,1788885227.821749,1788885227.821749,1081,0.5904033184051514,6.316783905029297,-2.3561899662017822,2.3561899662017822,0.004363323096185923,0.05999999865889549,10.0,161,0.0
162,1788885227.8713467,1788885227.8713467,1081,0.5868126749992371,6.2838921546936035,-2.3561899662017822,2.3561899662017822,0.004363323096185923,0.05999999865889549,10.0,162,0.0
163,1788885227.922716,1788885227.922716,1081,0.5803043246269226,6.229031085968018,-2.3561899662017822,2.3561899662017822,0.004363323096185923,0.05999999865889549,10.0,163,0.0
164,1788885227.9728262,1788885227.9728262,1081,0.5710967183113098,6.185585975646973,-2.3561899662017822,2.3561899662017822,0.004363323096185923,0.05999999865889549,10.0,164,0.0
165,1788885228.0225585,1788885228.0225585,1081,0.5594797730445862,6.144618988037109,-2.3561899662017822,2.3561899662017822,0.004363323096185923,0.05999999865889549,10.0,165,0.0
166,1788885228.0725148,1788885228.0725148,1081,0.5457342863082886,6.088802814483643,-2.3561899662017822,2.3561899662017822,0.004363323096185923,0.05999999865889549,10.0,166,0.0
167,1788885228.121391,1788885228.121391,1081,0.5304123759269714,6.0277791023254395,-2.3561899662017822,2.3561899662017822,0.004363323096185923,0.05999999865889549,10.0,167,0.0
168,1788885228.1715384,1788885228.1715384,1081,0.5143908262252808,5.9740118980407715,-2.3561899662017822,2.3561899662017822,0.004363323096185923,0.05999999865889549,10.0,168,0.0
169,1788885228.221391,1788885228.221391,1081,0.4984421133995056,5.911571979522705,-2.3561899662017822,2.3561899662017822,0.004363323096185923,0.05999999865889549,10.0,169,0.0
170,1788885228.2718184,1788885228.2718184,1081,0.48348110914230347,5.876121997833252,-2.3561899662017822,2.3561899662017822,0.004363323096185923,0.05999999865889549,10.0,170,0.0
171,1788885228.3215783,1788885228.3215783,1081,0.4700930118560791,5.8396711349487305,-2.3561899662017822,2.3561899662017822,0.004363323096185923,0.05999999865889549,10.0,171,0.0
172,1788885228.3718925,1788885228.3718925,1081,0.4587835967540741,5.848525047302246,-2.3561899662017822,2.3561899662017822,0.004363323096185923,0.05999999865889549,10.0,172,0.0
173,1788885228.4215813,1788885228.4215813,1081,0.44999921321868896,5.886019229888916,-2.3561899662017822,2.3561899662017822,0.004363323096185923,0.05999999865889549,10.0,173,0.0
174,1788885228.471381,1788885228.471381,1081,0.44329801201820374,5.912129878997803,-2.3561899662017822,2.3561899662017822,0.004363323096185923,0.05999999865889549,10.0,174,0.0
175,1788885228.5212786,1788885228.5212786,1081,0.4406140148639679,5.9066009521484375,-2.3561899662017822,2.3561899662017822,0.004363323096185923,0.05999999865889549,10.0,175,0.0
176,1788885228.571606,1788885228.571606,1081,0.45690369606018066,5.924445152282715,-2.3561899662017822,2.3561899662017822,0.004363323096185923,0.05999999865889549,10.0,176,0.0
177,1788885228.621283,1788885228.621283,1081,0.4876959025859833,5.961094856262207,-2.3561899662017822,2.3561899662017822,0.004363323096185923,0.05999999865889549,10.0,177,0.0
178,1788885228.6726484,1788885228.6726484,1081,0.5186321139335632,6.093159198760986,-2.3561899662017822,2.3561899662017822,0.004363323096185923,0.05999999865889549,10.0,178,0.0
179,1788885228.7226949,1788885228.7226949,1081,0.5482720136642456,6.306702136993408,-2.3561899662017822,2.3561899662017822,0.004363323096185923,0.05999999865889549,10.0,179,0.0
180,1788885228.7724938,1788885228.7724938,1081,0.5754402875900269,6.5107951164245605,-2.3561899662017822,2.3561899662017822,0.004363323096185923,0.05999999865889549,10.0,180,0.0
181,1788885228.8215387,1788885228.8215387,1081,0.5996155738830566,6.811240196228027,-2.3561899662017822,2.3561899662017822,0.004363323096185923,0.05999999865889549,10.0,181,0.0
182,1788885228.8714669,1788885228.8714669,1081,0.6204892992973328,7.2461018562316895,-2.3561899662017822,2.3561899662017822,0.004363323096185923,0.05999999865889549,10.0,182,0.0
183,1788885228.9226496,1788885228.9226496,1081,0.6380885243415833,7.763864994049072,-2.3561899662017822,2.3561899662017822,0.004363323096185923,0.05999999865889549,10.0,183,0.0
184,1788885228.9732401,1788885228.9732401,1079,0.6525406837463379,8.353592872619629,-2.3561899662017822,2.3561899662017822,0.004363323096185923,0.05999999865889549,10.0,184,0.0
185,1788885229.0225253,1788885229.0225253,1072,0.6638458967208862,8.07509994506836,-2.3561899662017822,2.3561899662017822,0.004363323096185923,0.05999999865889549,10.0,185,0.0
186,1788885229.0714428,1788885229.0714428,1066,0.6721330881118774,7.9550700187683105,-2.3561899662017822,2.3561899662017822,0.004363323096185923,0.05999999865889549,10.0,186,0.0
187,1788885229.1212206,1788885229.1212206,1060,0.6764389872550964,7.907221794128418,-2.3561899662017822,2.3561899662017822,0.004363323096185923,0.05999999865889549,10.0,187,0.0
188,1788885229.1727893,1788885229.1727893,1053,0.6768569946289062,7.677224159240723,-2.3561899662017822,2.3561899662017822,0.004363323096185923,0.05999999865889549,10.0,188,0.0
189,1788885229.2219589,1788885229.2219589,1053,0.6742268204689026,9.985897064208984,-2.3561899662017822,2.3561899662017822,0.004363323096185923,0.05999999865889549,10.0,189,0.0
190,1788885229.2720025,1788885229.2720025,1053,0.6691784858703613,9.976677894592285,-2.3561899662017822,2.3561899662017822,0.004363323096185923,0.05999999865889549,10.0,190,0.0
191,1788885229.3226063,1788885229.3226063,1053,0.6627721786499023,9.944425582885742,-2.3561899662017822,2.3561899662017822,0.004363323096185923,0.05999999865889549,10.0,191,0.0
192,1788885229.3718677,1788885229.3718677,1054,0.6626781225204468,9.906343460083008,-2.3561899662017822,2.3561899662017822,0.004363323096185923,0.05999999865889549,10.0,192,0.0
193,1788885229.4212584,1788885229.4212584,1054,0.6720899939537048,9.890121459960938,-2.3561899662017822,2.3561899662017822,0.004363323096185923,0.05999999865889549,10.0,193,0.0
194,1788885229.4715576,1788885229.4715576,1055,0.6842346787452698,9.898914337158203,-2.3561899662017822,2.3561899662017822,0.004363323096185923,0.05999999865889549,10.0,194,0.0
195,1788885229.5213218,1788885229.5213218,1056,0.6966248154640198,9.91781997680664,-2.3561899662017822,2.3561899662017822,0.004363323096185923,0.05999999865889549,10.0,195,0.0
196,1788885229.5717626,1788885229.5717626,1057,0.708714485168457,9.979329109191895,-2.3561899662017822,2.3561899662017822,0.004363323096185923,0.05999999865889549,10.0,196,0.0
197,1788885229.6214345,1788885229.6214345,1057,0.7189059257507324,9.915046691894531,-2.3561899662017822,2.3561899662017822,0.004363323096185923,0.05999999865889549,10.0,197,0.0
198,1788885229.672378,1788885229.672378,1057,0.7257813215255737,9.903600692749023,-2.3561899662017822,2.3561899662017822,0.004363323096185923,0.05999999865889549,10.0,198,0.0
199,1788885229.7213845,1788885229.7213845,1058,0.7285264730453491,9.919089317321777,-2.3561899662017822,2.3561899662017822,0.004363323096185923,0.05999999865889549,10.0,199,0.0
200,1788885229.771326,1788885229.771326,1059,0.7264754176139832,9.955039978027344,-2.3561899662017822,2.3561899662017822,0.004363323096185923,0.05999999865889549,10.0,200,0.0
201,1788885229.8217595,1788885229.8217595,1059,0.7194002270698547,9.900774002075195,-2.3561899662017822,2.3561899662017822,0.004363323096185923,0.05999999865889549,10.0,201,0.0
202,1788885229.872573,1788885229.872573,1060,0.707107424736023,9.903985977172852,-2.3561899662017822,2.3561899662017822,0.004363323096185923,0.05999999865889549,10.0,202,0.0
203,1788885229.9212415,1788885229.9212415,1060,0.6899834275245667,9.903412818908691,-2.3561899662017822,2.3561899662017822,0.004363323096185923,0.05999999865889549,10.0,203,0.0
204,1788885229.9728124,1788885229.9728124,1061,0.6683933138847351,9.95266056060791,-2.3561899662017822,2.3561899662017822,0.004363323096185923,0.05999999865889549,10.0,204,0.0
205,1788885230.0214446,1788885230.0214446,1062,0.6429311037063599,9.989858627319336,-2.3561899662017822,2.3561899662017822,0.004363323096185923,0.05999999865889549,10.0,205,0.0
206,1788885230.0712957,1788885230.0712957,1062,0.6171082258224487,9.918368339538574,-2.3561899662017822,2.3561899662017822,0.004363323096185923,0.05999999865889549,10.0,206,0.0
207,1788885230.1219053,1788885230.1219053,1062,0.596257209777832,9.891983985900879,-2.3561899662017822,2.3561899662017822,0.004363323096185923,0.05999999865889549,10.0,207,0.0
208,1788885230.172343,1788885230.172343,1063,0.5817251801490784,9.957310676574707,-2.3561899662017822,2.3561899662017822,0.004363323096185923,0.05999999865889549,10.0,208,0.0
209,1788885230.2226644,1788885230.2226644,1063,0.5748203992843628,9.895113945007324,-2.3561899662017822,2.3561899662017822,0.004363323096185923,0.05999999865889549,10.0,209,0.0
210,1788885230.2714772,1788885230.2714772,1063,0.5746327042579651,9.986712455749512,-2.3561899662017822,2.3561899662017822,0.004363323096185923,0.05999999865889549,10.0,210,0.0
211,1788885230.3215675,1788885230.3215675,1063,0.5741832852363586,9.947039604187012,-2.3561899662017822,2.3561899662017822,0.004363323096185923,0.05999999865889549,10.0,211,0.0
212,1788885230.371514,1788885230.371514,1063,0.5728573203086853,9.870922088623047,-2.3561899662017822,2.3561899662017822,0.004363323096185923,0.05999999865889549,10.0,212,0.0
213,1788885230.421876,1788885230.421876,1064,0.5708323121070862,9.919071197509766,-2.3561899662017822,2.3561899662017822,0.004363323096185923,0.05999999865889549,10.0,213,0.0
214,1788885230.471542,1788885230.471542,1064,0.5684000849723816,9.926972389221191,-2.3561899662017822,2.3561899662017822,0.004363323096185923,0.05999999865889549,10.0,214,0.0
215,1788885230.5214267,1788885230.5214267,1065,0.5660573840141296,9.947351455688477,-2.3561899662017822,2.3561899662017822,0.004363323096185923,0.05999999865889549,10.0,215,0.0
216,1788885230.571762,1788885230.571762,1067,0.5643646717071533,9.999410629272461,-2.3561899662017822,2.3561899662017822,0.004363323096185923,0.05999999865889549,10.0,216,0.0
217,1788885230.622632,1788885230.622632,1068,0.5674669742584229,9.99221134185791,-2.3561899662017822,2.3561899662017822,0.004363323096185923,0.05999999865889549,10.0,217,0.0
218,1788885230.6726604,1788885230.6726604,1068,0.5852633714675903,9.985974311828613,-2.3561899662017822,2.3561899662017822,0.004363323096185923,0.05999999865889549,10.0,218,0.0
219,1788885230.7215788,1788885230.7215788,1069,0.6063933968544006,9.973740577697754,-2.3561899662017822,2.3561899662017822,0.004363323096185923,0.05999999865889549,10.0,219,0.0
220,1788885230.7713099,1788885230.7713099,1069,0.6289507150650024,9.937000274658203,-2.3561899662017822,2.3561899662017822,0.004363323096185923,0.05999999865889549,10.0,220,0.0
221,1788885230.8216958,1788885230.8216958,1070,0.6528763771057129,9.933785438537598,-2.3561899662017822,2.3561899662017822,0.004363323096185923,0.05999999865889549,10.0,221,0.0
222,1788885230.871544,1788885230.871544,1071,0.6780195832252502,9.944842338562012,-2.3561899662017822,2.3561899662017822,0.004363323096185923,0.05999999865889549,10.0,222,0.0
223,1788885230.9214585,1788885230.9214585,1072,0.7040795087814331,9.947250366210938,-2.3561899662017822,2.3561899662017822,0.004363323096185923,0.05999999865889549,10.0,223,0.0
224,1788885230.9726093,1788885230.9726093,1072,0.7307289838790894,9.922589302062988,-2.3561899662017822,2.3561899662017822,0.004363323096185923,0.05999999865889549,10.0,224,0.0
225,1788885231.0217607,1788885231.0217607,1073,0.7577288150787354,9.943450927734375,-2.3561899662017822,2.3561899662017822,0.004363323096185923,0.05999999865889549,10.0,225,0.0
226,1788885231.0711696,1788885231.0711696,1075,0.7848793268203735,9.964083671569824,-2.3561899662017822,2.3561899662017822,0.004363323096185923,0.05999999865889549,10.0,226,0.0
227,1788885231.1227736,1788885231.1227736,1076,0.8118711709976196,9.946466445922852,-2.3561899662017822,2.3561899662017822,0.004363323096185923,0.05999999865889549,10.0,227,0.0
228,1788885231.1728113,1788885231.1728113,1077,0.8384495973587036,9.958551406860352,-2.3561899662017822,2.3561899662017822,0.004363323096185923,0.05999999865889549,10.0,228,0.0
229,1788885231.2214198,1788885231.2214198,1078,0.864534318447113,9.946015357971191,-2.3561899662017822,2.3561899662017822,0.004363323096185923,0.05999999865889549,10.0,229,0.0
230,1788885231.271817,1788885231.271817,1079,0.8900960087776184,9.980602264404297,-2.3561899662017822,2.3561899662017822,0.004363323096185923,0.05999999865889549,10.0,230,0.0
231,1788885231.3217642,1788885231.3217642,1080,0.9151778817176819,9.938587188720703,-2.3561899662017822,2.3561899662017822,0.004363323096185923,0.05999999865889549,10.0,231,0.0
232,1788885231.3738246,1788885231.3738246,1081,0.9398884773254395,9.9620943069458,-2.3561899662017822,2.3561899662017822,0.004363323096185923,0.05999999865889549,10.0,232,0.0
233,1788885231.423951,1788885231.423951,1081,0.9643666744232178,9.919920921325684,-2.3561899662017822,2.3561899662017822,0.004363323096185923,0.05999999865889549,10.0,233,0.0
234,1788885231.4754097,1788885231.4754097,1081,0.9888001084327698,9.823578834533691,-2.3561899662017822,2.3561899662017822,0.004363323096185923,0.05999999865889549,10.0,234,0.0
235,1788885231.5477312,1788885231.5477312,1081,1.0135740041732788,9.737857818603516,-2.3561899662017822,2.3561899662017822,0.004363323096185923,0.05999999865889549,10.0,235,0.0
236,1788885231.5979502,1788885231.5979502,1081,1.029744029045105,9.643733978271484,-2.3561899662017822,2.3561899662017822,0.004363323096185923,0.05999999865889549,10.0,236,0.0
237,1788885231.648281,1788885231.648281,1081,1.0458749532699585,9.591635704040527,-2.3561899662017822,2.3561899662017822,0.004363323096185923,0.05999999865889549,10.0,237,0.0
238,1788885231.6976407,1788885231.6976407,1081,1.0253020524978638,9.544758796691895,-2.3561899662017822,2.3561899662017822,0.004363323096185923,0.05999999865889549,10.0,238,0.0
239,1788885231.7469265,1788885231.7469265,1081,0.9916210174560547,9.462772369384766,-2.3561899662017822,2.3561899662017822,0.004363323096185923,0.05999999865889549,10.0,239,0.0
240,1788885231.7964118,1788885231.7964118,1081,0.9587488174438477,9.386886596679688,-2.3561899662017822,2.3561899662017822,0.004363323096185923,0.05999999865889549,10.0,240,0.0
241,1788885231.8467689,1788885231.8467689,1081,0.9336503148078918,9.359356880187988,-2.3561899662017822,2.3561899662017822,0.004363323096185923,0.05999999865889549,10.0,241,0.0
242,1788885231.8965156,1788885231.8965156,1081,0.9183362126350403,9.29870319366455,-2.3561899662017822,2.3561899662017822,0.004363323096185923,0.05999999865889549,10.0,242,0.0
243,1788885231.9475777,1788885231.9475777,1081,0.9104403257369995,9.24393367767334,-2.3561899662017822,2.3561899662017822,0.004363323096185923,0.05999999865889549,10.0,243,0.0
244,1788885231.9962733,1788885231.9962733,1081,0.9025211930274963,9.194884300231934,-2.3561899662017822,2.3561899662017822,0.004363323096185923,0.05999999865889549,10.0,244,0.0
245,1788885232.0465944,1788885232.0465944,1081,0.8940495848655701,9.152132034301758,-2.3561899662017822,2.3561899662017822,0.004363323096185923,0.05999999865889549,10.0,245,0.0
246,1788885232.096242,1788885232.096242,1081,0.8849803805351257,9.11556339263916,-2.3561899662017822,2.3561899662017822,0.004363323096185923,0.05999999865889549,10.0,246,0.0
247,1788885232.1477354,1788885232.1477354,1081,0.8799278736114502,9.040623664855957,-2.3561899662017822,2.3561899662017822,0.004363323096185923,0.05999999865889549,10.0,247,0.0
248,1788885232.1973665,1788885232.1973665,1081,0.8776072263717651,9.012539863586426,-2.3561899662017822,2.3561899662017822,0.004363323096185923,0.05999999865889549,10.0,248,0.0
249,1788885232.2463195,1788885232.2463195,1081,0.8746798038482666,8.972865104675293,-2.3561899662017822,2.3561899662017822,0.004363323096185923,0.05999999865889549,10.0,249,0.0
250,1788885232.2962935,1788885232.2962935,1081,0.8711900115013123,8.921582221984863,-2.3561899662017822,2.3561899662017822,0.004363323096185923,0.05999999865889549,10.0,250,0.0
251,1788885232.3462608,1788885232.3462608,1081,0.8636354207992554,8.87157917022705,-2.3561899662017822,2.3561899662017822,0.004363323096185923,0.05999999865889549,10.0,251,0.0
252,1788885232.3967936,1788885232.3967936,1081,0.8505423069000244,8.82302188873291,-2.3561899662017822,2.3561899662017822,0.004363323096185923,0.05999999865889549,10.0,252,0.0
253,1788885232.4465895,1788885232.4465895,1081,0.8367859721183777,8.776773452758789,-2.3561899662017822,2.3561899662017822,0.004363323096185923,0.05999999865889549,10.0,253,0.0
254,1788885232.4975395,1788885232.4975395,1081,0.8222606778144836,8.734827995300293,-2.3561899662017822,2.3561899662017822,0.004363323096185923,0.05999999865889549,10.0,254,0.0
255,1788885232.546443,1788885232.546443,1081,0.8076931238174438,8.666516304016113,-2.3561899662017822,2.3561899662017822,0.004363323096185923,0.05999999865889549,10.0,255,0.0
256,1788885232.5964177,1788885232.5964177,1081,0.7953475713729858,8.601239204406738,-2.3561899662017822,2.3561899662017822,0.004363323096185923,0.05999999865889549,10.0,256,0.0
257,1788885232.6474655,1788885232.6474655,1081,0.7821549773216248,8.538370132446289,-2.3561899662017822,2.3561899662017822,0.004363323096185923,0.05999999865889549,10.0,257,0.0
258,1788885232.6973188,1788885232.6973188,1081,0.768100917339325,8.477670669555664,-2.3561899662017822,2.3561899662017822,0.004363323096185923,0.05999999865889549,10.0,258,0.0
259,1788885232.7464085,1788885232.7464085,1081,0.7529711127281189,8.42384147644043,-2.3561899662017822,2.3561899662017822,0.004363323096185923,0.05999999865889549,10.0,259,0.0
260,1788885232.7962837,1788885232.7962837,1081,0.7366456985473633,8.34660530090332,-2.3561899662017822,2.3561899662017822,0.004363323096185923,0.05999999865889549,10.0,260,0.0
261,1788885232.8474414,1788885232.8474414,1081,0.7191271781921387,8.274165153503418,-2.3561899662017822,2.3561899662017822,0.004363323096185923,0.05999999865889549,10.0,261,0.0
262,1788885232.897728,1788885232.897728,1081,0.7004470825195312,8.204363822937012,-2.3561899662017822,2.3561899662017822,0.004363323096185923,0.05999999865889549,10.0,262,0.0
263,1788885232.9470525,1788885232.9470525,1081,0.6808097958564758,8.131561279296875,-2.3561899662017822,2.3561899662017822,0.004363323096185923,0.05999999865889549,10.0,263,0.0
264,1788885232.9964511,1788885232.9964511,1081,0.6603406071662903,8.05434799194336,-2.3561899662017822,2.3561899662017822,0.004363323096185923,0.05999999865889549,10.0,264,0.0
265,1788885233.0466833,1788885233.0466833,1081,0.6391742825508118,7.970795154571533,-2.3561899662017822,2.3561899662017822,0.004363323096185923,0.05999999865889549,10.0,265,0.0
266,1788885233.0963979,1788885233.0963979,1081,0.6174123287200928,7.911787986755371,-2.3561899662017822,2.3561899662017822,0.004363323096185923,0.05999999865889549,10.0,266,0.0
267,1788885233.1465816,1788885233.1465816,1081,0.5930430293083191,7.848875999450684,-2.3561899662017822,2.3561899662017822,0.004363323096185923,0.05999999865889549,10.0,267,0.0
268,1788885233.1962929,1788885233.1962929,1081,0.567833423614502,7.778257846832275,-2.3561899662017822,2.3561899662017822,0.004363323096185923,0.05999999865889549,10.0,268,0.0
269,1788885233.2475743,1788885233.2475743,1081,0.5421382784843445,7.694049835205078,-2.3561899662017822,2.3561899662017822,0.004363323096185923,0.05999999865889549,10.0,269,0.0
270,1788885233.2962985,1788885233.2962985,1081,0.5160058736801147,7.608169078826904,-2.3561899662017822,2.3561899662017822,0.004363323096185923,0.05999999865889549,10.0,270,0.0
271,1788885233.3463163,1788885233.3463163,1081,0.49947890639305115,7.520512104034424,-2.3561899662017822,2.3561899662017822,0.004363323096185923,0.05999999865889549,10.0,271,0.0
272,1788885233.3963742,1788885233.3963742,1081,0.4906888008117676,7.43035888671875,-2.3561899662017822,2.3561899662017822,0.004363323096185923,0.05999999865889549,10.0,272,0.0
273,1788885233.4465811,1788885233.4465811,1081,0.4815163016319275,7.35301399230957,-2.3561899662017822,2.3561899662017822,0.004363323096185923,0.05999999865889549,10.0,273,0.0
274,1788885233.4963253,1788885233.4963253,1081,0.47198840975761414,7.258973121643066,-2.3561899662017822,2.3561899662017822,0.004363323096185923,0.05999999865889549,10.0,274,0.0
275,1788885233.5464618,1788885233.5464618,1081,0.4620271921157837,7.180283069610596,-2.3561899662017822,2.3561899662017822,0.004363323096185923,0.05999999865889549,10.0,275,0.0
276,1788885233.5972726,1788885233.5972726,1081,0.451631098985672,7.101612091064453,-2.3561899662017822,2.3561899662017822,0.004363323096185923,0.05999999865889549,10.0,276,0.0
277,1788885233.646442,1788885233.646442,1081,0.44169649481773376,7.023805141448975,-2.3561899662017822,2.3561899662017822,0.004363323096185923,0.05999999865889549,10.0,277,0.0
278,1788885233.6962872,1788885233.6962872,1081,0.4472405016422272,6.94614315032959,-2.3561899662017822,2.3561899662017822,0.004363323096185923,0.05999999865889549,10.0,278,0.0
279,1788885233.7465193,1788885233.7465193,1081,0.4585627019405365,6.853377819061279,-2.3561899662017822,2.3561899662017822,0.004363323096185923,0.05999999865889549,10.0,279,0.0
280,1788885233.7962687,1788885233.7962687,1081,0.46937990188598633,6.776566028594971,-2.3561899662017822,2.3561899662017822,0.004363323096185923,0.05999999865889549,10.0,280,0.0
281,1788885233.846866,1788885233.846866,1081,0.47963088750839233,6.700682163238525,-2.3561899662017822,2.3561899662017822,0.004363323096185923,0.05999999865889549,10.0,281,0.0
282,1788885233.8976076,1788885233.8976076,1081,0.4892405867576599,6.626205921173096,-2.3561899662017822,2.3561899662017822,0.004363323096185923,0.05999999865889549,10.0,282,0.0
283,1788885233.9486156,1788885233.9486156,1081,0.49816200137138367,6.553366184234619,-2.3561899662017822,2.3561899662017822,0.004363323096185923,0.05999999865889549,10.0,283,0.0
284,1788885233.999639,1788885233.999639,1081,0.5063685178756714,6.482332229614258,-2.3561899662017822,2.3561899662017822,0.004363323096185923,0.05999999865889549,10.0,284,0.0
285,1788885234.0519412,1788885234.0519412,1081,0.5138877034187317,6.429427146911621,-2.3561899662017822,2.3561899662017822,0.004363323096185923,0.05999999865889549,10.0,285,0.0
286,1788885234.1225746,1788885234.1225746,1081,0.5238515138626099,6.317529201507568,-2.3561899662017822,2.3561899662017822,0.004363323096185923,0.05999999865889549,10.0,286,0.0
287,1788885234.1714866,1788885234.1714866,1081,0.5296143889427185,6.249781131744385,-2.3561899662017822,2.3561899662017822,0.004363323096185923,0.05999999865889549,10.0,287,0.0
288,1788885234.221314,1788885234.221314,1081,0.5345823168754578,6.169252872467041,-2.3561899662017822,2.3561899662017822,0.004363323096185923,0.05999999865889549,10.0,288,0.0
289,1788885234.2712445,1788885234.2712445,1081,0.538877010345459,6.097516059875488,-2.3561899662017822,2.3561899662017822,0.004363323096185923,0.05999999865889549,10.0,289,0.0
290,1788885234.3226516,1788885234.3226516,1081,0.542500376701355,6.026413917541504,-2.3561899662017822,2.3561899662017822,0.004363323096185923,0.05999999865889549,10.0,290,0.0
291,1788885234.3727229,1788885234.3727229,1081,0.5504509806632996,5.9560041427612305,-2.3561899662017822,2.3561899662017822,0.004363323096185923,0.05999999865889549,10.0,291,0.0
292,1788885234.4225752,1788885234.4225752,1081,0.5595778822898865,5.886527061462402,-2.3561899662017822,2.3561899662017822,0.004363323096185923,0.05999999865889549,10.0,292,0.0
293,1788885234.4716961,1788885234.4716961,1081,0.5678976774215698,5.829154968261719,-2.3561899662017822,2.3561899662017822,0.004363323096185923,0.05999999865889549,10.0,293,0.0
294,1788885234.5214868,1788885234.5214868,1081,0.5753517746925354,5.7745819091796875,-2.3561899662017822,2.3561899662017822,0.004363323096185923,0.05999999865889549,10.0,294,0.0
295,1788885234.571796,1788885234.571796,1081,0.581928014755249,5.705284118652344,-2.3561899662017822,2.3561899662017822,0.004363323096185923,0.05999999865889549,10.0,295,0.0
296,1788885234.6213827,1788885234.6213827,1081,0.5876054167747498,5.632273197174072,-2.3561899662017822,2.3561899662017822,0.004363323096185923,0.05999999865889549,10.0,296,0.0
297,1788885234.671464,1788885234.671464,1081,0.5923014879226685,5.556252956390381,-2.3561899662017822,2.3561899662017822,0.004363323096185923,0.05999999865889549,10.0,297,0.0
298,1788885234.7214062,1788885234.7214062,1081,0.5959550738334656,5.467289924621582,-2.3561899662017822,2.3561899662017822,0.004363323096185923,0.05999999865889549,10.0,298,0.0
299,1788885234.7726774,1788885234.7726774,1081,0.5986068844795227,5.382421016693115,-2.3561899662017822,2.3561899662017822,0.004363323096185923,0.05999999865889549,10.0,299,0.0
300,1788885234.8211913,1788885234.8211913,1081,0.6002311706542969,5.295716762542725,-2.3561899662017822,2.3561899662017822,0.004363323096185923,0.05999999865889549,10.0,300,0.0
301,1788885234.8713453,1788885234.8713453,1081,0.6007164716720581,5.2087907791137695,-2.3561899662017822,2.3561899662017822,0.004363323096185923,0.05999999865889549,10.0,301,0.0
302,1788885234.9212296,1788885234.9212296,1081,0.5933806896209717,5.123390197753906,-2.3561899662017822,2.3561899662017822,0.004363323096185923,0.05999999865889549,10.0,302,0.0
303,1788885234.9718204,1788885234.9718204,1081,0.5845720171928406,5.0397047996521,-2.3561899662017822,2.3561899662017822,0.004363323096185923,0.05999999865889549,10.0,303,0.0
304,1788885235.0217876,1788885235.0217876,1081,0.5743193030357361,4.954424858093262,-2.3561899662017822,2.3561899662017822,0.004363323096185923,0.05999999865889549,10.0,304,0.0
305,1788885235.0715973,1788885235.0715973,1081,0.5624536275863647,4.870363235473633,-2.3561899662017822,2.3561899662017822,0.004363323096185923,0.05999999865889549,10.0,305,0.0
306,1788885235.1214335,1788885235.1214335,1081,0.5488227009773254,4.784669876098633,-2.3561899662017822,2.3561899662017822,0.004363323096185923,0.05999999865889549,10.0,306,0.0
307,1788885235.1715436,1788885235.1715436,1081,0.5340797901153564,4.701305866241455,-2.3561899662017822,2.3561899662017822,0.004363323096185923,0.05999999865889549,10.0,307,0.0
308,1788885235.2212796,1788885235.2212796,1081,0.5246713161468506,4.6183390617370605,-2.3561899662017822,2.3561899662017822,0.004363323096185923,0.05999999865889549,10.0,308,0.0
309,1788885235.2716138,1788885235.2716138,1081,0.5133969783782959,4.534386157989502,-2.3561899662017822,2.3561899662017822,0.004363323096185923,0.05999999865889549,10.0,309,0.0
310,1788885235.3217318,1788885235.3217318,1081,0.49945148825645447,4.449132919311523,-2.3561899662017822,2.3561899662017822,0.004363323096185923,0.05999999865889549,10.0,310,0.0
311,1788885235.3715262,1788885235.3715262,1081,0.48267170786857605,4.3643717765808105,-2.3561899662017822,2.3561899662017822,0.004363323096185923,0.05999999865889549,10.0,311,0.0
312,1788885235.4213157,1788885235.4213157,1081,0.46272221207618713,4.280088901519775,-2.3561899662017822,2.3561899662017822,0.004363323096185923,0.05999999865889549,10.0,312,0.0
313,1788885235.471451,1788885235.471451,1081,0.4396308958530426,4.195631980895996,-2.3561899662017822,2.3561899662017822,0.004363323096185923,0.05999999865889549,10.0,313,0.0
314,1788885235.522558,1788885235.522558,1081,0.4237911105155945,4.111579895019531,-2.3561899662017822,2.3561899662017822,0.004363323096185923,0.05999999865889549,10.0,314,0.0
315,1788885235.571811,1788885235.571811,1081,0.42057809233665466,4.027514934539795,-2.3561899662017822,2.3561899662017822,0.004363323096185923,0.05999999865889549,10.0,315,0.0
316,1788885235.6224332,1788885235.6224332,1081,0.4291780889034271,3.9418530464172363,-2.3561899662017822,2.3561899662017822,0.004363323096185923,0.05999999865889549,10.0,316,0.0
317,1788885235.6713593,1788885235.6713593,1081,0.45139920711517334,3.857285976409912,-2.3561899662017822,2.3561899662017822,0.004363323096185923,0.05999999865889549,10.0,317,0.0
318,1788885235.7215278,1788885235.7215278,1081,0.48291391134262085,3.772097110748291,-2.3561899662017822,2.3561899662017822,0.004363323096185923,0.05999999865889549,10.0,318,0.0
319,1788885235.7715988,1788885235.7715988,1081,0.5214484930038452,3.6891260147094727,-2.3561899662017822,2.3561899662017822,0.004363323096185923,0.05999999865889549,10.0,319,0.0
320,1788885235.8228285,1788885235.8228285,1081,0.5748010277748108,3.652446985244751,-2.3561899662017822,2.3561899662017822,0.004363323096185923,0.05999999865889549,10.0,320,0.0
321,1788885235.871543,1788885235.871543,1081,0.7420613765716553,8.641875267028809,-2.3561899662017822,2.3561899662017822,0.004363323096185923,0.05999999865889549,10.0,321,0.0
322,1788885235.9214554,1788885235.9214554,1077,0.7732970714569092,9.93549919128418,-2.3561899662017822,2.3561899662017822,0.004363323096185923,0.05999999865889549,10.0,322,0.0
323,1788885235.9727144,1788885235.9727144,1067,0.8092786073684692,9.965330123901367,-2.3561899662017822,2.3561899662017822,0.004363323096185923,0.05999999865889549,10.0,323,0.0
324,1788885236.021342,1788885236.021342,1067,0.8482534885406494,9.9996976852417,-2.3561899662017822,2.3561899662017822,0.004363323096185923,0.05999999865889549,10.0,324,0.0
325,1788885236.071677,1788885236.071677,1066,0.9034168124198914,9.95883846282959,-2.3561899662017822,2.3561899662017822,0.004363323096185923,0.05999999865889549,10.0,325,0.0
326,1788885236.1235187,1788885236.1235187,1066,0.9670807123184204,9.9949369430542,-2.3561899662017822,2.3561899662017822,0.004363323096185923,0.05999999865889549,10.0,326,0.0
327,1788885236.1713214,1788885236.1713214,1064,1.7171839475631714,9.937071800231934,-2.3561899662017822,2.3561899662017822,0.004363323096185923,0.05999999865889549,10.0,327,0.0
328,1788885236.2212617,1788885236.2212617,1064,1.7520140409469604,9.948446273803711,-2.3561899662017822,2.3561899662017822,0.004363323096185923,0.05999999865889549,10.0,328,0.0
329,1788885236.2713275,1788885236.2713275,1064,1.7855310440063477,9.963878631591797,-2.3561899662017822,2.3561899662017822,0.004363323096185923,0.05999999865889549,10.0,329,0.0
330,1788885236.322516,1788885236.322516,1065,1.8176740407943726,9.998332023620605,-2.3561899662017822,2.3561899662017822,0.004363323096185923,0.05999999865889549,10.0,330,0.0
331,1788885236.3717232,1788885236.3717232,1067,1.8482589721679688,9.99143123626709,-2.3561899662017822,2.3561899662017822,0.004363323096185923,0.05999999865889549,10.0,331,0.0
332,1788885236.4224825,1788885236.4224825,1069,1.8637640476226807,9.970487594604492,-2.3561899662017822,2.3561899662017822,0.004363323096185923,0.05999999865889549,10.0,332,0.0
333,1788885236.4713483,1788885236.4713483,1070,1.8280099630355835,9.913904190063477,-2.3561899662017822,2.3561899662017822,0.004363323096185923,0.05999999865889549,10.0,333,0.0
334,1788885236.5223203,1788885236.5223203,1072,1.785591959953308,9.993254661560059,-2.3561899662017822,2.3561899662017822,0.004363323096185923,0.05999999865889549,10.0,334,0.0
335,1788885236.5713725,1788885236.5713725,1073,1.7452919483184814,9.935946464538574,-2.3561899662017822,2.3561899662017822,0.004363323096185923,0.05999999865889549,10.0,335,0.0
336,1788885236.6226022,1788885236.6226022,1075,1.7015119791030884,9.998056411743164,-2.3561899662017822,2.3561899662017822,0.004363323096185923,0.05999999865889549,10.0,336,0.0
337,1788885236.6714997,1788885236.6714997,1075,1.6515320539474487,9.922821044921875,-2.3561899662017822,2.3561899662017822,0.004363323096185923,0.05999999865889549,10.0,337,0.0
338,1788885236.7214193,1788885236.7214193,1076,1.603422999382019,9.96098518371582,-2.3561899662017822,2.3561899662017822,0.004363323096185923,0.05999999865889549,10.0,338,0.0
339,1788885236.771588,1788885236.771588,1077,1.5575200319290161,9.940719604492188,-2.3561899662017822,2.3561899662017822,0.004363323096185923,0.05999999865889549,10.0,339,0.0
340,1788885236.8213062,1788885236.8213062,1078,1.5136409997940063,9.940995216369629,-2.3561899662017822,2.3561899662017822,0.004363323096185923,0.05999999865889549,10.0,340,0.0
341,1788885236.8713994,1788885236.8713994,1079,1.4717580080032349,9.960034370422363,-2.3561899662017822,2.3561899662017822,0.004363323096185923,0.05999999865889549,10.0,341,0.0
342,1788885236.921451,1788885236.921451,1079,1.4319519996643066,9.99678897857666,-2.3561899662017822,2.3561899662017822,0.004363323096185923,0.05999999865889549,10.0,342,0.0
343,1788885236.9712334,1788885236.9712334,1081,1.3863199949264526,4.425180912017822,-2.3561899662017822,2.3561899662017822,0.004363323096185923,0.05999999865889549,10.0,343,0.0
344,1788885237.021563,1788885237.021563,1081,1.3420209884643555,4.05769681930542,-2.3561899662017822,2.3561899662017822,0.004363323096185923,0.05999999865889549,10.0,344,0.0
345,1788885237.071586,1788885237.071586,1081,1.2997859716415405,3.7391209602355957,-2.3561899662017822,2.3561899662017822,0.004363323096185923,0.05999999865889549,10.0,345,0.0
346,1788885237.1224737,1788885237.1224737,1081,1.259714961051941,3.4613730907440186,-2.3561899662017822,2.3561899662017822,0.004363323096185923,0.05999999865889549,10.0,346,0.0
347,1788885237.1713984,1788885237.1713984,1081,1.2218279838562012,3.2192931175231934,-2.3561899662017822,2.3561899662017822,0.004363323096185923,0.05999999865889549,10.0,347,0.0
348,1788885237.2214563,1788885237.2214563,1081,1.1862139701843262,3.0081629753112793,-2.3561899662017822,2.3561899662017822,0.004363323096185923,0.05999999865889549,10.0,348,0.0
349,1788885237.2713027,1788885237.2713027,1081,1.1528680324554443,2.851607084274292,-2.3561899662017822,2.3561899662017822,0.004363323096185923,0.05999999865889549,10.0,349,0.0
350,1788885237.3224368,1788885237.3224368,1081,1.121824026107788,2.9197990894317627,-2.3561899662017822,2.3561899662017822,0.004363323096185923,0.05999999865889549,10.0,350,0.0
351,1788885237.3717716,1788885237.3717716,1081,1.0928200483322144,2.9928159713745117,-2.3561899662017822,2.3561899662017822,0.004363323096185923,0.05999999865889549,10.0,351,0.0
352,1788885237.4219697,1788885237.4219697,1081,1.0660400390625,3.07069993019104,-2.3561899662017822,2.3561899662017822,0.004363323096185923,0.05999999865889549,10.0,352,0.0
353,1788885237.4723773,1788885237.4723773,1081,1.0414559841156006,3.1534109115600586,-2.3561899662017822,2.3561899662017822,0.004363323096185923,0.05999999865889549,10.0,353,0.0
354,1788885237.5218477,1788885237.5218477,1081,1.0190019607543945,3.2409470081329346,-2.3561899662017822,2.3561899662017822,0.004363323096185923,0.05999999865889549,10.0,354,0.0
355,1788885237.5715418,1788885237.5715418,1081,0.9916614294052124,3.3330650329589844,-2.3561899662017822,2.3561899662017822,0.004363323096185923,0.05999999865889549,10.0,355,0.0
356,1788885237.622472,1788885237.622472,1081,0.9559829831123352,3.4303441047668457,-2.3561899662017822,2.3561899662017822,0.004363323096185923,0.05999999865889549,10.0,356,0.0
357,1788885237.6714375,1788885237.6714375,1081,0.9219781756401062,3.5316898822784424,-2.3561899662017822,2.3561899662017822,0.004363323096185923,0.05999999865889549,10.0,357,0.0
358,1788885237.7215073,1788885237.7215073,1081,0.8850818872451782,3.636821985244751,-2.3561899662017822,2.3561899662017822,0.004363323096185923,0.05999999865889549,10.0,358,0.0
359,1788885237.7713337,1788885237.7713337,1081,0.8254317045211792,3.746443033218384,-2.3561899662017822,2.3561899662017822,0.004363323096185923,0.05999999865889549,10.0,359,0.0
360,1788885237.8212798,1788885237.8212798,1081,0.7664390802383423,3.861391067504883,-2.3561899662017822,2.3561899662017822,0.004363323096185923,0.05999999865889549,10.0,360,0.0
361,1788885237.8712356,1788885237.8712356,1081,0.7082027196884155,3.9820570945739746,-2.3561899662017822,2.3561899662017822,0.004363323096185923,0.05999999865889549,10.0,361,0.0
362,1788885237.9216402,1788885237.9216402,1081,0.6506351828575134,4.1093292236328125,-2.3561899662017822,2.3561899662017822,0.004363323096185923,0.05999999865889549,10.0,362,0.0
363,1788885237.972373,1788885237.972373,1081,0.5937771797180176,4.2438130378723145,-2.3561899662017822,2.3561899662017822,0.004363323096185923,0.05999999865889549,10.0,363,0.0
364,1788885238.0222123,1788885238.0222123,1081,0.537729799747467,4.348777770996094,-2.3561899662017822,2.3561899662017822,0.004363323096185923,0.05999999865889549,10.0,364,0.0
365,1788885238.0723803,1788885238.0723803,1081,0.48255428671836853,4.464099884033203,-2.3561899662017822,2.3561899662017822,0.004363323096185923,0.05999999865889549,10.0,365,0.0
366,1788885238.1216364,1788885238.1216364,1081,0.4284602105617523,4.603474140167236,-2.3561899662017822,2.3561899662017822,0.004363323096185923,0.05999999865889549,10.0,366,0.0
367,1788885238.1716337,1788885238.1716337,1081,0.37583380937576294,4.791123867034912,-2.3561899662017822,2.3561899662017822,0.004363323096185923,0.05999999865889549,10.0,367,0.0
368,1788885238.221362,1788885238.221362,1081,0.32598981261253357,5.073306083679199,-2.3561899662017822,2.3561899662017822,0.004363323096185923,0.05999999865889549,10.0,368,0.0
369,1788885238.271348,1788885238.271348,1081,0.2812372148036957,5.537672996520996,-2.3561899662017822,2.3561899662017822,0.004363323096185923,0.05999999865889549,10.0,369,0.0
370,1788885238.3217459,1788885238.3217459,1081,0.2430851012468338,6.385757923126221,-2.3561899662017822,2.3561899662017822,0.004363323096185923,0.05999999865889549,10.0,370,0.0
371,1788885238.3722012,1788885238.3722012,1081,0.20842279493808746,7.498015880584717,-2.3561899662017822,2.3561899662017822,0.004363323096185923,0.05999999865889549,10.0,371,0.0
372,1788885238.421269,1788885238.421269,1081,0.17661279439926147,8.652695655822754,-2.3561899662017822,2.3561899662017822,0.004363323096185923,0.05999999865889549,10.0,372,0.0
373,1788885238.4714804,1788885238.4714804,1068,1.5379970073699951,9.939616203308105,-2.3561899662017822,2.3561899662017822,0.004363323096185923,0.05999999865889549,10.0,373,0.0
374,1788885238.5223353,1788885238.5223353,1068,1.5433629751205444,9.925163269042969,-2.3561899662017822,2.3561899662017822,0.004363323096185923,0.05999999865889549,10.0,374,0.0
375,1788885238.5713773,1788885238.5713773,1069,1.5522600412368774,9.968154907226562,-2.3561899662017822,2.3561899662017822,0.004363323096185923,0.05999999865889549,10.0,375,0.0
376,1788885238.6226213,1788885238.6226213,1070,1.5554629564285278,9.97477912902832,-2.3561899662017822,2.3561899662017822,0.004363323096185923,0.05999999865889549,10.0,376,0.0
