scan_index,scan_stamp_s,gt_x_m,gt_y_m,gt_yaw_rad,seed_x_m,seed_y_m,seed_yaw_rad,match_x_m,match_y_m,match_yaw_rad,seed_error_m,match_error_m,seed_yaw_error_rad,match_yaw_error_rad,match_score,score_margin,gt_score,seed_score,valid_beams
0,1788993869.8762014,0.8006,3.1583,-1.5707963267948966,0.8006,3.1583,-1.5707963267948966,0.8006,3.1083,-1.5707963267948966,0.0,0.050000000000000266,0.0,0.0,0.9705462846497868,0.0004503377591102975,0.9691952713724559,0.9691952713724559,120
20,1788993870.9015238,0.8006,3.1583,-1.5707963267948966,0.8006,3.1583,-1.5707963267948966,0.8006,3.1083,-1.5707963267948966,0.0,0.050000000000000266,0.0,0.0,0.9705462846497868,0.0004503377591102975,0.9691952713724559,0.9691952713724559,120
40,1788993871.9021683,0.8064859472180771,2.905599672288804,-1.5261470453744004,0.8051515382384187,2.9754155137237674,-1.5261470453744004,0.8051515382384187,2.6504155137237677,-1.5261470453744004,0.06982859272960455,0.25518764748684536,0.0,0.0,0.9693868446099041,0.0011876920565637716,0.9674817500612046,0.9644721579487318,120
60,1788993872.9063084,1.0292090653603287,1.5230872844075984,-1.3550942885346287,1.023397503172174,1.6229840523120371,-1.3550942885346287,1.023397503172174,1.597984052312037,-1.3550942885346287,0.10006567090076438,0.07512190158401294,0.0,0.0,0.9706194892247615,0.00014082939408122108,0.979304118469645,0.9694776083954423,120
80,1788993873.9019635,1.2940296142324834,0.09437255539587186,-1.4342051923822916,1.2851551974096243,0.21155062860795096,-1.4342051923822916,1.2851551974096243,-0.06344937139204909,-1.4342051923822916,0.11751364225331974,0.15807123662766015,0.0,0.0,0.8884894762682733,4.641474637967491e-06,0.8341054695060861,0.8826696593779659,120
100,1788993874.9017367,1.3953480835248335,-1.3717330812416302,-1.579883339434152,1.385733826161188,-1.2405945675181003,-1.579883339434152,1.385733826161188,-1.4155945675181003,-1.579883339434152,0.13149047009677492,0.04490282756169582,0.0,0.0,0.9893327231754344,0.0,0.9912749036059566,0.9744959136164686,120
120,1788993875.9022608,1.2930681435922406,-2.8092273956259985,-1.6777729813877107,1.285200440808742,-2.6604978102714996,-1.6777729813877107,1.285200440808742,-2.8604978102714997,-1.6777729813877107,0.1489375382729642,0.051870571280940164,0.0,0.0,0.9968476356862279,0.000900675518220595,0.9865184323042749,0.9335782989861914,120
140,1788993876.9013586,1.0969867190043954,-4.273416493704385,-1.7300223653204685,1.0914728178251418,-4.10825587096082,-1.7300223653204685,1.0914728178251418,-4.30825587096082,-1.7300223653204685,0.16525263813705635,0.03527301112509055,0.0,0.0,0.9924850874892063,0.00014082939408122108,0.9803545330708122,0.9307970114872494,120
160,1788993877.9028032,0.8280049052557882,-5.744601537766657,-1.7721816602687452,0.8255630883579668,-5.56367510452975,-1.7721816602687452,0.8005630883579667,-5.8386751045297505,-1.7721816602687452,0.18094291009484598,0.09799433288809976,0.0,0.0,0.9936952713724561,0.002702026554661785,0.9751577779629022,0.9107864662667803,120
180,1788993878.901479,0.5026242816590436,-7.194383445429942,-1.8054200446516597,0.5035197983332818,-6.999400360881316,-1.8054200446516597,0.47851979833328173,-7.274400360881316,-1.8054200446516597,0.1949851409985147,0.08356873144157599,0.0,0.0,0.9981986489635588,0.006304728627543943,0.9655641695125207,0.823699166435133,120
200,1788993879.9028504,0.11094631078556234,-8.59646166619098,-1.9162303266897172,0.1156555716345492,-8.388134798809727,-1.9162303266897172,0.09065557163454921,-8.663134798809725,-1.9162303266897172,0.20838008736592326,0.06969232890707086,0.0,0.0,0.9959469601680073,0.0013510132773308925,0.9558857712657056,0.7228998124941327,120
220,1788993880.906448,-0.5545184076829205,-9.760224661166188,-2.3810636193158174,-0.5455405503122667,-9.545720286531818,-2.3810636193158174,-0.5955405503122667,-9.795720286531818,-2.4060636193158174,0.21469217186532388,0.054247171410126194,0.0,0.02499999999999991,0.9977483112044485,0.008106079663985133,0.942268126412135,0.48188875833961753,120
240,1788993881.9265423,-1.7716362456486645,-10.080956977133242,2.8530882768340526,-1.7639751395395602,-9.869907188115498,2.8530882768340526,-1.8389751395395602,-10.069907188115497,2.803088276834053,0.21118879229554163,0.06823946415224834,0.0,0.04999999999999982,0.9968476356862279,0.014642117625576545,0.8814499913872579,0.27362952866265655,120
260,1788993882.9288142,-2.7112864394337897,-9.18530472133327,2.038666098211039,-2.70363962135003,-8.981793867137018,2.038666098211039,-2.75363962135003,-9.131793867137016,2.013666098211039,0.20365446619825117,0.06824370692776678,0.0,0.02499999999999991,0.9919182568276885,0.006779402878328011,0.9871297073632302,0.5399662794076411,120
280,1788993883.9532652,-3.1146100911575654,-7.812382290181315,1.7044445983301488,-3.103332141590462,-7.625906788332546,1.7044445983301488,-3.128332141590462,-7.775906788332547,1.7044445983301488,0.18681623306390746,0.03897123173832774,0.0,0.0,0.976347745282878,0.0011633185465232954,0.9776382239773588,0.7879697073462573,120
300,1788993884.9543586,-3.140128588372371,-6.346780868818776,1.4825758902895982,-3.129194765563391,-6.176716948259013,1.4825758902895982,-3.129194765563391,-6.301716948259013,1.4825758902895982,0.17041503911737185,0.0463713857614236,0.0,0.0,0.9842103288542733,0.00845907145640079,0.9587418964994742,0.765437082493358,120
320,1788993885.9777672,-2.8656475921065865,-4.890296130591511,1.3074137498747325,-2.8584391021567956,-4.735908197923907,1.3074137498747325,-2.8334391021567957,-4.810908197923906,1.3074137498747325,0.1545561259890172,0.08567281177877822,0.0,0.0,0.9986489867226691,0.005379716617649799,0.9763459376362571,0.7875556208278671,120
340,1788993886.9792116,-2.4554685479791036,-3.468918938654528,1.2888479180443912,-2.453049420934489,-3.3303593620360066,1.2888479180443912,-2.428049420934489,-3.4053593620360068,1.2888479180443912,0.13858069291341363,0.06922158845197326,0.0,0.0,0.9968476356862279,0.0022273523038778276,0.9887415560222428,0.88127717972831,120
360,1788993887.978029,-2.0576893425620026,-2.0446410571518556,1.3127366908013718,-2.059598038855477,-1.9219164685906678,1.3127366908013718,-2.034598038855477,-1.9719164685906676,1.3127366908013718,0.12273943033537983,0.07630251691956882,0.0,0.0,0.995496622408897,0.0022516887955513765,0.9882912182631325,0.9334221165145197,120
380,1788993889.0016298,-1.6933069839780304,-0.5636613183462296,1.3447500178782725,-1.699008576337211,-0.45675591912931485,1.3447500178782725,-1.674008576337211,-0.48175591912931487,1.3447500178782725,0.10705733294435359,0.08414822017341428,0.0,0.0,0.9928676053292562,7.300947502075772e-05,0.9853283563267891,0.9586662721285483,120
400,1788993890.0015666,-1.4004270387791053,0.873922396677099,1.4058507864859093,-1.4092332342082226,0.9651433473234893,1.4058507864859093,-1.3842332342082226,0.8901433473234892,1.4058507864859093,0.09164502667775797,0.02292070126223383,0.0,0.0,0.9891918937813532,0.002512524177233244,0.9824611638863725,0.9745167370229493,120
420,1788993891.0289814,-1.2884461256777995,2.328916171612579,1.6392629313703788,-1.2977762673749702,2.4079103289419015,1.6392629313703788,-1.2977762673749702,2.4079103289419015,1.6642629313703787,0.07954324884148918,0.07954324884148918,0.0,0.02499999999999991,0.9914922555602519,0.0009493485015679148,0.9718082323813612,0.9431943298682267,120
440,1788993892.0262809,-1.6839812109319885,3.496238169320564,2.2726005762160075,-1.6928312802678318,3.577110249090061,2.2726005762160075,-1.7178312802678317,3.4771102490900607,2.2976005762160074,0.08135488315702419,0.03888064462410439,0.0,0.02499999999999991,0.9754939351013838,0.010511558048485803,0.7810519558046178,0.6941291462716436,120
460,1788993893.0281699,-2.7091704765206788,3.6892951809045034,-2.575900703140464,-2.751129762289195,3.776275322813532,-2.575900703140464,-2.751129762289195,3.651275322813532,-2.5259007031404637,0.09657187348663565,0.05662235663994935,0.0,0.050000000000000266,0.9776880518873727,0.0007098846098266831,0.631181144982465,0.6416261430998993,120
480,1788993894.027933,-3.2275347280884357,2.5339240056120786,-1.6723193410342783,-3.2755729526021753,2.6262583881313932,-1.6723193410342783,-3.175572952602175,1.951258388131393,-1.6723193410342783,0.10408318408684258,0.5849779892490258,0.0,0.0,0.8792196330800084,0.00021847457128665315,0.9455197827645502,0.8171518424495539,120
500,1788993895.0279114,-3.3423101802345254,1.1771303862341493,-1.7049530666834374,-3.3894200907369,1.2844208523481324,-1.7049530666834374,-3.3644200907369,1.1594208523481324,-1.7049530666834374,0.11717759080343605,0.028328002627841655,0.0,0.0,0.9740320088192834,0.0004503377591102975,0.9468085861296115,0.8771535823570742,120
520,1788993896.0770252,-3.8094785915466876,-0.05304363620010344,-2.2853889703373693,-3.8471801344432963,0.07262858887399097,-2.2853889703373693,-3.8471801344432963,-0.027371411126009035,-2.3103889703373692,0.13120561913217998,0.04561216369609966,0.0,0.02499999999999991,0.9392207622322796,0.012452646646840981,0.6663717406954127,0.7474168015044146,120
540,1788993897.1027355,-4.932299866387009,-0.435581196141547,2.861563036944871,-4.978253455277027,-0.314139534661804,2.861563036944871,-4.978253455277027,-0.314139534661804,2.811563036944871,0.12984532904511167,0.12984532904511167,0.0,0.04999999999999982,0.9194040477256783,0.006722140916902042,0.6172254906979184,0.6725518347271705,120
560,1788993898.1028085,-5.78074888693165,0.4811659879483958,1.9310833965728487,-5.8288572157974725,0.5967628833415195,1.9310833965728487,-5.8288572157974725,0.6967628833415195,1.9060833965728488,0.12520804099893473,0.22089914578697592,0.0,0.02499999999999991,0.9278310917136172,0.008599127013466101,0.9522500840053449,0.8332679058915474,120
580,1788993899.1026042,-6.079873239508819,1.841482624505962,1.7023427263170279,-6.1252825192330755,1.9393870272474072,1.7023427263170279,-6.075282519233076,1.839387027247407,1.7023427263170279,0.10792254056143642,0.005046408675502174,0.0,0.0,0.9823168214070982,0.0007806695306199485,0.9876965380247481,0.8858694837009949,120
600,1788993900.1049612,-6.175591458562589,3.3120879497177182,1.5641296696325075,-6.220338971302166,3.393738112980759,1.5641296696325075,-6.170338971302166,3.343738112980759,1.5641296696325075,0.093107943040644,0.03208304002113954,0.0,0.0,0.9923442580951252,0.0022273523038779386,0.9899238903286258,0.8364423489433388,120
620,1788993901.1277795,-6.0221084601317845,4.8045794167595535,1.3593035187483986,-6.068780664776553,4.871487817771397,1.3593035187483986,-6.018780664776553,4.821487817771398,1.3593035187483986,0.08157835995142884,0.01723276665842221,0.0,0.0,0.9837878406720296,0.0030793548387509917,0.9744715771247949,0.720638791145259,120
640,1788993902.2040076,-5.49822917705497,6.230250285776284,1.0670964602336497,-5.550335738287227,6.284017986049716,1.0670964602336497,-5.475335738287228,6.234017986049716,1.0670964602336497,0.07487362229880815,0.023201403060219665,0.0,0.0,0.990542907058684,0.0,0.9481702260883538,0.5885455269709934,120
660,1788993903.4022567,-4.3728659440979065,7.367287705524829,0.471435952806432,-4.436277705111754,7.411624465720871,0.471435952806432,-4.311277705111754,7.386624465720871,0.44643595280643195,0.07737441269281937,0.06455247072184483,0.0,0.025000000000000078,0.9891918937813531,0.0067550663866543514,0.9396964434234844,0.7277971379719251,120
680,1788993904.5816755,-2.7646548634123915,7.566498272414058,-0.21742344637717914,-2.8406120706979574,7.6118719311785785,-0.21742344637717914,-2.6906120706979575,7.536871931178579,-0.24242344637717914,0.08847749006556187,0.07974995453261186,0.0,0.024999999999999994,0.9981986489635588,0.01035776845953651,0.9667688387073404,0.927736250896267,120
700,1788993905.7769072,-1.3354988590871397,6.775318795113819,-0.7515526674656958,-1.4237294167672006,6.829762580735162,-0.7515526674656957,-1.2737294167672004,6.704762580735162,-0.7765526674656957,0.10367621280369624,0.09377442824119643,1.1102230246251565e-16,0.02499999999999991,0.9905892248297903,0.007312308919552368,0.9308819878078415,0.8796971481520969,120
720,1788993906.9558837,-0.3001755698088385,5.395861218137289,-1.0649910853907891,-0.39934944674358996,5.4662240434136375,-1.0649910853907891,-0.29934944674359,5.391224043413638,-1.0649910853907891,0.1215992806193327,0.004710187760227629,0.0,0.0,0.9742339102170244,0.0031767008054458534,0.9728828969396933,0.6495053440789847,120
740,1788993908.130616,0.4001368759403852,3.821422270979051,-1.2239568996548789,0.2934505067000771,3.910173684113511,-1.2239568996548789,0.3934505067000771,3.910173684113511,-1.2239568996548789,0.13877605958897593,0.0890029261708927,0.0,0.0,0.9735709016065743,0.0007177140084808631,0.9792238760782455,0.4003735218413512,120
760,1788993909.305718,0.9044450566674938,2.170294223596985,-1.322735639346463,0.792951724363877,2.2754763175972963,-1.322735639346463,0.8929517243638769,2.3504763175972965,-1.322735639346463,0.15327764366160845,0.1805482862997553,0.0,0.0,0.9660911177579775,0.0001454708687192996,0.9701565338933581,0.3457354487983391,120
780,1788993910.4763894,1.2390522867174905,0.5020756133428406,-1.4185974540867141,1.1241762675491842,0.6258630576742066,-1.4185974540867141,1.2241762675491843,0.5258630576742066,-1.4185974540867141,0.16887815475675977,0.02805598784775989,0.0,0.0,0.9128150162226,0.002072181326366218,0.9280358001888405,0.3119043182033057,120
800,1788993911.6319127,1.3967565585625368,-1.2193331593319776,-1.5620544879458242,1.2805668295496904,-1.0779733369433582,-1.5620544879458242,1.4055668295496904,-1.177973336943358,-1.5620544879458242,0.18298265631971986,0.042287773444403966,0.0,0.0,0.9877619370045193,0.002770390536166234,0.9929354252483165,0.34189570853866336,120
820,1788993912.8265877,1.2816620820656053,-2.9182267614977806,-1.678066521648849,1.1672757982053747,-2.7585102146963263,-1.678066521648849,1.2672757982053748,-3.0085102146963263,-1.678066521648849,0.1964525318175726,0.09142246488014374,0.0,0.0,0.9990993244817794,0.000900675518220595,0.9753840493115528,0.34466566532286824,120
840,1788993914.0041285,1.0311649587183414,-4.664712833928576,-1.7448987415466573,0.9196572008579839,-4.485794442132599,-1.7448987415466573,1.0196572008579838,-4.735794442132599,-1.7448987415466573,0.21082165682373016,0.07200710739810985,0.0,0.0,0.9981986489635588,0.0004503377591102975,0.9790248912834217,0.38944874758315495,120
860,1788993915.2041209,0.6841673072205625,-6.420693539931642,-1.7909465413067331,0.5764645425788557,-6.223574675205251,-1.7909465413067331,0.6764645425788557,-6.473574675205251,-1.7909465413067331,0.22462353470304036,0.05343919021608864,0.0,0.0,0.9905429070586839,0.0004503377591101865,0.9679602007873462,0.40764288222845724,120
880,1788993916.3766875,0.2810754726676014,-8.07207112634752,-1.8502907583914685,0.17732838013799923,-7.858810984455527,-1.8502907583914685,0.2523283801379992,-8.158810984455528,-1.8502907583914685,0.23715679903418105,0.09137941952925055,0.0,0.0,0.9972979734453382,0.004503377591102864,0.9310081189038154,0.35107397897764936,120
900,1788993917.5296543,-0.3651068632364348,-9.552635194115478,-2.2097974548524997,-0.46351355660580873,-9.328915202927087,-2.2097974548524997,-0.41351355660580874,-9.628915202927086,-2.2347974548524996,0.2444064478634467,0.09034294497776561,0.0,0.02499999999999991,0.9909932448177943,0.0,0.9436393573274696,0.27968942024330107,120
920,1788993918.7019885,-1.6731377139181138,-10.107362454726458,2.9371704770313625,-1.7743763553249234,-9.887506290140212,2.9371704770313625,-1.7743763553249234,-10.087506290140212,2.8621704770313623,0.24204544123050672,0.10316748415064055,0.0,0.07500000000000018,0.9927945958542355,0.009644918847976913,0.7997047514060681,0.4991196705072209,120
940,1788993919.8786318,-2.7759786983524495,-9.046101123549304,1.9907111324544913,-2.8776344262179214,-8.834254776993824,1.9907111324544913,-2.7776344262179213,-9.034254776993823,1.9907111324544913,0.23497395931626922,0.01196149495159644,0.0,0.0,0.9884320476572138,0.0010171684206282672,0.9860638659592548,0.8393307412699432,120
960,1788993921.1014268,-3.15558628424005,-7.38428001081286,1.635307024025899,-3.2509298365514305,-7.205056035483448,1.635307024025899,-3.1759298365514304,-7.280056035483447,1.610307024025899,0.20300646861671845,0.10619085249734059,0.0,0.02499999999999991,0.979896453640599,0.0019700300073890453,0.9283621377602164,0.5019127010260237,120
980,1788993922.276846,-3.0476909513303196,-5.669986008275285,1.3862108531773654,-3.1447640641797396,-5.5076065843851545,1.3862108531773654,-2.9947640641797397,-5.557606584385154,1.3862108531773654,0.18918315607148262,0.12421912210818396,0.0,0.0,0.9787349427406967,0.000506945741336029,0.9118023730986926,0.22309344844428655,120
1000,1788993923.455798,-2.5933976153730858,-3.991611269158646,1.286610714014067,-2.6963272754836467,-3.8485385202354343,1.286610714014067,-2.5713272754836467,-3.9235385202354345,1.286610714014067,0.1762507486932181,0.0715611560051816,0.0,0.0,0.9977483112044485,0.001801351036441079,0.9891918937813531,0.24615311767385661,120
1020,1788993924.656623,-2.1110019938678417,-2.2721380927605472,1.312499550826157,-2.2188747729119727,-2.1471346865419263,1.312499550826157,-2.0938747729119727,-2.2221346865419265,1.312499550826157,0.16511325817438605,0.052855296150296625,0.0,0.0,0.9968476356862279,0.003554029089534949,0.990542907058684,0.2824094594813861,120
1040,1788993925.8267565,-1.7556223713064458,-0.8403578533843641,1.3427233650008787,-1.8669433313302242,-0.7295067257357598,1.3427233650008787,-1.6919433313302241,-0.5795067257357598,1.3427233650008787,0.157099741061476,0.26851132364919306,0.0,0.0,0.9941456091315662,0.000900675518220595,0.7813777196712844,0.16806867616646767,120
1060,1788993927.0017292,-1.3699160557529462,1.0714207002515281,1.4192732531629888,-1.48461829306448,1.1650630028367248,1.4192732531629888,-1.35961829306448,1.1150630028367248,1.4192732531629888,0.1480725635549306,0.04484076818393979,0.0,0.0,0.9954966224088971,0.001801351036441079,0.9687420276730786,0.38429733197956156,120
1080,1788993928.2018313,-1.509194713431147,3.2534284489809773,2.04589547369465,-1.6388162545783655,3.3282965542910308,2.04589547369465,-1.5638162545783654,3.3282965542910308,2.12089547369465,0.14968960258514064,0.09267548732008121,0.0,0.07500000000000018,0.9891918937813531,0.0038635374545640255,0.5481928513618433,0.6677387420412783,120
1100,1788993929.3573658,-3.0644973580859394,3.2059149400618443,-1.9171480843295414,-3.3016277140533186,3.263529738602623,-1.9171480843295414,-3.1016277140533184,3.088529738602623,-1.8671480843295414,0.24402924155131595,0.12311762203635297,0.0,0.050000000000000044,0.9842625149228136,0.0003286553007419979,0.7035003575776391,0.24670194383857147,120
1120,1788993930.528555,-3.710369732947619,0.1062508525532424,-2.1359322328550236,-3.933511180054828,0.2320132133404031,-2.1359322328550236,-3.758511180054828,0.13201321334040308,-2.1609322328550236,0.25614112674043454,0.054601265213399745,0.0,0.02499999999999991,0.9239656468864957,0.012621354569623655,0.6554167151599697,0.2085569974105967,120
1140,1788993931.6828191,-5.53227586396839,-0.00394783051022074,2.1759920482670148,-5.805043079717694,0.12212898591129355,2.1759920482670148,-5.580043079717694,0.022128985911293544,2.1259920482670145,0.3004951208033359,0.05442156975980973,0.0,0.050000000000000266,0.9950706211414604,0.0009250120098941439,0.7404227520783827,0.01998308214339242,120
1160,1788993932.8766632,-6.153151496893489,4.030686702931422,1.4761825983678403,-6.417052061151429,4.1440905943000175,1.4761825983678403,-6.117052061151429,4.244090594300017,1.4261825983678402,0.28723500899646465,0.21643564889397127,0.0,0.050000000000000044,0.9855891917084708,0.007940913778230252,0.6738301680474453,0.06310058476244523,120
1180,1788993934.0549557,-4.503068340709039,7.324194946078288,0.5207257711853406,-4.796579798929294,7.3725969916599325,0.5207257711853406,-4.396579798929293,7.3725969916599325,0.4707257711853406,0.2974756025677874,0.11697250765399592,0.0,0.04999999999999999,0.9986489867226691,0.016662497087080563,0.8885430892676702,0.3696276653066378,120
1200,1788993935.2295887,-0.8935245907479311,6.312594215989236,-0.9059225586599263,-1.1657652519332025,6.345614633226373,-0.9059225586599263,-0.8157652519332024,6.1956146332263735,-0.9309225586599263,0.2742358939984121,0.14046614380795536,0.0,0.025000000000000022,0.9823156533893358,0.009571760441953514,0.8896094470045277,0.2665163641275327,120
1220,1788993936.401741,0.8871485990829555,2.2339951855601,-1.2947458647106984,0.6130797700046574,2.264343792395935,-1.2947458647106984,0.9630797700046575,2.1643437923959348,-1.3197458647106983,0.2757440135510207,0.10303814481661551,0.0,0.02499999999999991,0.9317216952040788,0.002152814577665696,0.8333657657969528,0.3989507102718013,120
1240,1788993937.556593,1.3773956094867654,-2.3153320843546643,-1.6640968754420224,1.097892240678561,-2.291724034102493,-1.6640968754420224,1.3228922406785608,-2.716724034102493,-1.6890968754420224,0.28049861534746334,0.40507544301501,0.0,0.02499999999999991,0.941308668824869,0.0007502112433775965,0.8551060101295328,0.3397357522857513,120
1260,1788993938.7520604,0.5873437952517613,-6.843488156181691,-1.8305341413580765,0.30639767675800966,-6.820336912843134,-1.8305341413580765,0.5313976767580096,-7.095336912843133,-1.8305341413580765,0.28189838872335937,0.2579879152333129,0.0,0.0,0.9941456091315662,0.00180135103644119,0.8097217449792937,0.02476048732653051,120
1280,1788993939.9795172,-0.9821372534194504,-10.099100881593287,-2.765329126531954,-1.2424582377392261,-9.998109997668427,-2.765329126531954,-1.067458237739226,-10.148109997668428,-2.8403291265319544,0.27922423518230194,0.09839493799866948,0.0,0.07500000000000018,0.9905672435503575,0.0049293788585395015,0.7346245371621171,0.40511123499608664,120
1300,1788993941.1765895,-3.062128175772637,-8.137585209229607,1.785512890169356,-3.3557070996480127,-8.036869445057315,1.785512890169356,-3.1057070996480127,-7.936869445057314,1.735512890169356,0.3103743702315522,0.2053921629308271,0.0,0.050000000000000044,0.9986489867226691,0.00360270207288238,0.7539841171954402,0.12681590101804693,120
1320,1788993942.3315926,-2.5101799091192274,-3.673215896444395,1.2917897731337638,-2.799263587162062,-3.563874145218883,1.2917897731337638,-2.474263587162062,-3.538874145218883,1.2917897731337638,0.30907117541407025,0.1390600169181211,0.0,0.0,0.9972979734453382,0.003602702072882269,0.9213399056117632,0.4345146381417115,120
1340,1788993943.528732,-1.388723457481137,0.9383217459346951,1.4077672671234964,-1.680596402404845,1.045075708506997,1.4077672671234964,-1.355596402404845,1.120075708506997,1.4327672671234963,0.3107832436012701,0.18474821971743435,0.0,0.02499999999999991,0.9878408805040223,0.0015196922482786368,0.9155496931540582,0.41918545567885546,120
1360,1788993944.6823568,-1.7908714622464241,3.6715441138117213,2.4149130900822087,-2.0684289209205,3.665781919755654,2.4149130900822087,-1.8434289209205,3.6907819197556537,2.489913090082209,0.277617264855684,0.055967666020780134,0.0,0.07500000000000018,0.9977483112044485,0.0013510132773308925,0.5210348569171533,0.43814874368293727,120
1380,1788993945.8828554,-3.1700300068460807,2.6188208078771757,-1.6748556204375888,-3.5502201216831413,2.6104271124159375,-1.6748556204375888,-3.1752201216831413,2.460427112415937,-1.6748556204375888,0.38028275998697775,0.15847870536412606,0.0,0.0,0.9972979734453382,0.002702026554661785,0.9269055607517701,0.3889994294561922,120
1400,1788993947.0516288,-3.9646881729954826,-0.2253350051844203,-2.410700554046397,-4.328939599363933,-0.15913098204387519,-2.410700554046397,-4.053939599363933,-0.3091309820438752,-2.510700554046397,0.37021895452751247,0.12242378382746255,0.0,0.10000000000000009,0.986039529467581,0.001777014544767419,0.40877277049177035,0.22190732472708613,120
1420,1788993948.23279,-5.812142530603197,0.5954677339412897,1.873404695584812,-6.216856256402342,0.6545979263494854,1.873404695584812,-5.841856256402342,0.6795979263494855,1.8484046955848121,0.40901048825727687,0.0892232860609092,0.0,0.02499999999999991,0.9905672435503576,0.003114814910867514,0.9033252624239713,0.013521671839172106,120
1440,1788993949.382714,-5.998002971412914,4.903278076393939,1.3517192902157573,-6.396258173301588,4.959487086898832,1.3517192902157573,-5.971258173301587,5.0344870868988325,1.3267192902157574,0.4022022609251809,0.13390701499058513,0.0,0.02499999999999991,0.9918939203360149,0.00180135103644119,0.8179472607420801,0.05838950939467429,120
1460,1788993950.5567088,-3.813153599432833,7.589256579985926,0.20789938199282407,-4.233309152593311,7.581819027937975,0.20789938199282407,-3.7583091525933106,7.606819027937975,0.18289938199282404,0.4202213774096375,0.05758778453111081,0.0,0.025000000000000022,0.9718668965368277,0.002637719720794296,0.927483258252389,0.38249820875681756,120
1480,1788993951.728555,-0.4274639748232031,5.604368297031266,-1.0306527375491752,-0.833241409163408,5.583488941416894,-1.0306527375491752,-0.358241409163408,5.483488941416894,-1.055652737549175,0.4063142548700338,0.13929674156372243,0.0,0.02499999999999991,0.9566459997386578,0.007639651830462668,0.9191901061933424,0.24691058482097503,120
1500,1788993952.882471,1.109800473413786,1.3685828024403714,-1.3774774233612186,0.7016936228120865,1.3437596634072984,-1.3774774233612186,1.1266936228120863,1.3437596634072984,-1.4024774233612185,0.4088610885612536,0.030026100779964225,0.0,0.02499999999999991,0.9589241546626198,0.0031125049489275636,0.8996978480608717,0.16467129439262138,120
1520,1788993953.9765425,1.299663605765413,-2.8908277625291086,-1.7105703390428157,0.8878236167280227,-2.92081980890052,-1.7105703390428157,1.2878236167280228,-3.0208198089005203,-1.7105703390428157,0.4129306230056844,0.13053014004525074,0.0,0.0,0.9914435825769045,0.0013510132773307815,0.9624752240202837,0.14718408593955648,120
1540,1788993954.977014,0.610448227372719,-6.763789440907429,-1.7925274262050337,0.19778402565155884,-6.79387677009799,-1.7925274262050337,0.5727840256515588,-6.943876770097989,-1.7925274262050337,0.41375958086790393,0.1839837988146824,0.0,0.0,0.9986489867226691,0.0,0.8989515438305794,0.026831668982246062,120
1560,1788993955.9765608,-0.48971581633391986,-9.713628264798498,-2.3043025305562126,-0.8687062434965181,-9.677222999692981,-2.3043025305562126,-0.5687062434965181,-9.802222999692981,-2.3543025305562124,0.3807349303758346,0.11869504890412894,0.0,0.04999999999999982,0.9990993244817794,0.01215911949597781,0.8571301813425897,0.1732902233578094,120
1580,1788993956.9766297,-2.5427023943463154,-9.472214096819583,2.156775995318926,-2.97556314099794,-9.436004787002165,2.156775995318926,-2.62556314099794,-9.361004787002166,2.1067759953189262,0.4343725821334213,0.1386845843117789,0.0,0.04999999999999982,0.995496622408897,0.007582732429853745,0.8969933209826361,0.08335885088863887,120
1600,1788993957.9797692,-3.0910056157516412,-5.933683599932981,1.4264349901224822,-3.5133596642691214,-5.905512463419294,1.4264349901224822,-3.0883596642691216,-5.805512463419293,1.4014349901224823,0.42329251733473716,0.12819844497675534,0.0,0.02499999999999991,0.9972979734453382,0.0013510132773307815,0.7563938951970951,0.37768173478217276,120
1620,1788993958.9765105,-2.0816955264122496,-2.155839722327964,1.3165178248868514,-2.503975159553923,-2.1278456075676453,1.3165178248868514,-2.028975159553923,-1.9778456075676454,1.3165178248868514,0.4232065205398898,0.18563766312627944,0.0,0.0,0.9946446198740237,4.867298334731984e-05,0.9325355798621218,0.30696946860986324,120
1640,1788993959.9806592,-1.2941839908569535,1.6480164896452674,1.4900601731211727,-1.7195648196810849,1.6709153201864722,1.4900601731211727,-1.294564819681085,1.7709153201864722,1.5150601731211726,0.42599672061092186,0.12289942058036352,0.0,0.02499999999999991,0.9927945958542355,0.008106079663985133,0.9670996329233871,0.13902069125741306,120
1660,1788993961.002175,-1.8984663403531967,3.763650097358876,2.6058259100490297,-2.3099190204091515,3.6392101698251946,2.6058259100490297,-1.9599190204091517,3.789210169825195,2.70582591004903,0.42985881809009774,0.06655636100736767,0.0,0.10000000000000009,0.9633549869207729,0.0001119706569346901,0.4146595724851244,0.3160215296512999,120
1680,1788993962.0015514,-3.153914257977992,2.902019912110259,-1.7646990902490158,-3.6544103470675733,2.774654498983375,-1.7646990902490156,-3.1544103470675733,2.674654498983375,-1.7396990902490157,0.5164477550100762,0.2273659543351719,2.220446049250313e-16,0.025000000000000133,0.9677189252279687,0.006949873388485073,0.801349791725325,0.05078925357779271,120
1700,1788993963.00192,-3.6710672805854334,0.1503486669924876,-2.102102978355127,-4.133508415569581,0.14727086994820274,-2.102102978355127,-3.7085084155695816,0.09727086994820273,-2.127102978355127,0.4624513770766314,0.06495453123513015,0.0,0.02499999999999991,0.9818908201396616,0.0043590351118285575,0.7268061949180865,0.002281551528091032,120
1720,1788993964.0021312,-5.24329246970991,-0.30256390148237733,2.505623043330056,-5.752625942281789,-0.31762308237785136,2.505623043330056,-5.327625942281788,-0.24262308237785135,2.4306230433300557,0.5095560471737833,0.10346514577843662,0.0,0.07500000000000018,0.9762183211534068,0.0049704413466371555,0.6031061869249673,0.0354983582074232,120
1740,1788993965.002511,-6.162329874315049,2.6212872111662557,1.6249455778574309,-6.665223394971315,2.5924282256014703,1.6249455778574309,-6.190223394971316,2.7674282256014706,1.599945577857431,0.5037208891498174,0.14877918064956278,0.0,0.02499999999999991,0.9756817610080445,0.001411600280012304,0.9370491567666692,0.03009412957274696,120
1760,1788993966.004273,-5.5046289601641325,6.234150641677441,1.070909289948026,-6.013890770341959,6.1716054743150295,1.070909289948026,-5.463890770341959,6.321605474315029,1.045909289948026,0.5130881885855381,0.09647770655263323,0.0,0.02499999999999991,0.995496622408897,0.008106079663985133,0.847461899922015,0.045685581139304356,120
1780,1788993967.001847,-2.983952015815807,7.617710467717061,-0.12632313918348625,-3.5330985316251033,7.462419291454967,-0.12632313918348625,-2.833098531625103,7.587419291454967,-0.17632313918348624,0.5706813868090974,0.15386464523020263,0.0,0.04999999999999999,0.9896422315404633,0.0017526780530938701,0.9274197126849856,0.21311184439686423,120
1800,1788993968.0017328,-0.2743781001263831,5.350359783456799,-1.0783684107360612,-0.8171853340989402,5.181366596912951,-1.0783684107360612,-0.19218533409894015,5.181366596912951,-1.103368410736061,0.5685054004591181,0.18792112144590317,0.0,0.02499999999999991,0.9896885493115698,0.0031493517175236185,0.9058828759566221,0.0013424281487006931,120
1820,1788993969.0028338,1.0435163002639842,1.6531864889763106,-1.349812895818251,0.49743061633885144,1.4859381658080326,-1.349812895818251,1.0224306163388515,2.5859381658080327,-1.349812895818251,0.5711230828731936,0.9329899767408972,0.0,0.0,0.885469350650899,0.000336113057816001,0.9469792125928441,0.009761510489218564,120
1840,1788993970.0025325,1.369099835897434,-2.2393316229050493,-1.669393020559194,0.8195462699072881,-2.415793254517769,-1.669393020559194,1.3445462699072879,-2.365793254517769,-1.669393020559194,0.5771895956476597,0.12882321946366548,0.0,0.0,0.9795779834685922,0.0001384084547922937,0.9565787668912352,0.06146814545071141,120
1860,1788993971.053586,0.7092758934426153,-6.26629493599388,-1.7740378134559498,0.16058264076281747,-6.427601991844243,-1.7740378134559498,0.6855826407628175,-6.427601991844243,-1.7740378134559498,0.571912800873917,0.16303783760115617,0.0,0.0,0.9914435825769045,0.0013510132773307815,0.9161660105516916,0.04404029747796219,120
1880,1788993972.0516474,-0.29530226991724373,-9.470039075855947,-2.1629229874600706,-0.8164547181294713,-9.575346310221867,-2.1629229874600706,-0.36645471812947134,-9.575346310221867,-2.2129229874600704,0.5316855159654036,0.12709163818439273,0.0,0.04999999999999982,0.992344258095125,0.002702026554661674,0.8715334710903115,0.09658802742477066,120
1900,1788993973.0516086,-2.3134186107220387,-9.763826847855842,2.3406569996437545,-2.8722426404988557,-9.846213424508479,2.3406569996437545,-2.3722426404988557,-9.721213424508479,2.2906569996437542,0.5648644476939061,0.07263725165894899,0.0,0.050000000000000266,0.9941456091315662,0.009883094208752663,0.8436877674801119,0.031863243896781066,120
1920,1788993974.0514536,-3.1451353005517273,-6.467480590579651,1.5009193787268225,-3.6934516525554204,-6.554446754837322,1.5009193787268225,-3.14345165255542,-6.329446754837322,1.4759193787268226,0.5551701861594606,0.1380441033884304,0.0,0.02499999999999991,0.9995496622408897,0.009006755182205728,0.7602181690746278,0.3154300017622439,120
1940,1788993975.054844,-2.2232245826785664,-2.6783318526345994,1.292336141652438,-2.7705116660030473,-2.7673912998961767,1.292336141652438,-2.195511666003047,-2.5673912998961765,1.292336141652438,0.5544860112936619,0.11434951680077644,0.0,0.0,0.9945959468906765,0.0040287033403190176,0.9634923709959113,0.08769686508363637,120
1960,1788993976.0807166,-1.3413054508752345,1.2621191094964181,1.437935535128755,-1.8921970100162766,1.1659943880159285,1.437935535128755,-1.3171970100162764,1.3409943880159285,1.437935535128755,0.5592150498802317,0.08247743013806996,0.0,0.0,0.9833375029129194,0.0006190167300581528,0.9368230403614952,0.009279422943873065,120
1980,1788993977.1266565,-1.737573836897097,3.6288411498382125,2.3249583734962425,-2.2611895089076777,3.3740928392758396,2.3249583734962425,-1.8111895089076777,3.67409283927584,2.4499583734962425,0.5822972382808244,0.08641170385155517,0.0,0.125,0.9959469601680073,0.0022516887955513765,0.40858932419222227,0.18574648217507372,120
2000,1788993978.3290422,-3.167526364362338,2.684320668749651,-1.6910563958750646,-3.8000146855746415,2.437671692613624,-1.6910563958750646,-3.2000146855746414,2.6376716926136243,-1.6660563958750647,0.6788793662344644,0.05684732174635286,0.0,0.02499999999999991,0.9785384528186373,0.0034187566855052864,0.8813317720431475,0.005135032132868825,120
2020,1788993979.5051951,-3.9422863212005415,-0.19203625091106202,-2.406572266961747,-4.56506594217891,-0.3870628915393496,-2.406572266961747,-3.9650659421789096,-0.8870628915393497,-2.4815722669617473,0.6526023650437648,0.6953998434821229,0.0,0.07500000000000018,0.8144604620539266,0.00810671966994081,0.4861229933749167,0.02352031918547328,120
2040,1788993980.7043278,-5.799244376891671,0.5622670166172039,1.8890637220296684,-6.459392060441495,0.35981012890173014,1.8890637220296684,-5.884392060441495,0.8598101289017303,1.8390637220296684,0.6904952972176094,0.309486722949246,0.0,0.050000000000000044,0.9065432998338229,0.005217175086029369,0.8829388865458451,0.022042944127857397,120
2060,1788993981.8795455,-5.986301269749771,4.9338774257038,1.3427678914927323,-6.639712237007758,4.726886276224776,1.3427678914927323,-5.964712237007758,5.101886276224776,1.3177678914927324,0.6854131805675067,0.16939026001548999,0.0,0.02499999999999991,0.9860638659592548,0.0022760252872251474,0.7976708841282257,0.030229534320443043,120
2080,1788993983.0770304,-3.834853682815026,7.587757786736048,0.20563659358507527,-4.516071695038383,7.307140729131675,0.20563659358507527,-3.6410716950383826,7.607140729131674,0.13063659358507526,0.7367522739673608,0.19474895954171212,0.0,0.07500000000000001,0.9936952713724561,0.0004503377591104085,0.8487764694698254,0.2228158764280843,120
2100,1788993984.2573113,-0.38916708907030295,5.548366167235789,-1.0269171786217532,-1.0561848409320738,5.253006943453179,-1.0269171786217532,-0.3061848409320737,5.403006943453179,-1.0519171786217532,0.7294859507709501,0.16737788815957028,0.0,0.02499999999999991,0.9700366042954559,0.001543957116846295,0.9115912126609165,6.764174758328505e-08,120
2120,1788993985.4765582,1.1568885893775722,1.1548801835163607,-1.3991249202716396,0.48663324986297685,0.8539694337649113,-1.3991249202716396,1.136633249862977,1.9539694337649114,-1.4241249202716395,0.7347036814007433,0.7993459255176337,0.0,0.02499999999999991,0.8951723071005733,0.0032047483222351625,0.719090799230817,0.005306581500775323,120
2140,1788993986.7049358,1.1870220871418473,-3.6374214996326133,-1.7805963257838362,0.5132721384585908,-3.942843853780682,-1.7805963257838362,1.1382721384585908,-4.042843853780682,-1.7805963257838362,0.7397444205697257,0.40834280052375393,0.0,0.0,0.9458408926851961,0.0043708991397770625,0.9269402720152158,0.0807253855204796,120
2160,1788993987.8794243,0.26267258651121567,-8.123970103034107,-1.8596926398731821,-0.41180421324570693,-8.43123777598792,-1.8596926398731821,0.21319578675429315,-8.28123777598792,-1.8596926398731821,0.7411696001947133,0.16486683920817433,0.0,0.0,0.9990993244817794,0.0013510132773308925,0.8306943681709619,0.03558947966078166,120
2180,1788993989.0515876,-1.5873404278430772,-10.156167226031712,2.972537056920293,-2.270685837686388,-10.40266171743027,2.972537056920293,-1.7456858376863882,-10.12766171743027,2.847537056920293,0.7264437235214826,0.16089074814629045,0.0,0.125,0.9914435825769045,0.010309095476189079,0.6409180497480704,0.014146709079061738,120
2200,1788993990.2333982,-3.164968766918701,-7.0692794885612535,1.5744035839843546,-3.854583397350918,-7.308885241049904,1.5744035839843546,-3.1795833973509176,-6.933885241049904,1.5494035839843547,0.7300542823186611,0.1361807243402492,0.0,0.02499999999999991,0.9941456091315662,0.007655741904874835,0.8082100951528498,0.22520468119627593,120
2220,1788993991.4272842,-2.2094186768650355,-2.5721326202236816,1.3066650164323685,-2.897461052003077,-2.814402109550884,1.3066650164323685,-2.1724610520030767,-2.3894021095508844,1.3066650164323685,0.7294496661487074,0.18643043090165975,0.0,0.0,0.9905429070586839,0.005404053109323348,0.9098328309315704,0.018694866426988314,120
2240,1788993992.6070433,-1.2746706332455284,1.8882154048691469,1.5412915981773763,-1.968206243916336,1.6225316455170387,1.5412915981773763,-1.2682062439163357,1.9975316455170387,1.5662915981773762,0.742683986128689,0.10950720888958486,0.0,0.02499999999999991,0.9954966224088971,0.001801351036441079,0.9706770840998618,0.02925529679646168,120
2260,1788993993.757193,-2.2447611291140794,3.8573693551293875,3.1005632874482427,-2.9686983220939442,3.4950906772778345,3.1005632874482427,-2.293698322093944,3.8200906772778342,-3.1076220197313438,0.8095251075818682,0.06151868560940156,0.0,0.07499999999999954,0.9721050718976035,0.0029537464351693243,0.435799939177272,0.07547349614044799,120
2280,1788993994.9320452,-3.264479361016931,1.7313260588804793,-1.6917131559687713,-4.044689345064327,1.3727472962555154,-1.6917131559687713,-3.2946893450643273,1.6227472962555154,-1.6917131559687713,0.85866544603407,0.11270310922646362,0.0,0.0,0.9901169057912473,0.0004503377591104085,0.8923698381767304,0.005114625412008316,120
2300,1788993996.1833427,-4.588803798580348,-0.5063002982382288,-3.0620203444874896,-5.322804124974655,-0.8161521089897693,-3.0620203444874896,-4.647804124974655,-0.5411521089897693,-3.13702034448749,0.7967211706569356,0.06852508465734275,0.0,0.07500000000000018,0.9317893722229026,0.001563127874679493,0.5076345805462422,0.026133911228088703,120
2320,1788993997.3801298,-6.066776392644303,1.7847818960961137,1.7260006849286056,-6.7904320428880665,1.4667594599012455,1.7260006849286056,-6.090432042888066,1.8917594599012455,1.7260006849286056,0.7904528892053235,0.10956180423001581,0.0,0.0,0.992344258095125,0.0022273523038777165,0.9402831798129223,0.02048698260704056,120
2340,1788993998.5572073,-5.558232941792897,6.162553622510837,1.0687373880968751,-6.285109330435931,5.8186651015680635,1.0687373880968751,-5.510109330435932,6.218665101568064,1.0437373880968752,0.804119766703286,0.07392144514297527,0.0,0.02499999999999991,0.992344258095125,0.0022516887955513765,0.8399067207682471,0.03040891308340031,120
2360,1788993999.73287,-2.626655575440148,7.55369059818515,-0.27481208353861186,-3.365794791315334,7.159287049110214,-0.2748120835386117,-2.5907947913153335,7.534287049110214,-0.2998120835386117,0.8377833490631634,0.04077368703894708,1.6653345369377348e-16,0.024999999999999856,0.9910175813094678,0.015480162780697526,0.9172148545471451,0.012828952700165597,120
2380,1788994000.926975,0.19126689481012482,4.361233887177374,-1.1853097142184164,-0.5437591061656477,3.9548642282582236,-1.1853097142184164,0.23124089383435234,4.304864228258223,-1.1853097142184164,0.8398806592608874,0.0691046962561178,0.0,0.0,0.9509585509011258,6.0558667107635245e-06,0.8024112255738882,1.7916584735848876e-10,120
2400,1788994002.1040998,1.333713820789715,-0.18962965190175263,-1.4507934542625545,0.596433465910053,-0.5987610755721704,-1.4507934542625545,1.321433465910053,-0.7737610755721704,-1.4757934542625544,0.843190870162897,0.5842604960419621,0.0,0.02499999999999991,0.9615883900202051,0.0008453962183792019,0.8534141814237572,0.014033295922888357,120
2420,1788994003.2803006,1.0260600427582196,-4.753112550178347,-1.7713504767739858,0.28484797279463736,-5.165241239699791,-1.7713504767739858,0.9848479727946374,-4.890241239699791,-1.7713504767739858,0.8480833622860201,0.14318768173467925,0.0,0.0,0.9932449336133456,0.0013510132773307815,0.9254128621247298,0.04572641183519482,120
2440,1788994004.452237,-0.045277551437527166,-9.025552979167717,-2.0245958970342723,-0.7841985916590707,-9.425291082492512,-2.0245958970342723,-0.10919859165907062,-9.175291082492512,-2.0495958970342723,0.84011597707209,0.16281093013158296,0.0,0.02499999999999991,0.995496622408897,0.005404053109323348,0.8084995339546265,0.08630087501889111,120
2460,1788994005.6299064,-2.2707206350101847,-9.800229222367816,2.3729909221494703,-3.0389820350197234,-10.157143759606898,2.3729909221494703,-2.3389820350197232,-9.757143759606898,2.32299092214947,0.847120750328549,0.08072159458648447,0.0,0.050000000000000266,0.9860882024509283,0.003372137207356074,0.822229574651912,0.023952042748135127,120
2480,1788994006.8015413,-3.0943070560584327,-5.959583416378289,1.4314597080098377,-3.8552815583225173,-6.3166297884462725,1.4314597080098377,-3.0552815583225175,-5.716629788446272,1.4064597080098378,0.8405737950370452,0.24606798816356562,0.0,0.02499999999999991,0.9941456091315662,0.0019456935157153854,0.5558587963049503,0.32137934228483356,120
2500,1788994007.9801307,-1.8981544194159985,-1.416649927997312,1.3325162748029955,-2.6592680768899943,-1.7743077811155412,1.3325162748029955,-1.8592680768899943,-1.2493077811155413,1.3325162748029955,0.8409596539017695,0.17180087822258017,0.0,0.0,0.9986489867226691,0.002702026554661674,0.9147089471821368,0.0035350250227214387,120
2520,1788994009.2272735,-1.3092312498374694,2.5964173278973073,1.7402807504208104,-2.076404267329269,2.2752416523515357,1.7402807504208104,-1.326404267329269,2.750241652351536,1.8152807504208106,0.8316899983345692,0.1547799577580167,0.0,0.07500000000000018,0.9860395294675811,0.0013266767856572326,0.7588333943238676,0.04439826668666653,120
2540,1788994010.4263783,-2.6024654328135126,3.7799892471241394,-2.6979468185409363,-3.440679412805048,3.405938932908415,-2.6979468185409363,-2.690679412805048,3.705938932908415,-2.5729468185409363,0.9178868741942727,0.11517445594138717,0.0,0.125,0.9871053708715566,0.0037738019831192737,0.42904454432357336,0.06723709646204828,120
2560,1788994011.6056314,-3.3819261793135174,0.8894325888547234,-1.7642200583399301,-4.246204199031398,0.5306282928452429,-1.7642200583399301,-3.4212041990313984,0.830628292845243,-1.78922005833993,0.9357975305600674,0.07071568469674072,0.0,0.02499999999999991,0.9692291768160334,0.00817741266823846,0.7493800783597534,0.01071946026668772,120
2580,1788994012.7786617,-4.9071013178599685,-0.46168259748573526,2.8640763468529937,-5.791328217307485,-0.7875183691704675,2.8640763468529937,-4.991328217307485,-0.43751836917046744,2.7890763468529935,0.9423513993282725,0.0876246570356453,0.0,0.07500000000000018,0.9918939203360149,0.00180135103644119,0.5401996487406425,0.0173746204463387,120
2600,1788994013.952171,-6.149741524733827,2.411786510797926,1.6539624790248821,-7.036322575293241,2.076896257019874,1.6539624790248821,-6.161322575293241,2.576896257019874,1.6289624790248822,0.9477222384678764,0.16551540420618185,0.0,0.02499999999999991,0.9869610283922825,0.010764625219706003,0.883535126354629,0.017405310463206834,120
2620,1788994015.127143,-5.362015608304103,6.474242711249193,0.98913481219062,-6.25164001769493,6.112095971634064,0.98913481219062,-5.27664001769493,6.612095971634064,0.93913481219062,0.9605112444931848,0.1621496619503228,0.0,0.050000000000000044,0.9887415560222428,0.0031036913304247626,0.7757320800258328,0.026589740343629962,120
2640,1788994016.3017144,-2.095267488030466,7.339461047097816,-0.48137310471211503,-2.989170721119437,6.933345758944325,-0.48137310471211503,-1.889170721119437,7.208345758944326,-0.5563731047121151,0.9818312570899892,0.24426849186653588,0.0,0.07500000000000007,0.9927945958542355,0.009457092941316136,0.8758484011897721,2.471526323616823e-05,120
2660,1788994017.4526188,0.4218347237805656,3.7827210642910885,-1.2065799145196314,-0.46766295158830573,3.362667202675081,-1.2065799145196314,0.4573370484116943,3.812667202675081,-1.2315799145196313,0.9836927168303861,0.046445519249194316,0.0,0.02499999999999991,0.976906227430086,0.0007278108918248316,0.8292857987907556,2.2248654529138104e-14,120
2680,1788994018.6035848,1.3711906867646355,-0.6056317366521751,-1.531760032572719,0.47777327076633624,-1.0286363067514572,-1.531760032572719,1.3777732707663364,-0.6536363067514572,-1.531760032572719,0.9884976203987325,0.04845378377955991,0.0,0.0,0.9675817696947026,0.0007866035551018502,0.9663479296603162,0.014305624139397354,120
2700,1788994019.7828956,0.9234388386340463,-5.13440684395168,-1.7661132764048495,0.02789435389412187,-5.564671743450345,-1.7661132764048495,0.8778943538941218,-5.289671743450345,-1.7411132764048496,0.9935430578936643,0.1618069501182062,0.0,0.02499999999999991,0.9923442580951252,0.004503377591102864,0.8894485852627633,0.049030310565080636,120
2720,1788994020.9789164,-0.14368864557969055,-9.225047506786252,-2.061453644449781,-1.021569800217069,-9.606520792316639,-2.061453644449781,-0.17156980021706897,-9.306520792316638,-2.0864536444497808,0.9571818997666037,0.08611187513362602,0.0,0.02499999999999991,0.9932449336133456,0.0031523643137719715,0.9276223736768398,0.09261789241319447,120
2740,1788994022.1793911,-2.4429101410429794,-9.611519646531871,2.2305637077132854,-3.3876901867715747,-10.004382521222126,2.2305637077132854,-2.5126901867715743,-9.504382521222126,2.180563707713285,1.0232060267203364,0.12785780539928218,0.0,0.050000000000000266,0.9748540949648449,0.0011431084327104823,0.8574110742990104,0.011876431727653665,120
2760,1788994023.3766904,-3.016281147248106,-5.493687754717524,1.3527058423513258,-3.9514437104811715,-5.890764101137936,1.3527058423513258,-2.8514437104811714,-5.090764101137935,1.327705842351326,1.0159717735051603,0.4353376289431194,0.0,0.02499999999999991,0.951464309280711,0.014550118475749052,0.6013400745501819,0.1999506560066425,120
2780,1788994024.551673,-1.7969334377316515,-1.039355556363097,1.3233910336686456,-2.7328347520312755,-1.434525272870795,1.3233910336686456,-1.7328347520312755,-0.7845252728707948,1.3483910336686455,1.015908644983661,0.26276817709395994,0.0,0.02499999999999991,0.9941699456232399,0.0013753497690044414,0.9391961423848006,1.7602437040970306e-06,120
2800,1788994025.707298,-1.3624159735514563,2.8711202859510334,1.83450036354245,-2.300984772665422,2.4310691902929125,1.83450036354245,-1.3759847726654222,2.9060691902929126,1.8595003635424499,1.0366081021582576,0.03749050845338031,0.0,0.02499999999999991,0.9914435825769046,0.00180135103644119,0.9099799873652124,0.0234934228968736,120
2820,1788994026.8764408,-2.752771449636973,3.6717976055492683,-2.4744273787789135,-3.7932556787710405,3.2400166932124685,-2.4744273787789135,-2.8432556787710404,3.590016693212468,-2.3494273787789135,1.126517726152196,0.1219652136661342,0.0,0.125,0.9864898672266913,0.0022273523038777165,0.4408174756869624,0.0394742055847933,120
2840,1788994028.0795813,-3.482447094266349,0.5133381782913045,-1.9439970216349107,-4.534429204897978,0.11989719211461358,-1.9439970216349107,-3.509429204897978,0.4198971921146136,-1.9939970216349108,1.1231483297822527,0.09725868697350379,0.0,0.050000000000000044,0.9778621167993425,0.009666073862958036,0.7030350337455895,0.009721969846335441,120
2860,1788994029.3059406,-5.131394994599539,-0.3479701242268831,2.6470675112765227,-6.251885061748225,-0.7854448216279497,2.6470675112765227,-5.201885061748225,-0.18544482162794965,2.5720675112765226,1.2028641242655056,0.1771533898955963,0.0,0.07500000000000018,0.9220730559476261,0.0028039076853509926,0.5825768000174744,0.020892474483996566,120
2880,1788994030.507417,-6.181100439649482,3.1505882558251774,1.568757835548178,-7.298202089923923,2.7071765868621003,1.568757835548178,-6.198202089923923,3.3071765868621004,1.543757835548178,1.2018860200611794,0.15751943327424156,0.0,0.02499999999999991,0.9882912182631325,0.00853208093142177,0.916560364792948,0.01851336107488427,120
2900,1788994031.7021601,-5.045292485948809,6.890025098761596,0.8123207746518935,-6.185210533763087,6.3939840698967885,0.8123207746518935,-4.935210533763087,6.993984069896788,0.7373207746518935,1.2431692797241936,0.15141170323494615,0.0,0.07499999999999996,0.9856135282001445,0.0040287033403190176,0.774961169932847,0.025165935906162343,120
2920,1788994032.881496,-1.4586919576338602,6.899425646135259,-0.7174002955535541,-2.5799879005083604,6.3915855941340425,-0.7174002955535541,-1.3799879005083602,6.816585594134042,-0.7424002955535542,1.2309370860947413,0.11426636785851842,0.0,0.025000000000000133,0.9669435825769045,0.008057406680637813,0.9026523367493517,2.731771736593519e-19,120
2940,1788994034.0554361,0.6930886611857171,2.9544059784437997,-1.2688924880229995,-0.4317714482339279,2.443108190346443,-1.2688924880229995,0.6932285517660722,3.543108190346443,-1.2688924880229995,1.2356114655816466,0.5887022285234187,0.0,0.0,0.9475483034180285,0.0012011206697540855,0.9180162093085169,3.182725854036036e-13,120
2960,1788994035.2267275,1.3988405482969666,-1.5072332756688538,-1.5868480326783758,0.2702888610387375,-2.020886407979217,-1.5868480326783758,1.3952888610387375,-1.7208864079792172,-1.6118480326783757,1.2399469549725275,0.21368265121064445,0.0,0.02499999999999991,0.9875244473751249,0.0024421386272275303,0.9505377079890927,0.01828093704452601,120
2980,1788994036.4034753,0.7420833173933571,-6.132796760224634,-1.7629713923031702,-0.3875340405333,-6.647284739262366,-1.7629713923031702,0.7124659594667001,-6.297284739262365,-1.7629713923031702,1.2412627666628573,0.1671331299846706,0.0,0.0,0.9950462846497868,0.0013510132773310035,0.9200826257784704,0.006479593778403891,120
3000,1788994037.627102,-0.5101173344689668,-9.740927130302133,-2.330330157691966,-1.648207939715863,-10.250539084606721,-2.330330157691966,-0.6232079397158631,-9.875539084606721,-2.4303301576919663,1.2469781753187938,0.17581201107094477,0.0,0.10000000000000009,0.9945959468906764,0.000900675518220484,0.6973938154279928,0.029104359849017814,120
3020,1788994038.8522372,-2.862965179305904,-8.80299628581189,1.9229235172251171,-4.049248662983107,-9.315008700653063,1.9229235172251171,-2.949248662983107,-8.615008700653064,1.872923517225117,1.2920623888175102,0.20684335070125173,0.0,0.050000000000000044,0.9862290318450097,0.013674685012715071,0.8122087487100544,0.013752490748159159,120
3040,1788994040.0325916,-2.6811136699882,-4.280306391671582,1.2877467027976484,-3.861104028894414,-4.787988713229325,1.2877467027976484,-2.636104028894414,-4.137988713229325,1.2877467027976484,1.2845694168607145,0.14926549965944882,0.0,0.0,0.9963972979271177,0.0004503377591104085,0.8983821513628882,0.006986860788644115,120
3060,1788994041.226895,-1.5174610332955116,0.2626289040505756,1.3824156773777512,-2.697624972128016,-0.23863439774336448,1.3824156773777512,-1.472624972128016,0.4113656022566356,1.3824156773777512,1.2822058416050108,0.15534760305281822,0.0,0.0,0.9928189323459091,2.4336491673770944e-05,0.7954677549211299,6.676578464563617e-05,120
3080,1788994042.405056,-1.6046827681485458,3.4682337594513823,2.209715993770053,-2.7778180652288285,2.8585777096978555,2.209715993770053,-1.6528180652288285,3.508577709697856,2.2597159937700533,1.322091874363018,0.06280637823101247,0.0,0.050000000000000266,0.9882912182631325,0.00360270207288238,0.6615330300198486,0.023163985878302765,120
3100,1788994043.5788264,-3.1115062223266174,3.046517554001716,-1.8052337847425113,-4.388752498915909,2.4247117657509683,-1.8052337847425113,-3.138752498915909,2.9747117657509685,-1.7552337847425112,1.4205634408090835,0.07680124227049573,0.0,0.050000000000000044,0.9664028076591914,0.00031473391566605446,0.7726635676495326,0.008666679179973043,120
3120,1788994044.7519734,-3.7484732474721687,0.04305297141093334,-2.182546364049918,-5.0061243609581085,-0.4989631284688859,-2.182546364049918,-3.8311243609581083,-0.09896312846888589,-2.2575463640499183,1.3694771906758267,0.16431609533317315,0.0,0.07500000000000018,0.9896422315404633,0.000900675518220484,0.4885501053310327,0.012480201458679145,120
3140,1788994045.92702,-5.603269552067103,0.10955611765962425,2.0990768576784338,-6.910914575160774,-0.43596012655168576,2.0990768576784338,-5.685914575160774,0.23903987344831432,2.0240768576784336,1.4168710171077892,0.15361068600621,0.0,0.07500000000000018,0.9825341733613934,0.0035592186454956876,0.6424185152619003,0.018006049020298818,120
3160,1788994047.1582978,-6.1465235804337865,4.532686335125912,1.493866175497561,-7.452256535112084,3.1423161020006694,1.493866175497561,-6.152256535112084,4.442316102000669,1.3938661754975612,1.9073719967782,0.09055189564252164,0.0,0.09999999999999985,0.5544504958605179,0.004670883153154892,0.8649073985215857,0.02437010267085667,120
3180,1788994048.3520403,-4.8411118899699055,8.33931374641799,0.812325207354474,-6.403973707957706,5.869179383850595,0.812325207354474,-5.653973707957706,6.969179383850595,1.412325207354474,2.923029392814989,1.5931140909019643,0.0,0.6000000000000002,0.38506657318511445,0.0007797263164100454,0.7482716045833065,0.12232090493833694,120
